id,survey_date,wearable_coverage,w_mean_steps,w_mean_hr,w_mean_sleep_minutes,w_mean_sleep_score,w_sleep_nights_n,w_mean_sleep_minutes_tib,w_bedtime_raw,w_waketime_raw,w_walk_n_all,w_walk_mean_all,w_walk_total_all,w_walk_n_10,w_walk_mean_10,w_walk_total_10,w_walk_yn,n_weeks_responded,n_valid_days,n_total_days,coverage_ratio
S001,2022-09-04,1.0,7466.142857142857,71.59884998321249,469.6,80.2,5,521.2,28.855319292272217,550.896838238447,5.0,17.57333333333333,87.86666666666666,5.0,17.57333333333333,87.86666666666666,1.0,10,67,67,1.0
S001,2022-09-10,1.0,8502.857142857143,69.0332064451291,423.1428571428572,79.71428571428571,7,473.4285714285714,48.63582281655016,522.5226215103024,8.0,25.454166666666666,203.63333333333333,8.0,25.454166666666666,203.63333333333333,1.0,10,67,67,1.0
S001,2022-09-17,1.0,7569.0,70.43010537653798,449.5,79.33333333333333,6,511.3333333333333,32.95126771008138,543.3864479082534,2.0,16.641666666666666,33.28333333333333,2.0,16.641666666666666,33.28333333333333,1.0,10,67,67,1.0
S001,2022-09-24,1.0,8527.0,76.9088957655587,454.3333333333333,81.5,6,498.6666666666667,7.2646640102077376,505.848500691272,3.0,25.294444444444448,75.88333333333334,3.0,25.294444444444448,75.88333333333334,1.0,10,67,67,1.0
S001,2022-10-01,1.0,9036.714285714286,74.4449270996599,407.57142857142856,74.0,7,442.7142857142857,75.32814404875093,517.6652483559731,0.0,,0.0,0.0,,0.0,0.0,10,67,67,1.0
S001,2022-10-08,1.0,7195.571428571428,69.12812321001954,395.3333333333333,78.5,6,451.6666666666667,83.79798420879237,534.4791605960696,4.0,31.495833333333334,125.98333333333332,4.0,31.495833333333334,125.98333333333332,1.0,10,67,67,1.0
S001,2022-10-17,1.0,8759.57142857143,71.81766427156914,485.5,81.5,6,557.8333333333334,1436.7599958518874,553.0529235892964,4.0,25.566666666666663,102.26666666666668,4.0,25.566666666666663,102.26666666666668,1.0,10,67,67,1.0
S001,2022-10-22,1.0,6800.0,70.14385052925476,385.2,77.8,5,428.4,89.10549841277954,517.6169278254251,0.0,,0.0,0.0,,0.0,0.0,10,67,67,1.0
S001,2022-10-29,1.0,6399.142857142857,66.96527146361105,436.3333333333333,79.16666666666667,6,499.3333333333333,51.3514416802516,545.2042079433786,2.0,34.50833333333333,69.01666666666667,2.0,34.50833333333333,69.01666666666667,1.0,10,67,67,1.0
S001,2022-11-05,1.0,9381.285714285714,73.52358659932236,450.8,79.0,5,490.2,1383.6507786909954,433.22560426558726,4.0,40.35,161.4,4.0,40.35,161.4,1.0,10,67,67,1.0
S004,2022-09-04,0.7142857142857143,5251.4,85.88297916909946,,,0,,,,4.0,22.6125,90.45,4.0,22.6125,90.45,1.0,10,60,66,0.9090909090909092
S004,2022-09-10,0.4285714285714285,2855.333333333333,98.65175011467484,,,0,,,,1.0,19.633333333333333,19.633333333333333,1.0,19.633333333333333,19.633333333333333,1.0,10,60,66,0.9090909090909092
S004,2022-09-20,1.0,3520.1428571428573,84.3284718364355,,,0,,,,2.0,17.925,35.85,2.0,17.925,35.85,1.0,10,60,66,0.9090909090909092
S004,2022-09-25,1.0,4604.0,87.20824144717895,,,0,,,,0.0,,0.0,0.0,,0.0,0.0,10,60,66,0.9090909090909092
S004,2022-10-02,1.0,7691.714285714285,89.56520609191658,,,0,,,,3.0,23.32777777777778,69.98333333333333,3.0,23.32777777777778,69.98333333333333,1.0,10,60,66,0.9090909090909092
S004,2022-10-09,1.0,4344.142857142857,88.60945840880302,,,0,,,,1.0,40.4,40.4,1.0,40.4,40.4,1.0,10,60,66,0.9090909090909092
S004,2022-10-15,0.8571428571428571,2610.0,83.51026990484775,,,0,,,,1.0,29.866666666666667,29.866666666666667,1.0,29.866666666666667,29.866666666666667,1.0,10,60,66,0.9090909090909092
S004,2022-10-22,1.0,9513.142857142857,91.80178280802402,,,0,,,,5.0,56.85666666666666,284.2833333333333,5.0,56.85666666666666,284.2833333333333,1.0,10,60,66,0.9090909090909092
S004,2022-10-30,1.0,11096.857142857143,90.74490786190628,,,0,,,,7.0,29.511904761904763,206.58333333333331,7.0,29.511904761904763,206.58333333333331,1.0,10,60,66,0.9090909090909092
S004,2022-11-06,1.0,5740.571428571428,93.62449436278858,,,0,,,,10.0,22.701666666666668,227.01666666666668,10.0,22.701666666666668,227.01666666666668,1.0,10,60,66,0.9090909090909092
S006,2022-09-03,0.0,,,,,0,,,,,,,,,,,11,0,75,0.0
S006,2022-09-10,0.0,,,,,0,,,,,,,,,,,11,0,75,0.0
S006,2022-09-19,0.0,,,,,0,,,,,,,,,,,11,0,75,0.0
S006,2022-09-24,0.0,,,,,0,,,,,,,,,,,11,0,75,0.0
S006,2022-10-01,0.0,,,,,0,,,,,,,,,,,11,0,75,0.0
S006,2022-10-08,0.0,,,,,0,,,,,,,,,,,11,0,75,0.0
S006,2022-10-15,0.0,,,,,0,,,,,,,,,,,11,0,75,0.0
S006,2022-10-22,0.0,,,,,0,,,,,,,,,,,11,0,75,0.0
S006,2022-10-29,0.0,,,,,0,,,,,,,,,,,11,0,75,0.0
S006,2022-11-05,0.0,,,,,0,,,,,,,,,,,11,0,75,0.0
S006,2022-11-12,0.0,,,,,0,,,,,,,,,,,11,0,75,0.0
S007,2022-09-03,0.0,,,,,0,,,,,,,,,,,10,17,70,0.2428571428571428
S007,2022-09-10,0.0,,,,,0,,,,,,,,,,,10,17,70,0.2428571428571428
S007,2022-09-17,0.0,,,,,0,,,,,,,,,,,10,17,70,0.2428571428571428
S007,2022-09-24,0.0,,,,,0,,,,,,,,,,,10,17,70,0.2428571428571428
S007,2022-10-01,0.0,,,,,0,,,,,,,,,,,10,17,70,0.2428571428571428
S007,2022-10-08,1.0,11403.0,86.97860442738745,,,0,,,,0.0,,0.0,0.0,,0.0,0.0,10,17,70,0.2428571428571428
S007,2022-10-15,0.8571428571428571,8656.5,83.8214028894085,,,0,,,,0.0,,0.0,0.0,,0.0,0.0,10,17,70,0.2428571428571428
S007,2022-10-22,0.5714285714285714,7056.0,89.23641756195501,,,0,,,,0.0,,0.0,0.0,,0.0,0.0,10,17,70,0.2428571428571428
S007,2022-10-29,0.0,,,,,0,,,,,,,,,,,10,17,70,0.2428571428571428
S007,2022-11-05,0.0,,,,,0,,,,,,,,,,,10,17,70,0.2428571428571428
S008,2022-09-03,0.7142857142857143,12888.2,84.27349894771571,,,0,,,,0.0,,0.0,0.0,,0.0,0.0,11,46,71,0.647887323943662
S008,2022-09-10,0.8571428571428571,11712.333333333334,92.82833630766584,,,0,,,,0.0,,0.0,0.0,,0.0,0.0,11,46,71,0.647887323943662
S008,2022-09-19,0.4285714285714285,6819.333333333333,89.8754311428155,,,0,,,,0.0,,0.0,0.0,,0.0,0.0,11,46,71,0.647887323943662
S008,2022-09-25,0.0,,,,,0,,,,,,,,,,,11,46,71,0.647887323943662
S008,2022-10-04,0.8571428571428571,8748.0,87.13072918469392,352.3333333333333,68.33333333333333,3,419.3333333333333,226.33389649624533,646.4149790362087,2.0,40.13333333333333,80.26666666666667,2.0,40.13333333333333,80.26666666666667,1.0,11,46,71,0.647887323943662
S008,2022-10-08,1.0,9537.857142857143,80.23416713638014,386.2,72.0,5,462.0,154.71704432459086,618.8913705030411,4.0,33.079166666666666,132.31666666666666,4.0,33.079166666666666,132.31666666666666,1.0,11,46,71,0.647887323943662
S008,2022-10-15,1.0,7802.142857142857,74.8882992623585,398.8333333333333,76.5,6,470.6666666666667,130.0443844785862,600.6241426687552,4.0,21.12083333333333,84.48333333333332,4.0,21.12083333333333,84.48333333333332,1.0,11,46,71,0.647887323943662
S008,2022-10-23,0.0,,,,,0,,,,,,,,,,,11,46,71,0.647887323943662
S008,2022-10-29,0.2857142857142857,14767.5,84.14910790070338,395.0,73.0,1,473.0,129.0,602.0,2.0,21.766666666666666,43.53333333333333,2.0,21.766666666666666,43.53333333333333,1.0,11,46,71,0.647887323943662
S008,2022-11-09,1.0,9241.0,80.30839720302609,411.1428571428572,77.71428571428571,7,472.8571428571428,114.82637591220298,587.8521523603729,1.0,17.916666666666668,17.916666666666668,1.0,17.916666666666668,17.916666666666668,1.0,11,46,71,0.647887323943662
S008,2022-11-15,1.0,11338.57142857143,84.74448789316486,415.57142857142856,74.42857142857143,7,498.8571428571428,84.86815503699623,584.0522359366802,2.0,19.625,39.25,2.0,19.625,39.25,1.0,11,46,71,0.647887323943662
S012,2022-09-03,0.7142857142857143,7651.6,84.59980532558605,546.0,86.0,1,594.0,339.0,933.0,0.0,,0.0,0.0,,0.0,0.0,10,42,69,0.6086956521739131
S012,2022-09-10,1.0,9420.42857142857,81.81073359001891,368.0,76.33333333333333,6,419.8333333333333,199.82680573090627,620.4135627975139,2.0,21.333333333333336,42.66666666666667,2.0,21.333333333333336,42.66666666666667,1.0,10,42,69,0.6086956521739131
S012,2022-09-17,1.0,8198.714285714286,77.04268001888052,289.0,74.33333333333333,3,332.0,78.94477158352254,411.3308752211811,2.0,24.4,48.8,2.0,24.4,48.8,1.0,10,42,69,0.6086956521739131
S012,2022-09-24,0.8571428571428571,7618.333333333333,79.51190767411619,424.0,79.5,2,480.0,19.5,499.5,1.0,21.65,21.65,1.0,21.65,21.65,1.0,10,42,69,0.6086956521739131
S012,2022-10-01,0.8571428571428571,7017.666666666667,82.53923346780476,331.0,75.0,2,370.0,204.0,574.0,2.0,24.75,49.5,2.0,24.75,49.5,1.0,10,42,69,0.6086956521739131
S012,2022-10-08,0.5714285714285714,4904.0,78.89009945515208,,,0,,,,0.0,,0.0,0.0,,0.0,0.0,10,42,69,0.6086956521739131
S012,2022-10-15,0.2857142857142857,1285.5,72.47051020408163,,,0,,,,0.0,,0.0,0.0,,0.0,0.0,10,42,69,0.6086956521739131
S012,2022-10-23,0.0,,,,,0,,,,,,,,,,,10,42,69,0.6086956521739131
S012,2022-10-29,0.5714285714285714,9736.25,85.68257699459409,,,0,,,,1.0,23.05,23.05,1.0,23.05,23.05,1.0,10,42,69,0.6086956521739131
S012,2022-11-06,0.1428571428571428,8094.0,84.00016803898504,,,0,,,,0.0,,0.0,0.0,,0.0,0.0,10,42,69,0.6086956521739131
S013,2022-09-03,1.0,3980.0,89.86145542454292,425.7142857142857,77.57142857142857,7,510.4285714285714,162.62268104751516,667.5367701749905,2.0,21.33333333333333,42.66666666666666,2.0,21.33333333333333,42.66666666666666,1.0,11,62,64,0.96875
S013,2022-09-11,1.0,6897.0,88.76077542800628,424.0,76.28571428571429,7,504.57142857142856,226.2782780112852,803.941544829678,6.0,24.07777777777777,144.46666666666664,6.0,24.07777777777777,144.46666666666664,1.0,11,62,64,0.96875
S013,2022-09-18,1.0,10024.285714285714,93.08632527520504,358.5,74.83333333333333,6,423.3333333333333,171.06023404670805,687.7577736910459,5.0,38.586666666666666,192.9333333333333,5.0,38.586666666666666,192.9333333333333,1.0,11,62,64,0.96875
S013,2022-09-28,0.7142857142857143,8798.6,83.32872716676673,425.5,79.0,2,512.0,138.5,650.5000000000001,3.0,39.82222222222223,119.46666666666668,3.0,39.82222222222223,119.46666666666668,1.0,11,62,64,0.96875
S013,2022-10-03,1.0,8465.714285714286,85.08972856008845,386.0,77.5,2,444.5,315.0,759.4999999999999,1.0,88.73333333333333,88.73333333333333,1.0,88.73333333333333,88.73333333333333,1.0,11,62,64,0.96875
S013,2022-10-19,1.0,7085.428571428572,88.37666946311982,404.2857142857143,78.28571428571429,7,479.57142857142856,232.1251815213716,714.0905340092088,3.0,36.11666666666667,108.35,3.0,36.11666666666667,108.35,1.0,11,62,64,0.96875
S013,2022-10-24,1.0,5551.0,86.89936052890684,437.1666666666667,81.0,6,520.3333333333334,206.59343746830885,728.0700603394381,3.0,23.33888888888889,70.01666666666667,3.0,23.33888888888889,70.01666666666667,1.0,11,62,64,0.96875
S013,2022-10-28,1.0,5113.0,86.4033326678521,429.0,74.85714285714286,7,519.1428571428571,199.2526899813624,716.5989606947159,1.0,16.25,16.25,1.0,16.25,16.25,1.0,11,62,64,0.96875
S013,2022-11-01,1.0,6630.857142857143,88.45170487066132,353.42857142857144,69.0,7,433.0,194.92719077645657,628.1400336375534,1.0,15.366666666666667,15.366666666666667,1.0,15.366666666666667,15.366666666666667,1.0,11,62,64,0.96875
S013,2022-11-08,1.0,5330.428571428572,87.70072875344373,401.57142857142856,79.14285714285714,7,464.2857142857143,246.82001605775596,710.9551737500005,1.0,16.216666666666665,16.216666666666665,1.0,16.216666666666665,16.216666666666665,1.0,11,62,64,0.96875
S013,2022-11-12,1.0,7498.285714285715,88.86704539290224,411.8571428571428,75.0,7,487.8571428571428,159.83212492226053,653.2419770680425,3.0,24.772222222222226,74.31666666666666,3.0,24.772222222222226,74.31666666666666,1.0,11,62,64,0.96875
S015,2022-09-03,0.0,,,,,0,,,,,,,,,,,10,0,68,0.0
S015,2022-09-10,0.0,,,,,0,,,,,,,,,,,10,0,68,0.0
S015,2022-09-18,0.0,,,,,0,,,,,,,,,,,10,0,68,0.0
S015,2022-09-24,0.0,,,,,0,,,,,,,,,,,10,0,68,0.0
S015,2022-10-01,0.0,,,,,0,,,,,,,,,,,10,0,68,0.0
S015,2022-10-08,0.0,,,,,0,,,,,,,,,,,10,0,68,0.0
S015,2022-10-16,0.0,,,,,0,,,,,,,,,,,10,0,68,0.0
S015,2022-10-22,0.0,,,,,0,,,,,,,,,,,10,0,68,0.0
S015,2022-10-29,0.0,,,,,0,,,,,,,,,,,10,0,68,0.0
S015,2022-11-05,0.0,,,,,0,,,,,,,,,,,10,0,68,0.0
S016,2022-09-03,1.0,1423.2857142857142,96.9472818747976,,,0,,,,1.0,22.183333333333334,22.183333333333334,1.0,22.183333333333334,22.183333333333334,1.0,11,49,71,0.6901408450704225
S016,2022-09-11,0.5714285714285714,2825.75,88.98068594389088,374.5,76.75,4,444.75,123.4676876720715,568.654434883317,0.0,,0.0,0.0,,0.0,0.0,11,49,71,0.6901408450704225
S016,2022-09-17,0.8571428571428571,4347.5,93.80458157527733,460.0,78.0,1,540.0,1336.0,436.0,3.0,15.666666666666666,47.0,3.0,15.666666666666666,47.0,1.0,11,49,71,0.6901408450704225
S016,2022-09-24,1.0,3433.428571428572,79.54607732696856,429.0,82.4,5,489.4,107.71191747214058,597.5349241060818,1.0,18.766666666666666,18.766666666666666,1.0,18.766666666666666,18.766666666666666,1.0,11,49,71,0.6901408450704225
S016,2022-10-03,0.0,,,,,0,,,,,,,,,,,11,49,71,0.6901408450704225
S016,2022-10-09,0.0,,,,,0,,,,,,,,,,,11,49,71,0.6901408450704225
S016,2022-10-15,0.7142857142857143,2088.8,80.7126676579459,483.3333333333333,78.66666666666667,3,573.0,41.02649299930482,613.631573700161,0.0,,0.0,0.0,,0.0,0.0,11,49,71,0.6901408450704225
S016,2022-10-23,1.0,3814.857142857143,79.59325344689496,,,0,,,,0.0,,0.0,0.0,,0.0,0.0,11,49,71,0.6901408450704225
S016,2022-10-29,0.2857142857142857,2747.5,76.8978073984994,,,0,,,,0.0,,0.0,0.0,,0.0,0.0,11,49,71,0.6901408450704225
S016,2022-11-07,1.0,3576.714285714286,81.15186352913597,487.25,86.75,4,554.25,42.0671513819982,596.0435662831162,0.0,,0.0,0.0,,0.0,0.0,11,49,71,0.6901408450704225
S016,2022-11-12,1.0,2826.1428571428573,84.35712017064328,467.0,86.33333333333333,3,530.3333333333334,118.5697431664992,649.60630277813,0.0,,0.0,0.0,,0.0,0.0,11,49,71,0.6901408450704225
S019,2022-09-03,1.0,10147.42857142857,80.45867178438107,422.2857142857143,80.28571428571429,7,472.7142857142857,30.94277115892393,503.5416305235718,8.0,20.154166666666665,161.23333333333332,8.0,20.154166666666665,161.23333333333332,1.0,11,68,75,0.9066666666666666
S019,2022-09-10,1.0,8708.57142857143,74.83447521586517,452.57142857142856,85.57142857142857,7,499.8571428571428,28.920316397889856,530.8329344067531,5.0,16.373333333333335,81.86666666666667,5.0,16.373333333333335,81.86666666666667,1.0,11,68,75,0.9066666666666666
S019,2022-09-17,1.0,6232.857142857143,74.91395755008814,482.3333333333333,84.16666666666667,6,545.1666666666666,3.374446142294635,553.3957981203757,5.0,19.45,97.25,5.0,19.45,97.25,1.0,11,68,75,0.9066666666666666
S019,2022-09-24,1.0,8178.142857142857,77.58472597116041,464.2857142857143,81.28571428571429,7,509.7142857142857,1416.0056302552048,483.62033886960336,7.0,21.454761904761902,150.18333333333334,7.0,21.454761904761902,150.18333333333334,1.0,11,68,75,0.9066666666666666
S019,2022-10-01,1.0,8951.42857142857,81.39328910943571,460.8571428571428,82.71428571428571,7,510.57142857142856,1427.9934195646729,500.5084343223586,6.0,18.48611111111111,110.91666666666666,6.0,18.48611111111111,110.91666666666666,1.0,11,68,75,0.9066666666666666
S019,2022-10-09,1.0,8606.142857142857,74.67268626534106,303.57142857142856,77.14285714285714,7,338.7142857142857,124.96002894056352,466.5975779888934,4.0,20.479166666666664,81.91666666666666,4.0,20.479166666666664,81.91666666666666,1.0,11,68,75,0.9066666666666666
S019,2022-10-15,1.0,7366.0,74.57899146787993,275.8333333333333,68.16666666666667,6,317.8333333333333,156.81297312579918,473.7924212201657,3.0,19.91111111111111,59.73333333333333,3.0,19.91111111111111,59.73333333333333,1.0,11,68,75,0.9066666666666666
S019,2022-10-22,1.0,6838.285714285715,78.16878625594863,345.1666666666667,77.0,6,385.6666666666667,62.48266090541755,450.7415858382512,3.0,16.494444444444444,49.48333333333333,3.0,16.494444444444444,49.48333333333333,1.0,11,68,75,0.9066666666666666
S019,2022-10-30,1.0,7657.0,73.48437621590948,449.0,83.0,7,503.4285714285714,1431.032169286816,491.79114016141,0.0,,0.0,0.0,,0.0,0.0,11,68,75,0.9066666666666666
S019,2022-11-05,1.0,6235.285714285715,73.75328911862643,478.7142857142857,83.28571428571429,7,543.4285714285714,9.16777712503773,556.134079215609,1.0,18.766666666666666,18.766666666666666,1.0,18.766666666666666,18.766666666666666,1.0,11,68,75,0.9066666666666666
S019,2022-11-15,0.0,,,,,0,,,,,,,,,,,11,68,75,0.9066666666666666
S021,2022-09-03,0.0,,,,,0,,,,,,,,,,,10,6,69,0.0869565217391304
S021,2022-09-10,0.0,,,,,0,,,,,,,,,,,10,6,69,0.0869565217391304
S021,2022-09-17,0.0,,,,,0,,,,,,,,,,,10,6,69,0.0869565217391304
S021,2022-09-24,0.0,,,,,0,,,,,,,,,,,10,6,69,0.0869565217391304
S021,2022-10-09,0.8571428571428571,5681.833333333333,82.98951572754848,427.1666666666667,74.0,6,511.0,173.68416711681823,690.5199941630599,0.0,,0.0,0.0,,0.0,0.0,10,6,69,0.0869565217391304
S021,2022-10-15,0.0,,,,,0,,,,,,,,,,,10,6,69,0.0869565217391304
S021,2022-10-22,0.0,,,,,0,,,,,,,,,,,10,6,69,0.0869565217391304
S021,2022-10-29,0.0,,,,,0,,,,,,,,,,,10,6,69,0.0869565217391304
S021,2022-11-05,0.0,,,,,0,,,,,,,,,,,10,6,69,0.0869565217391304
S021,2022-11-12,0.0,,,,,0,,,,,,,,,,,10,6,69,0.0869565217391304
S026,2022-09-03,0.5714285714285714,8912.5,98.2645759185112,,,0,,,,1.0,16.316666666666666,16.316666666666666,1.0,16.316666666666666,16.316666666666666,1.0,7,32,48,0.6666666666666666
S026,2022-09-10,0.8571428571428571,1892.8333333333333,92.44994451915646,,,0,,,,0.0,,0.0,0.0,,0.0,0.0,7,32,48,0.6666666666666666
S026,2022-09-17,0.7142857142857143,4766.4,89.68852371521905,,,0,,,,2.0,15.791666666666666,31.58333333333333,2.0,15.791666666666666,31.58333333333333,1.0,7,32,48,0.6666666666666666
S026,2022-09-24,0.8571428571428571,6104.166666666667,91.24528935388771,,,0,,,,4.0,17.925,71.7,4.0,17.925,71.7,1.0,7,32,48,0.6666666666666666
S026,2022-10-01,1.0,7010.285714285715,95.49281751677152,,,0,,,,2.0,29.916666666666668,59.833333333333336,2.0,29.916666666666668,59.833333333333336,1.0,7,32,48,0.6666666666666666
S026,2022-10-09,0.5714285714285714,695.25,96.03785518514104,,,0,,,,0.0,,0.0,0.0,,0.0,0.0,7,32,48,0.6666666666666666
S026,2022-10-15,0.0,,,,,0,,,,,,,,,,,7,32,48,0.6666666666666666
S030,2022-10-01,0.8571428571428571,8654.333333333334,82.91583879366384,411.5,80.0,4,469.25,115.919207777869,584.3882254293649,1.0,48.63333333333333,48.63333333333333,1.0,48.63333333333333,48.63333333333333,1.0,5,34,35,0.9714285714285714
S030,2022-10-11,1.0,5098.285714285715,77.02996118836609,417.1666666666667,83.0,6,467.8333333333333,113.50275345633658,582.5104003584661,3.0,17.650000000000002,52.95,3.0,17.650000000000002,52.95,1.0,5,34,35,0.9714285714285714
S030,2022-10-24,1.0,7779.428571428572,86.76303468835017,342.75,76.75,4,378.5,151.0342383254097,529.4791205522953,4.0,21.125,84.5,4.0,21.125,84.5,1.0,5,34,35,0.9714285714285714
S030,2022-11-05,1.0,3602.5714285714284,80.43051479790583,442.8333333333333,81.33333333333333,6,506.0,137.91118809383028,641.0986380804907,0.0,,0.0,0.0,,0.0,0.0,5,34,35,0.9714285714285714
S030,2022-11-12,1.0,6543.142857142857,86.90576551138012,430.5,83.0,4,485.0,140.56293296039334,625.606488486398,4.0,22.620833333333334,90.48333333333332,4.0,22.620833333333334,90.48333333333332,1.0,5,34,35,0.9714285714285714
S032,2022-09-03,0.0,,,,,0,,,,,,,,,,,3,8,20,0.4
S032,2022-09-11,0.2857142857142857,1092.5,,,,0,,,,0.0,,0.0,0.0,,0.0,0.0,3,8,20,0.4
S032,2022-09-17,1.0,6848.142857142857,88.48588782716709,,,0,,,,0.0,,0.0,0.0,,0.0,0.0,3,8,20,0.4
S033,2022-09-10,0.5714285714285714,4594.25,92.22589433452484,368.0,81.0,1,403.0,71.0,475.0,3.0,29.022222222222226,87.06666666666666,3.0,29.022222222222226,87.06666666666666,1.0,11,4,68,0.0588235294117647
S033,2022-09-17,0.0,,,,,0,,,,,,,,,,,11,4,68,0.0588235294117647
S033,2022-09-24,0.0,,,,,0,,,,,,,,,,,11,4,68,0.0588235294117647
S033,2022-10-07,0.0,,,,,0,,,,,,,,,,,11,4,68,0.0588235294117647
S033,2022-10-08,0.0,,,,,0,,,,,,,,,,,11,4,68,0.0588235294117647
S033,2022-10-15,0.0,,,,,0,,,,,,,,,,,11,4,68,0.0588235294117647
S033,2022-10-23,0.0,,,,,0,,,,,,,,,,,11,4,68,0.0588235294117647
S033,2022-11-01,0.0,,,,,0,,,,,,,,,,,11,4,68,0.0588235294117647
S033,2022-11-05,0.0,,,,,0,,,,,,,,,,,11,4,68,0.0588235294117647
S033,2022-11-12,0.0,,,,,0,,,,,,,,,,,11,4,68,0.0588235294117647
S033,2022-11-20,0.0,,,,,0,,,,,,,,,,,11,4,68,0.0588235294117647
S040,2022-09-10,1.0,7482.428571428572,93.3590156949541,420.0,76.66666666666667,3,504.6666666666667,121.69974781123514,626.6694770608532,2.0,35.85,71.7,2.0,35.85,71.7,1.0,9,62,62,1.0
S040,2022-09-17,1.0,8690.57142857143,93.80446180453472,415.0,74.5,4,481.5,58.10031021080894,742.9013099286567,4.0,22.85833333333333,91.43333333333334,4.0,22.85833333333333,91.43333333333334,1.0,9,62,62,1.0
S040,2022-09-24,1.0,7081.428571428572,95.9454819271008,292.0,65.5,2,340.0,223.0,563.0000000000001,3.0,26.627777777777776,79.88333333333333,3.0,26.627777777777776,79.88333333333333,1.0,9,62,62,1.0
S040,2022-10-02,1.0,11804.285714285714,91.37428058243472,412.0,76.0,2,492.5,194.00000000000003,686.5,6.0,28.75555555555556,172.53333333333336,6.0,28.75555555555556,172.53333333333336,1.0,9,62,62,1.0
S040,2022-10-08,1.0,9095.42857142857,85.098459768092,391.0,78.0,3,448.6666666666667,155.33292682499643,604.8653092460443,8.0,25.397916666666667,203.1833333333333,8.0,25.397916666666667,203.1833333333333,1.0,9,62,62,1.0
S040,2022-10-15,1.0,9671.57142857143,80.43929984563454,331.6,75.0,5,392.2,165.11405160433753,556.851537624451,6.0,21.052777777777777,126.31666666666666,6.0,21.052777777777777,126.31666666666666,1.0,9,62,62,1.0
S040,2022-10-22,1.0,8970.142857142857,85.42767721537307,394.75,76.75,4,460.25,188.9785117115644,651.745478916685,2.0,28.633333333333333,57.266666666666666,2.0,28.633333333333333,57.266666666666666,1.0,9,62,62,1.0
S040,2022-10-30,1.0,9709.0,92.46982805841546,387.5,76.5,4,449.0,141.76566011949842,591.4996478360837,7.0,19.926190476190477,139.48333333333332,7.0,19.926190476190477,139.48333333333332,1.0,9,62,62,1.0
S040,2022-11-12,1.0,10744.857142857143,94.90726931289797,386.0,73.66666666666667,3,445.0,103.74726370582684,547.7164719909802,6.0,21.802777777777777,130.81666666666666,6.0,21.802777777777777,130.81666666666666,1.0,9,62,62,1.0
S041,2022-09-10,0.7142857142857143,9207.8,85.84459593961103,366.0,79.66666666666667,3,411.0,106.0,516.6403296415485,1.0,17.066666666666666,17.066666666666666,1.0,17.066666666666666,17.066666666666666,1.0,14,90,92,0.9782608695652174
S041,2022-09-21,1.0,10392.0,85.66723626157224,301.75,73.75,4,341.25,145.66791036090908,486.84072218897774,4.0,22.258333333333333,89.03333333333333,4.0,22.258333333333333,89.03333333333333,1.0,14,90,92,0.9782608695652174
S041,2022-09-24,1.0,10715.57142857143,85.7683442175748,319.7142857142857,75.0,7,361.1428571428572,144.22642695305026,505.5207750075368,3.0,21.92222222222222,65.76666666666667,3.0,21.92222222222222,65.76666666666667,1.0,14,90,92,0.9782608695652174
S041,2022-10-01,1.0,12892.857142857143,84.58851195760168,379.3333333333333,81.16666666666667,6,422.3333333333333,70.0548032005684,474.7308679483437,4.0,32.49583333333333,129.98333333333332,4.0,32.49583333333333,129.98333333333332,1.0,14,90,92,0.9782608695652174
S041,2022-10-08,1.0,5458.285714285715,77.18476217528432,301.5,81.0,2,334.5,137.0,471.5,0.0,,0.0,0.0,,0.0,0.0,14,90,92,0.9782608695652174
S041,2022-10-15,1.0,7999.571428571428,82.32557764740808,299.5,75.5,2,329.5,225.50000000000003,555.0000000000001,0.0,,0.0,0.0,,0.0,0.0,14,90,92,0.9782608695652174
S041,2022-10-22,1.0,9739.714285714286,85.85615949370958,303.6,75.8,5,336.6,276.041761623824,613.4790250043334,5.0,25.28333333333333,126.41666666666669,5.0,25.28333333333333,126.41666666666669,1.0,14,90,92,0.9782608695652174
S041,2022-10-29,1.0,9992.0,85.88873738127133,381.2857142857143,79.0,7,432.7142857142857,151.20940697408554,584.4802126476502,4.0,27.3625,109.45,4.0,27.3625,109.45,1.0,14,90,92,0.9782608695652174
S041,2022-11-06,1.0,6818.857142857143,83.08586311841472,397.0,77.0,1,458.0,133.99999999999997,592.0,1.0,20.65,20.65,1.0,20.65,20.65,1.0,14,90,92,0.9782608695652174
S041,2022-11-13,1.0,11836.142857142857,87.66885638033172,414.0,80.75,4,457.5,121.24210830500516,579.1744834379922,4.0,23.68333333333333,94.73333333333332,4.0,23.68333333333333,94.73333333333332,1.0,14,90,92,0.9782608695652174
S041,2022-11-19,1.0,9276.857142857143,82.96514331380857,377.6,79.8,5,424.4,194.1632270633599,619.3394852280684,4.0,25.2375,100.95,4.0,25.2375,100.95,1.0,14,90,92,0.9782608695652174
S041,2022-11-27,1.0,8379.714285714286,85.62792253012212,323.0,78.33333333333333,6,360.1666666666667,202.8664742744176,565.3499520868259,2.0,17.925,35.85,2.0,17.925,35.85,1.0,14,90,92,0.9782608695652174
S041,2022-12-03,1.0,9056.285714285714,89.49449875014167,378.5,81.16666666666667,6,418.1666666666667,222.67144977002044,641.5195305731338,2.0,15.791666666666666,31.58333333333333,2.0,15.791666666666666,31.58333333333333,1.0,14,90,92,0.9782608695652174
S041,2022-12-10,1.0,6668.571428571428,88.02165097518821,360.8,81.0,5,403.0,196.32592045734884,599.1808200541694,1.0,16.216666666666665,16.216666666666665,1.0,16.216666666666665,16.216666666666665,1.0,14,90,92,0.9782608695652174
S042,2022-09-10,0.7142857142857143,6754.8,87.0096548671906,,,0,,,,3.0,24.772222222222226,74.31666666666666,3.0,24.772222222222226,74.31666666666666,1.0,9,50,63,0.7936507936507936
S042,2022-09-17,1.0,5347.285714285715,91.8448604300113,338.0,69.5,2,407.0,107.0,514.0000000000001,5.0,19.496666666666663,97.48333333333332,5.0,19.496666666666663,97.48333333333332,1.0,9,50,63,0.7936507936507936
S042,2022-09-24,1.0,9398.42857142857,92.91570429272323,369.0,71.75,4,429.75,111.50697290874244,542.5558318915627,7.0,23.31428571428572,163.20000000000002,7.0,23.31428571428572,163.20000000000002,1.0,9,50,63,0.7936507936507936
S042,2022-10-01,1.0,10461.42857142857,91.49879721771973,351.8,67.6,5,418.8,89.37376750898905,508.30990732224734,6.0,20.1,120.6,6.0,20.1,120.6,1.0,9,50,63,0.7936507936507936
S042,2022-10-08,1.0,5040.571428571428,80.2077507440102,307.3333333333333,69.0,3,357.0,223.21414303972128,580.2266027961762,1.0,15.366666666666667,15.366666666666667,1.0,15.366666666666667,15.366666666666667,1.0,9,50,63,0.7936507936507936
S042,2022-10-15,1.0,8411.42857142857,84.75482833146961,338.8333333333333,67.83333333333333,6,405.1666666666667,217.65437770146437,624.3704583328647,10.0,20.886666666666667,208.86666666666667,10.0,20.886666666666667,208.86666666666667,1.0,9,50,63,0.7936507936507936
S042,2022-10-22,1.0,10184.42857142857,89.37693602323195,347.6666666666667,66.66666666666667,6,411.8333333333333,380.569889765773,921.8013983934574,9.0,19.74074074074074,177.66666666666666,9.0,19.74074074074074,177.66666666666666,1.0,9,50,63,0.7936507936507936
S042,2022-10-29,0.4285714285714285,8936.333333333334,90.21968110926028,450.3333333333333,77.66666666666667,3,527.3333333333334,140.73269183220353,657.4404125434517,4.0,31.816666666666663,127.26666666666668,4.0,31.816666666666663,127.26666666666668,1.0,9,50,63,0.7936507936507936
S042,2022-11-05,0.0,,,,,0,,,,,,,,,,,9,50,63,0.7936507936507936
S049,2022-10-08,0.0,,,,,0,,,,,,,,,,,7,0,40,0.0
S049,2022-10-16,0.0,,,,,0,,,,,,,,,,,7,0,40,0.0
S049,2022-10-31,0.0,,,,,0,,,,,,,,,,,7,0,40,0.0
S049,2022-11-02,0.0,,,,,0,,,,,,,,,,,7,0,40,0.0
S049,2022-11-07,0.0,,,,,0,,,,,,,,,,,7,0,40,0.0
S049,2022-11-14,0.0,,,,,0,,,,,,,,,,,7,0,40,0.0
S049,2022-11-19,0.0,,,,,0,,,,,,,,,,,7,0,40,0.0
S069,2022-10-08,0.5714285714285714,6668.0,74.35613570136154,347.0,80.5,2,387.5,122.5,510.0,6.0,16.50833333333333,99.04999999999998,6.0,16.50833333333333,99.04999999999998,1.0,6,36,39,0.9230769230769232
S069,2022-10-18,1.0,5229.714285714285,74.03407353905423,325.42857142857144,73.57142857142857,7,378.4285714285714,154.16673178661992,533.1046745122435,7.0,17.211904761904766,120.48333333333336,7.0,17.211904761904766,120.48333333333336,1.0,6,36,39,0.9230769230769232
S069,2022-10-23,1.0,5106.571428571428,72.07091609362854,328.2857142857143,75.14285714285714,7,379.4285714285714,150.18850487346185,530.0505190131552,6.0,20.09166666666667,120.55,6.0,20.09166666666667,120.55,1.0,6,36,39,0.9230769230769232
S069,2022-10-31,1.0,7261.428571428572,76.15264625314228,347.57142857142856,76.85714285714286,7,394.2857142857143,145.41630194813615,539.8071794747576,10.0,19.456666666666667,194.56666666666663,10.0,19.456666666666667,194.56666666666663,1.0,6,36,39,0.9230769230769232
S069,2022-11-06,1.0,7363.428571428572,74.69473614329887,368.4285714285714,79.0,7,416.8571428571428,169.8513018900348,587.4011590978857,11.0,18.79090909090909,206.7,11.0,18.79090909090909,206.7,1.0,6,36,39,0.9230769230769232
S069,2022-11-15,1.0,5488.428571428572,75.08019238809524,350.57142857142856,77.57142857142857,7,398.8571428571428,170.24275027732452,568.1158517576724,10.0,18.86,188.6,10.0,18.86,188.6,1.0,6,36,39,0.9230769230769232
S071,2022-10-09,1.0,5104.857142857143,81.4182670555665,377.0,78.25,4,444.25,29.79901767053713,484.1155272145376,4.0,23.25,93.0,4.0,23.25,93.0,1.0,3,20,20,1.0
S071,2022-10-16,1.0,4054.571428571429,81.69947411236421,372.1428571428572,75.85714285714286,7,435.2857142857143,119.87306432244672,554.6955083256194,1.0,17.933333333333334,17.933333333333334,1.0,17.933333333333334,17.933333333333334,1.0,3,20,20,1.0
S071,2022-10-22,1.0,4021.714285714286,83.86728241794572,334.3333333333333,74.16666666666667,6,392.0,220.37067583670836,612.4949476710864,0.0,,0.0,0.0,,0.0,0.0,3,20,20,1.0
S119,2022-07-16,0.7142857142857143,6319.4,73.8597767648225,290.3333333333333,72.66666666666667,3,352.6666666666667,217.98795210241053,571.545566171154,2.0,39.275,78.55,2.0,39.275,78.55,1.0,10,63,69,0.9130434782608696
S119,2022-07-23,1.0,3595.8571428571427,76.89825427965036,421.6666666666667,79.16666666666667,6,485.8333333333333,227.47819380149696,718.0330189866054,0.0,,0.0,0.0,,0.0,0.0,10,63,69,0.9130434782608696
S119,2022-07-30,1.0,3556.714285714286,78.25930945068579,409.7142857142857,76.85714285714286,7,463.2857142857143,185.4403226187716,648.0488541872598,1.0,65.7,65.7,1.0,65.7,65.7,1.0,10,63,69,0.9130434782608696
S119,2022-08-06,1.0,1323.857142857143,70.4556587169064,448.5,84.66666666666667,6,503.5,302.4586210229043,806.1835223450545,0.0,,0.0,0.0,,0.0,0.0,10,63,69,0.9130434782608696
S119,2022-08-14,1.0,2566.0,69.3094600073911,435.8333333333333,80.66666666666667,6,484.0,311.001707440906,781.3090526809971,0.0,,0.0,0.0,,0.0,0.0,10,63,69,0.9130434782608696
S119,2022-08-20,1.0,1589.571428571429,68.59941455520918,401.0,81.5,6,447.5,463.64043451271385,908.6593463016682,2.0,17.933333333333334,35.86666666666667,2.0,17.933333333333334,35.86666666666667,1.0,10,63,69,0.9130434782608696
S119,2022-08-27,1.0,9798.857142857143,78.89215374267869,429.4,75.0,5,499.6,182.34321417761,694.5956277232896,9.0,33.57962962962963,302.21666666666664,9.0,33.57962962962963,302.21666666666664,1.0,10,63,69,0.9130434782608696
S119,2022-09-03,1.0,4252.857142857143,78.5977313256781,399.2857142857143,72.42857142857143,7,457.8571428571428,215.90618172604715,687.2852911960791,1.0,26.45,26.45,1.0,26.45,26.45,1.0,10,63,69,0.9130434782608696
S119,2022-09-10,1.0,3354.285714285714,76.65887031350589,489.0,84.0,6,552.1666666666666,200.34973239186445,746.2993189398378,2.0,23.475,46.95,2.0,23.475,46.95,1.0,10,63,69,0.9130434782608696
S119,2022-09-18,0.4285714285714285,1099.6666666666667,69.27046981454092,526.6666666666666,85.0,3,581.6666666666666,83.00304901842216,667.0992343634678,0.0,,0.0,0.0,,0.0,0.0,10,63,69,0.9130434782608696
S503,2022-09-17,0.5714285714285714,17.5,84.97969009698363,,,0,,,,0.0,,0.0,0.0,,0.0,0.0,5,7,34,0.2058823529411764
S503,2022-09-24,0.4285714285714285,1170.6666666666667,101.16560726472775,,,0,,,,0.0,,0.0,0.0,,0.0,0.0,5,7,34,0.2058823529411764
S503,2022-10-02,0.0,,,,,0,,,,,,,,,,,5,7,34,0.2058823529411764
S503,2022-10-08,0.0,,,,,0,,,,,,,,,,,5,7,34,0.2058823529411764
S503,2022-10-15,0.0,,,,,0,,,,,,,,,,,5,7,34,0.2058823529411764
S504,2022-09-17,1.0,4752.142857142857,73.74007002782727,355.2,72.6,5,414.0,5.818057274603295,399.9740024598443,2.0,19.641666666666666,39.28333333333333,2.0,19.641666666666666,39.28333333333333,1.0,9,61,61,1.0
S504,2022-09-25,1.0,6364.428571428572,75.5846903567397,416.0,73.57142857142857,7,492.8571428571428,32.434148600968165,517.5173887918131,2.0,16.641666666666666,33.28333333333333,2.0,16.641666666666666,33.28333333333333,1.0,9,61,61,1.0
S504,2022-10-02,1.0,6079.857142857143,75.71257308718944,387.6666666666667,73.33333333333333,6,447.5,68.33361723657816,520.2048817895312,0.0,,0.0,0.0,,0.0,0.0,9,61,61,1.0
S504,2022-10-08,1.0,4035.571428571429,76.68213257319994,426.3333333333333,71.16666666666667,6,508.8333333333333,84.3521554864402,497.5321468201858,0.0,,0.0,0.0,,0.0,0.0,9,61,61,1.0
S504,2022-10-16,1.0,6558.285714285715,76.53495304773502,389.1666666666667,75.0,6,463.3333333333333,157.73167735842677,623.5132090854049,5.0,16.726666666666667,83.63333333333333,5.0,16.726666666666667,83.63333333333333,1.0,9,61,61,1.0
S504,2022-10-23,1.0,5343.285714285715,78.7898205093492,438.75,74.25,4,527.0,1387.383570562775,477.44980795192095,1.0,32.45,32.45,1.0,32.45,32.45,1.0,9,61,61,1.0
S504,2022-10-29,1.0,7958.428571428572,82.20242166795391,380.6,72.6,5,445.0,42.851158872881285,484.73006663034073,0.0,,0.0,0.0,,0.0,0.0,9,61,61,1.0
S504,2022-11-06,1.0,6409.142857142857,74.86969430851754,462.2857142857143,76.85714285714286,7,550.0,1431.4724540286784,568.879859812186,2.0,17.483333333333334,34.96666666666667,2.0,17.483333333333334,34.96666666666667,1.0,9,61,61,1.0
S504,2022-11-13,1.0,7294.428571428572,77.79942369043594,388.8,74.2,5,453.2,39.10354410240701,493.7285611472476,1.0,18.766666666666666,18.766666666666666,1.0,18.766666666666666,18.766666666666666,1.0,9,61,61,1.0
S505,2022-09-17,0.2857142857142857,5058.0,88.66171960078222,432.0,86.0,1,487.0,1414.0,461.0,0.0,,0.0,0.0,,0.0,0.0,8,44,49,0.8979591836734694
S505,2022-10-03,1.0,9464.0,92.5024280948706,362.8333333333333,75.83333333333333,6,414.8333333333333,45.62983356213318,458.4900322899077,2.0,29.866666666666667,59.73333333333333,2.0,29.866666666666667,59.73333333333333,1.0,8,44,49,0.8979591836734694
S505,2022-10-08,1.0,4443.857142857143,85.44672915279612,392.6,79.0,5,444.2,3.8023224238810975,450.1218415006763,0.0,,0.0,0.0,,0.0,0.0,8,44,49,0.8979591836734694
S505,2022-10-17,1.0,5898.0,87.30085747856795,367.7142857142857,75.57142857142857,7,417.4285714285714,1389.8030363680523,367.43136839920106,0.0,,0.0,0.0,,0.0,0.0,8,44,49,0.8979591836734694
S505,2022-10-22,1.0,6085.285714285715,88.75089172004796,362.8571428571428,74.14285714285714,7,415.4285714285714,1376.0234610930872,351.36621762788604,0.0,,0.0,0.0,,0.0,0.0,8,44,49,0.8979591836734694
S505,2022-10-31,1.0,7256.142857142857,88.61195067975943,374.1428571428572,78.71428571428571,7,417.2857142857143,1370.3917494654154,344.896128161017,1.0,17.916666666666668,17.916666666666668,1.0,17.916666666666668,17.916666666666668,1.0,8,44,49,0.8979591836734694
S505,2022-11-08,1.0,6855.714285714285,90.34790443595324,345.0,75.28571428571429,7,389.7142857142857,1412.4067953889332,362.9073612543523,1.0,32.416666666666664,32.416666666666664,1.0,32.416666666666664,32.416666666666664,1.0,8,44,49,0.8979591836734694
S505,2022-11-12,1.0,8735.714285714286,92.25242618506192,354.7142857142857,74.42857142857143,7,402.2857142857143,1423.7009516917776,393.6297501991274,2.0,26.45,52.9,2.0,26.45,52.9,1.0,8,44,49,0.8979591836734694
S507,2022-09-24,1.0,8616.285714285714,89.50815786198318,329.8,69.2,5,389.8,1437.9039492084974,386.7006452541916,2.0,74.10833333333333,148.21666666666667,2.0,74.10833333333333,148.21666666666667,1.0,10,63,67,0.9402985074626866
S507,2022-10-02,1.0,7614.428571428572,91.44885805367986,280.0,65.25,4,338.75,1415.0035695241709,314.4647375666109,4.0,225.275,901.1,4.0,225.275,901.1,1.0,10,63,67,0.9402985074626866
S507,2022-10-09,1.0,7213.714285714285,87.7599748950158,266.0,65.2,5,320.0,1324.2585592155765,236.5668802744685,1.0,167.5,167.5,1.0,167.5,167.5,1.0,10,63,67,0.9402985074626866
S507,2022-10-16,1.0,8849.714285714286,90.62691259766368,268.4,66.8,5,312.4,1384.3362087295263,254.8480424639928,5.0,221.0433333333333,1105.2166666666665,4.0,274.65416666666664,1098.6166666666666,1.0,10,63,67,0.9402985074626866
S507,2022-10-22,1.0,11869.714285714286,92.75160714768032,306.25,64.25,4,371.0,1429.6498033246237,355.7574166339943,8.0,19.989583333333336,159.91666666666669,7.0,22.142857142857142,155.0,1.0,10,63,67,0.9402985074626866
S507,2022-10-30,1.0,11841.714285714286,92.26717828226948,262.0,68.42857142857143,7,305.0,1393.8524786200398,263.5214994577652,8.0,58.46666666666667,467.73333333333335,6.0,76.76388888888889,460.5833333333333,1.0,10,63,67,0.9402985074626866
S507,2022-11-07,0.7142857142857143,8054.2,87.35853441379705,266.3333333333333,64.0,3,312.3333333333333,1425.5255241189475,300.44167122067387,5.0,38.760000000000005,193.8,2.0,93.60833333333332,187.21666666666667,1.0,10,63,67,0.9402985074626866
S507,2022-11-12,0.4285714285714285,5356.666666666667,90.05274769939797,213.0,64.0,2,241.5,1344.0,145.49999999999991,0.0,,0.0,0.0,,0.0,0.0,10,63,67,0.9402985074626866
S507,2022-11-19,1.0,9854.857142857143,96.97106150842777,408.0,67.75,4,490.75,1188.13115279791,293.7404953127766,4.0,104.24583333333332,416.9833333333333,3.0,138.96666666666667,416.9,1.0,10,63,67,0.9402985074626866
S507,2022-11-26,1.0,11003.0,90.22776271371232,347.5,66.0,4,413.75,1423.5845664555336,397.4635754573927,1.0,24.8,24.8,1.0,24.8,24.8,1.0,10,63,67,0.9402985074626866
S605,2022-08-06,0.5714285714285714,1851.25,81.4207767385161,628.0,85.0,1,735.0,221.0,957.0,0.0,,0.0,0.0,,0.0,0.0,15,5,94,0.0531914893617021
S605,2022-08-13,0.0,,,,,0,,,,,,,,,,,15,5,94,0.0531914893617021
S605,2022-08-20,0.0,,,,,0,,,,,,,,,,,15,5,94,0.0531914893617021
S605,2022-08-28,0.0,,,,,0,,,,,,,,,,,15,5,94,0.0531914893617021
S605,2022-09-03,0.0,,,,,0,,,,,,,,,,,15,5,94,0.0531914893617021
S605,2022-09-10,0.0,,,,,0,,,,,,,,,,,15,5,94,0.0531914893617021
S605,2022-09-17,0.1428571428571428,0.0,,,,0,,,,0.0,,0.0,0.0,,0.0,0.0,15,5,94,0.0531914893617021
S605,2022-09-26,0.0,,,,,0,,,,,,,,,,,15,5,94,0.0531914893617021
S605,2022-10-04,0.0,,,,,0,,,,,,,,,,,15,5,94,0.0531914893617021
S605,2022-10-10,0.0,,,,,0,,,,,,,,,,,15,5,94,0.0531914893617021
S605,2022-10-28,0.0,,,,,0,,,,,,,,,,,15,5,94,0.0531914893617021
S605,2022-10-31,0.0,,,,,0,,,,,,,,,,,15,5,94,0.0531914893617021
S605,2022-11-02,0.0,,,,,0,,,,,,,,,,,15,5,94,0.0531914893617021
S605,2022-11-11,0.0,,,,,0,,,,,,,,,,,15,5,94,0.0531914893617021
S605,2022-11-22,0.0,,,,,0,,,,,,,,,,,15,5,94,0.0531914893617021
S646,2022-09-04,1.0,6885.142857142857,68.00763644342128,411.6666666666667,77.16666666666667,6,480.1666666666667,1342.905017931051,383.0994059094523,0.0,,0.0,0.0,,0.0,0.0,12,73,73,1.0
S646,2022-09-09,1.0,6976.428571428572,70.54218138042322,418.8333333333333,79.16666666666667,6,484.6666666666667,1339.4631569974176,384.6122942212005,1.0,38.4,38.4,1.0,38.4,38.4,1.0,12,73,73,1.0
S646,2022-09-16,1.0,6305.714285714285,70.18510155308938,397.0,78.33333333333333,6,465.1666666666667,1354.363830485402,379.8310275641065,1.0,24.75,24.75,1.0,24.75,24.75,1.0,12,73,73,1.0
S646,2022-09-23,1.0,7621.714285714285,72.33691591392746,412.8571428571428,78.85714285714286,7,477.0,1341.42373679444,378.5435571974201,0.0,,0.0,0.0,,0.0,0.0,12,73,73,1.0
S646,2022-10-03,1.0,6413.714285714285,67.90747061522828,393.8571428571428,78.57142857142857,7,456.0,1347.233800555705,363.73123758851534,1.0,48.63333333333333,48.63333333333333,1.0,48.63333333333333,48.63333333333333,1.0,12,73,73,1.0
S646,2022-10-07,1.0,6292.428571428572,68.47743825867789,419.1428571428572,80.14285714285714,7,486.2857142857143,1334.2383529715594,380.7037792924863,1.0,48.63333333333333,48.63333333333333,1.0,48.63333333333333,48.63333333333333,1.0,12,73,73,1.0
S646,2022-10-16,1.0,6350.428571428572,71.9539196829713,405.57142857142856,78.57142857142857,7,463.1428571428572,1390.7043046604856,413.8608374714353,0.0,,0.0,0.0,,0.0,0.0,12,73,73,1.0
S646,2022-10-24,1.0,7037.0,71.16108156240088,400.1666666666667,78.0,6,466.5,1346.9517352506946,373.6526794562628,0.0,,0.0,0.0,,0.0,0.0,12,73,73,1.0
S646,2022-10-28,1.0,7062.285714285715,70.06039842737776,393.2,78.0,5,450.2,1364.5277009380964,374.7865237208518,1.0,17.916666666666668,17.916666666666668,1.0,17.916666666666668,17.916666666666668,1.0,12,73,73,1.0
S646,2022-11-06,1.0,5809.285714285715,70.12332445665123,410.0,79.5,6,472.6666666666667,1325.826835036822,358.666968407162,0.0,,0.0,0.0,,0.0,0.0,12,73,73,1.0
S646,2022-11-16,1.0,6309.285714285715,67.07132329832882,433.2857142857143,79.71428571428571,7,503.8571428571428,1359.0880534628886,419.12286580006247,0.0,,0.0,0.0,,0.0,0.0,12,73,73,1.0
S646,2022-11-20,1.0,5950.285714285715,65.82800426817728,421.1428571428572,79.14285714285714,7,492.7142857142857,1372.706756563991,421.2458756262472,0.0,,0.0,0.0,,0.0,0.0,12,73,73,1.0
S648,2022-09-03,1.0,594.1428571428571,81.5983288169135,290.25,61.5,4,344.0,772.9152484079939,1122.1166439594654,0.0,,0.0,0.0,,0.0,0.0,4,11,26,0.4230769230769231
S648,2022-09-12,0.5714285714285714,3190.5,98.67462239623468,,,0,,,,2.0,19.633333333333333,39.266666666666666,2.0,19.633333333333333,39.266666666666666,1.0,4,11,26,0.4230769230769231
S648,2022-09-17,0.2857142857142857,462.5,86.14335359355255,,,0,,,,0.0,,0.0,0.0,,0.0,0.0,4,11,26,0.4230769230769231
S648,2022-09-26,0.0,,,,,0,,,,,,,,,,,4,11,26,0.4230769230769231
S649,2022-09-10,1.0,3504.714285714286,75.14727328202405,379.3333333333333,78.66666666666667,3,430.6666666666667,187.6428718572875,619.7960002810267,2.0,19.633333333333333,39.266666666666666,2.0,19.633333333333333,39.266666666666666,1.0,8,51,51,1.0
S649,2022-09-17,1.0,5215.714285714285,76.31636567134053,427.3333333333333,80.66666666666667,6,483.5,173.4342747959827,660.0986498733675,0.0,,0.0,0.0,,0.0,0.0,8,51,51,1.0
S649,2022-10-01,1.0,6956.714285714285,76.66732514546491,375.8,73.6,5,428.2,116.5615706695242,552.7572218821894,0.0,,0.0,0.0,,0.0,0.0,8,51,51,1.0
S649,2022-10-09,1.0,5381.857142857143,71.2342174046169,392.2857142857143,75.28571428571429,7,457.57142857142856,204.9335325558556,658.0515435039761,1.0,19.633333333333333,19.633333333333333,1.0,19.633333333333333,19.633333333333333,1.0,8,51,51,1.0
S649,2022-10-16,1.0,5277.571428571428,71.19826351020556,425.8571428571428,77.57142857142857,7,492.0,198.4083027612321,701.2690356331282,2.0,20.058333333333334,40.11666666666667,2.0,20.058333333333334,40.11666666666667,1.0,8,51,51,1.0
S649,2022-10-25,1.0,4332.0,71.8211075091147,360.75,79.0,4,395.75,316.4112393380075,714.345969195512,0.0,,0.0,0.0,,0.0,0.0,8,51,51,1.0
S649,2022-11-14,1.0,7810.857142857143,74.77418418936763,387.5,71.33333333333333,6,457.0,1418.0698846910004,793.397575252213,3.0,17.633333333333333,52.9,3.0,17.633333333333333,52.9,1.0,8,51,51,1.0
S649,2022-11-16,1.0,7735.428571428572,74.13005832311873,359.42857142857144,72.57142857142857,7,416.0,110.06922210688998,709.4036216105701,2.0,17.925,35.85,2.0,17.925,35.85,1.0,8,51,51,1.0
S981,2022-09-17,0.2857142857142857,8210.0,107.16176821034858,,,0,,,,2.0,28.58333333333333,57.16666666666666,2.0,28.58333333333333,57.16666666666666,1.0,11,69,74,0.9324324324324323
S981,2022-09-25,1.0,14144.142857142857,120.75889109624096,384.6,70.2,5,447.0,108.75685260814134,555.8023843928945,5.0,37.71666666666667,188.58333333333331,5.0,37.71666666666667,188.58333333333331,1.0,11,69,74,0.9324324324324323
S981,2022-10-02,1.0,14303.714285714286,111.82471419620224,315.85714285714283,68.28571428571429,7,364.8571428571428,214.0816162639937,578.6691881431925,13.0,26.97820512820513,350.71666666666664,13.0,26.97820512820513,350.71666666666664,1.0,11,69,74,0.9324324324324323
S981,2022-10-09,1.0,15657.142857142857,107.01597017892938,253.8571428571429,63.71428571428572,7,301.57142857142856,264.0800999728488,566.1354286337809,7.0,24.62619047619048,172.38333333333333,7.0,24.62619047619048,172.38333333333333,1.0,11,69,74,0.9324324324324323
S981,2022-10-15,1.0,14966.857142857143,105.689547718692,258.0,68.25,4,298.0,219.24380237660583,515.1020389258993,3.0,23.322222222222223,69.96666666666667,3.0,23.322222222222223,69.96666666666667,1.0,11,69,74,0.9324324324324323
S981,2022-10-23,1.0,9187.857142857143,112.08618537012504,367.5,68.16666666666667,6,433.5,180.8540611411272,603.5789540235146,1.0,105.06666666666666,105.06666666666666,1.0,105.06666666666666,105.06666666666666,1.0,11,69,74,0.9324324324324323
S981,2022-10-30,1.0,13307.42857142857,111.3270089996188,289.4,66.6,5,340.0,179.11296378767997,519.1661107679519,8.0,23.8875,191.1,8.0,23.8875,191.1,1.0,11,69,74,0.9324324324324323
S981,2022-11-06,1.0,12798.285714285714,108.1466623557101,275.42857142857144,65.85714285714286,7,320.1428571428572,216.6112891533509,536.0108535452717,5.0,31.636666666666667,158.18333333333334,5.0,31.636666666666667,158.18333333333334,1.0,11,69,74,0.9324324324324323
S981,2022-11-15,1.0,18317.571428571428,117.02869228055464,222.33333333333331,60.0,3,250.66666666666663,300.31628222323553,550.5812729253222,3.0,33.044444444444444,99.13333333333333,3.0,33.044444444444444,99.13333333333333,1.0,11,69,74,0.9324324324324323
S981,2022-11-20,1.0,12806.57142857143,110.1145975369665,352.6666666666667,66.0,3,419.3333333333333,1408.3728831597766,409.7547819526827,11.0,26.55909090909091,292.15,11.0,26.55909090909091,292.15,1.0,11,69,74,0.9324324324324323
S981,2022-11-27,1.0,12517.285714285714,102.12132789248028,362.8333333333333,68.83333333333333,6,431.8333333333333,224.08778046479443,636.248184560596,10.0,23.49666666666667,234.9666666666667,10.0,23.49666666666667,234.9666666666667,1.0,11,69,74,0.9324324324324323
S982,2022-09-18,0.4285714285714285,4346.333333333333,76.92026758461265,320.0,76.0,2,363.5,213.5,577.0,1.0,16.216666666666665,16.216666666666665,1.0,16.216666666666665,16.216666666666665,1.0,9,56,60,0.9333333333333332
S982,2022-09-24,1.0,5585.0,78.33281896784544,305.57142857142856,69.28571428571429,7,354.42857142857144,199.3992571971021,551.9342255705749,3.0,26.80555555555556,80.41666666666667,2.0,40.10833333333333,80.21666666666667,1.0,9,56,60,0.9333333333333332
S982,2022-10-01,1.0,4083.714285714286,76.05002045065628,333.5,71.5,6,385.6666666666667,249.47552022449048,633.436630889708,1.0,64.95,64.95,1.0,64.95,64.95,1.0,9,56,60,0.9333333333333332
S982,2022-10-09,1.0,5324.857142857143,83.52234900870096,290.8,65.6,5,331.8,344.4676725642651,694.440063356035,1.0,22.2,22.2,1.0,22.2,22.2,1.0,9,56,60,0.9333333333333332
S982,2022-10-16,1.0,3515.1428571428573,77.35823784973931,357.0,74.0,5,407.0,266.1827184778321,682.3345490337368,3.0,26.46111111111111,79.38333333333333,3.0,26.46111111111111,79.38333333333333,1.0,9,56,60,0.9333333333333332
S982,2022-10-25,1.0,4108.285714285715,79.12709145646014,417.3333333333333,77.66666666666667,3,471.0,283.50315220441007,761.0981081623657,0.0,,0.0,0.0,,0.0,0.0,9,56,60,0.9333333333333332
S982,2022-10-30,1.0,5705.428571428572,82.355360030504,376.5,69.5,4,439.75,214.1625390550882,643.4059327640354,3.0,14.32222222222222,42.96666666666666,2.0,21.33333333333333,42.66666666666666,1.0,9,56,60,0.9333333333333332
S982,2022-11-06,1.0,5692.428571428572,81.05682732318685,347.1428571428572,69.57142857142857,7,407.2857142857143,230.51380366142556,636.6900043845026,2.0,40.56666666666666,81.13333333333333,2.0,40.56666666666666,81.13333333333333,1.0,9,56,60,0.9333333333333332
S982,2022-11-15,1.0,4429.142857142857,81.01515548433679,348.42857142857144,67.28571428571429,7,406.4285714285714,274.1104919713809,674.4400240982203,1.0,17.066666666666666,17.066666666666666,1.0,17.066666666666666,17.066666666666666,1.0,9,56,60,0.9333333333333332
S984,2022-09-25,0.5714285714285714,7471.25,77.23423993470232,384.0,77.66666666666667,3,451.3333333333333,122.6610901867722,575.2495630164898,0.0,,0.0,0.0,,0.0,0.0,8,21,43,0.4883720930232558
S984,2022-10-03,1.0,11166.714285714286,90.43521575897373,326.8,69.8,5,373.8,267.9201788596704,639.7438426167577,5.0,29.556666666666665,147.78333333333333,5.0,29.556666666666665,147.78333333333333,1.0,8,21,43,0.4883720930232558
S984,2022-11-14,0.0,,,,,0,,,,,,,,,,,8,21,43,0.4883720930232558
S984,2022-11-23,0.0,,,,,0,,,,,,,,,,,8,21,43,0.4883720930232558
S984,2022-11-28,0.2857142857142857,5979.0,68.02107651747106,474.0,82.0,1,573.0,138.0,712.0,0.0,,0.0,0.0,,0.0,0.0,8,21,43,0.4883720930232558
S984,2022-11-30,0.5714285714285714,8823.25,73.26702687321419,365.0,80.0,3,426.0,311.8592022548828,735.6281545547229,0.0,,0.0,0.0,,0.0,0.0,8,21,43,0.4883720930232558
S984,2022-12-03,1.0,9516.857142857143,74.21537876502687,369.0,77.4,5,428.2,305.0234045955646,731.0030220905745,0.0,,0.0,0.0,,0.0,0.0,8,21,43,0.4883720930232558
S984,2022-12-08,0.7142857142857143,8451.4,75.356463307171,486.5,78.0,4,557.25,230.94550591360576,741.8798314533044,1.0,18.78333333333333,18.78333333333333,1.0,18.78333333333333,18.78333333333333,1.0,8,21,43,0.4883720930232558
S985,2022-09-17,0.2857142857142857,8321.0,80.8742328905461,345.0,75.0,1,395.0,1369.0,324.0,2.0,16.633333333333333,33.266666666666666,2.0,16.633333333333333,33.266666666666666,1.0,11,64,69,0.927536231884058
S985,2022-09-25,1.0,11441.42857142857,84.97773097968471,377.0,69.5,6,449.1666666666667,98.8608404342712,550.1958779652599,6.0,40.24722222222222,241.4833333333333,6.0,40.24722222222222,241.4833333333333,1.0,11,64,69,0.927536231884058
S985,2022-10-02,1.0,8980.42857142857,79.7501482404464,392.6666666666667,77.33333333333333,6,448.5,40.33540492666245,516.529198903416,8.0,19.86875,158.95000000000002,8.0,19.86875,158.95000000000002,1.0,11,64,69,0.927536231884058
S985,2022-10-09,1.0,10753.857142857143,79.86925372970948,403.2857142857143,78.42857142857143,7,471.57142857142856,20.515034551050785,492.452578726203,9.0,20.866666666666667,187.8,9.0,20.866666666666667,187.8,1.0,11,64,69,0.927536231884058
S985,2022-10-17,1.0,8819.714285714286,81.6184006321868,365.5,73.5,4,427.0,109.60558319649684,532.4578745156489,3.0,19.65,58.95,3.0,19.65,58.95,1.0,11,64,69,0.927536231884058
S985,2022-10-24,1.0,8200.714285714286,82.93271578968263,365.25,75.5,4,411.5,57.74472225076035,468.4871540225853,4.0,17.704166666666666,70.81666666666666,4.0,17.704166666666666,70.81666666666666,1.0,11,64,69,0.927536231884058
S985,2022-10-29,1.0,7796.0,79.6770224683207,399.0,79.57142857142857,7,458.8571428571428,28.092843936514846,485.5943870949874,6.0,18.20833333333333,109.25,6.0,18.20833333333333,109.25,1.0,11,64,69,0.927536231884058
S985,2022-11-07,1.0,5761.857142857143,73.84152508095973,373.5,71.83333333333333,6,439.3333333333333,20.6590761237989,459.7261945940241,0.0,,0.0,0.0,,0.0,0.0,11,64,69,0.927536231884058
S985,2022-11-18,1.0,4790.428571428572,80.5484374455212,434.25,77.75,4,502.5,1354.1402742833022,419.9891319209392,1.0,17.066666666666666,17.066666666666666,1.0,17.066666666666666,17.066666666666666,1.0,11,64,69,0.927536231884058
S985,2022-11-19,1.0,5201.285714285715,81.56462752947566,432.4,77.4,5,499.2,1336.184938588368,399.23793748124587,0.0,,0.0,0.0,,0.0,0.0,11,64,69,0.927536231884058
S985,2022-11-28,1.0,6213.142857142857,81.24699574757742,382.5,72.83333333333333,6,455.0,86.56691204900207,543.8650047001215,4.0,30.5375,122.15,4.0,30.5375,122.15,1.0,11,64,69,0.927536231884058
S986,2022-09-17,0.2857142857142857,7165.5,85.8187919079409,392.0,81.0,1,440.0,192.0,632.0,1.0,16.216666666666665,16.216666666666665,1.0,16.216666666666665,16.216666666666665,1.0,11,71,76,0.9342105263157896
S986,2022-09-25,1.0,8877.142857142857,81.90583529995187,326.85714285714283,75.28571428571429,7,368.4285714285714,222.5111919823456,592.1442400339081,4.0,18.15,72.6,4.0,18.15,72.6,1.0,11,71,76,0.9342105263157896
S986,2022-10-01,1.0,9307.42857142857,81.01472628384468,313.0,76.2,5,350.8,231.72530133313975,583.1400767975194,10.0,20.835,208.35,10.0,20.835,208.35,1.0,11,71,76,0.9342105263157896
S986,2022-10-08,1.0,8109.857142857143,78.62314632636055,393.6666666666667,78.0,6,450.3333333333333,199.1728629307768,649.5669184462486,6.0,24.058333333333334,144.35,6.0,24.058333333333334,144.35,1.0,11,71,76,0.9342105263157896
S986,2022-10-15,1.0,7037.714285714285,82.61341679833983,422.57142857142856,80.14285714285714,7,476.2857142857143,188.87941375473537,664.1020821316756,3.0,30.08333333333333,90.25,3.0,30.08333333333333,90.25,1.0,11,71,76,0.9342105263157896
S986,2022-10-22,1.0,6648.714285714285,81.75167635471121,404.2,81.0,5,454.0,226.8710799372066,681.8854269631663,5.0,18.6,93.0,5.0,18.6,93.0,1.0,11,71,76,0.9342105263157896
S986,2022-10-29,1.0,7452.0,78.03126441682181,385.1666666666667,78.16666666666667,6,440.3333333333333,75.2896755949573,518.6402809600008,3.0,19.622222222222224,58.86666666666667,3.0,19.622222222222224,58.86666666666667,1.0,11,71,76,0.9342105263157896
S986,2022-11-05,1.0,12055.57142857143,83.13129276115917,383.4285714285714,79.42857142857143,7,433.8571428571428,1415.4840160989024,409.7669283156228,2.0,16.641666666666666,33.28333333333333,2.0,16.641666666666666,33.28333333333333,1.0,11,71,76,0.9342105263157896
S986,2022-11-13,1.0,6105.285714285715,79.09902881183048,427.2857142857143,82.0,7,487.2857142857143,126.50498309475866,614.7068829942353,2.0,17.916666666666664,35.83333333333333,2.0,17.916666666666664,35.83333333333333,1.0,11,71,76,0.9342105263157896
S986,2022-11-20,1.0,10002.142857142857,77.35511287899796,354.85714285714283,77.14285714285714,7,406.1428571428572,206.0151910400435,613.003612882866,10.0,26.28,262.8,10.0,26.28,262.8,1.0,11,71,76,0.9342105263157896
S986,2022-11-27,1.0,6905.142857142857,82.51943696891087,340.0,74.16666666666667,6,382.1666666666667,179.5865141341578,561.4108205382295,3.0,17.92222222222222,53.766666666666666,3.0,17.92222222222222,53.766666666666666,1.0,11,71,76,0.9342105263157896
S987,2022-10-21,0.1428571428571428,5041.0,87.69708840656432,,,0,,,,0.0,,0.0,0.0,,0.0,0.0,9,15,51,0.2941176470588235
S987,2022-10-24,0.5714285714285714,5098.75,88.86724724675382,,,0,,,,0.0,,0.0,0.0,,0.0,0.0,9,15,51,0.2941176470588235
S987,2022-10-30,1.0,4650.142857142857,83.83277471109487,313.3333333333333,70.33333333333333,3,363.3333333333333,274.9151220616748,637.974378694569,3.0,22.472222222222214,67.41666666666666,3.0,22.472222222222214,67.41666666666666,1.0,9,15,51,0.2941176470588235
S987,2022-11-02,1.0,4197.714285714285,82.46089815328502,375.6666666666667,75.66666666666667,3,425.6666666666667,266.8634332136511,692.7517721733926,4.0,21.975,87.89999999999999,4.0,21.975,87.89999999999999,1.0,9,15,51,0.2941176470588235
S987,2022-11-15,0.2857142857142857,1343.0,71.14005319790935,322.5,75.5,2,357.0,306.0,663.0,0.0,,0.0,0.0,,0.0,0.0,9,15,51,0.2941176470588235
S987,2022-12-01,0.0,,,,,0,,,,,,,,,,,9,15,51,0.2941176470588235
S987,2022-12-05,0.0,,,,,0,,,,,,,,,,,9,15,51,0.2941176470588235
S987,2022-12-14,0.0,,,,,0,,,,,,,,,,,9,15,51,0.2941176470588235
S987,2022-12-24,0.0,,,,,0,,,,,,,,,,,9,15,51,0.2941176470588235
S988,2022-09-17,0.0,,,,,0,,,,,,,,,,,10,32,66,0.4848484848484848
S988,2022-09-24,0.0,,,,,0,,,,,,,,,,,10,32,66,0.4848484848484848
S988,2022-10-01,0.7142857142857143,7624.8,77.01991639948412,,,0,,,,0.0,,0.0,0.0,,0.0,0.0,10,32,66,0.4848484848484848
S988,2022-10-08,1.0,9688.714285714286,80.7680162702229,340.5,70.5,6,395.0,55.54798123787926,448.14387532086425,1.0,29.016666666666666,29.016666666666666,1.0,29.016666666666666,29.016666666666666,1.0,10,32,66,0.4848484848484848
S988,2022-10-15,0.1428571428571428,6967.0,83.73661021616412,,,0,,,,0.0,,0.0,0.0,,0.0,0.0,10,32,66,0.4848484848484848
S988,2022-10-25,0.7142857142857143,4492.8,80.47355303083638,,,0,,,,0.0,,0.0,0.0,,0.0,0.0,10,32,66,0.4848484848484848
S988,2022-10-30,1.0,6867.285714285715,80.42984824641374,,,0,,,,0.0,,0.0,0.0,,0.0,0.0,10,32,66,0.4848484848484848
S988,2022-11-05,1.0,8057.571428571428,83.47919842758468,,,0,,,,1.0,26.466666666666665,26.466666666666665,1.0,26.466666666666665,26.466666666666665,1.0,10,32,66,0.4848484848484848
S988,2022-11-13,0.4285714285714285,6424.666666666667,81.3173523479784,,,0,,,,1.0,58.9,58.9,1.0,58.9,58.9,1.0,10,32,66,0.4848484848484848
S988,2022-11-19,0.0,,,,,0,,,,,,,,,,,10,32,66,0.4848484848484848
S989,2022-09-17,0.2857142857142857,1412.0,67.87794833060448,,,0,,,,0.0,,0.0,0.0,,0.0,0.0,11,66,71,0.9295774647887324
S989,2022-09-25,1.0,3717.571428571429,69.00028057163158,434.4285714285714,80.42857142857143,7,490.57142857142856,1347.8865941203612,398.97134331715455,5.0,15.733333333333334,78.66666666666667,5.0,15.733333333333334,78.66666666666667,1.0,11,66,71,0.9295774647887324
S989,2022-10-02,1.0,6144.142857142857,75.95595232351141,384.8571428571428,79.14285714285714,7,431.1428571428572,21.989151267478192,456.8128580830141,9.0,17.396296296296295,156.56666666666666,9.0,17.396296296296295,156.56666666666666,1.0,11,66,71,0.9295774647887324
S989,2022-10-09,1.0,3482.428571428572,73.82432197454588,450.0,79.5,6,513.0,1320.5066176513935,404.2811874982421,2.0,23.508333333333333,47.016666666666666,2.0,23.508333333333333,47.016666666666666,1.0,11,66,71,0.9295774647887324
S989,2022-10-18,1.0,2761.8571428571427,75.07512060871144,474.57142857142856,84.42857142857143,7,529.2857142857143,1400.766855751937,495.8195027822834,2.0,17.083333333333332,34.166666666666664,2.0,17.083333333333332,34.166666666666664,1.0,11,66,71,0.9295774647887324
S989,2022-10-24,1.0,1999.142857142857,72.56229970580817,410.5,82.0,6,464.6666666666667,1423.6761227057614,452.8151840185582,0.0,,0.0,0.0,,0.0,0.0,11,66,71,0.9295774647887324
S989,2022-10-29,1.0,2985.285714285714,76.7523145587394,419.57142857142856,81.57142857142857,7,469.57142857142856,1422.4053036897249,452.0179272234921,2.0,14.516666666666667,29.03333333333333,2.0,14.516666666666667,29.03333333333333,1.0,11,66,71,0.9295774647887324
S989,2022-11-06,1.0,4717.428571428572,75.85978534779159,410.8333333333333,79.83333333333333,6,466.0,0.8799796713743769,467.0430934648095,7.0,13.433333333333332,94.03333333333332,7.0,13.433333333333332,94.03333333333332,1.0,11,66,71,0.9295774647887324
S989,2022-11-12,1.0,5536.857142857143,73.49462581200844,418.0,83.6,5,467.4,79.05419622229863,554.3376053515623,9.0,12.833333333333334,115.5,9.0,12.833333333333334,115.5,1.0,11,66,71,0.9295774647887324
S989,2022-11-21,1.0,3831.428571428572,77.22894081892962,407.3333333333333,77.66666666666667,6,463.8333333333333,28.151304426498665,490.253119751841,5.0,12.829999999999998,64.14999999999999,5.0,12.829999999999998,64.14999999999999,1.0,11,66,71,0.9295774647887324
S989,2022-11-26,1.0,2920.714285714286,74.90807044473131,487.8,81.6,5,565.8,1382.8609178784316,507.5232173383525,4.0,12.4,49.6,4.0,12.4,49.6,1.0,11,66,71,0.9295774647887324
S991,2022-09-18,0.4285714285714285,6893.333333333333,86.97996313389469,323.0,77.0,1,368.0,197.00000000000003,565.0,1.0,15.35,15.35,1.0,15.35,15.35,1.0,10,25,68,0.3676470588235294
S991,2022-09-25,0.8571428571428571,9775.333333333334,86.6439220947441,388.8,79.4,5,440.4,117.71084087297297,558.1580273511295,7.0,21.257142857142856,148.79999999999998,6.0,24.76944444444445,148.61666666666667,1.0,10,25,68,0.3676470588235294
S991,2022-10-02,0.0,,,,,0,,,,,,,,,,,10,25,68,0.3676470588235294
S991,2022-10-08,0.0,,,,,0,,,,,,,,,,,10,25,68,0.3676470588235294
S991,2022-10-15,0.0,,,,,0,,,,,,,,,,,10,25,68,0.3676470588235294
S991,2022-10-22,0.0,,,,,0,,,,,,,,,,,10,25,68,0.3676470588235294
S991,2022-10-29,0.7142857142857143,7580.2,75.90197633446763,,,0,,,,0.0,,0.0,0.0,,0.0,0.0,10,25,68,0.3676470588235294
S991,2022-11-06,1.0,11527.42857142857,88.59951517000908,319.0,75.0,4,360.25,155.89720787862353,518.9603382285043,1.0,24.75,24.75,1.0,24.75,24.75,1.0,10,25,68,0.3676470588235294
S991,2022-11-12,0.7142857142857143,9995.0,92.59057082873797,352.75,73.5,4,424.0,128.75726981497078,552.8667689386134,5.0,17.923333333333336,89.61666666666667,5.0,17.923333333333336,89.61666666666667,1.0,10,25,68,0.3676470588235294
S991,2022-11-19,0.0,,,,,0,,,,,,,,,,,10,25,68,0.3676470588235294
S992,2022-09-17,0.5714285714285714,3789.75,99.8266942192724,323.0,70.5,2,376.0,121.5,497.5,0.0,,0.0,0.0,,0.0,0.0,9,59,62,0.9516129032258064
S992,2022-09-25,1.0,5332.142857142857,95.99891912011957,378.57142857142856,82.85714285714286,7,440.7142857142857,161.62659234372822,601.8496611775245,2.0,39.68333333333334,79.36666666666667,2.0,39.68333333333334,79.36666666666667,1.0,9,59,62,0.9516129032258064
S992,2022-10-02,1.0,6863.285714285715,100.32545549752076,306.42857142857144,78.28571428571429,7,352.2857142857143,109.09568859394425,460.44291511410745,5.0,16.93,84.65,5.0,16.93,84.65,1.0,9,59,62,0.9516129032258064
S992,2022-10-08,1.0,4402.285714285715,95.1706344871832,366.2857142857143,80.57142857142857,7,429.4285714285714,134.12567469220272,588.0698018394123,3.0,16.811111111111114,50.43333333333334,3.0,16.811111111111114,50.43333333333334,1.0,9,59,62,0.9516129032258064
S992,2022-10-15,1.0,5950.428571428572,92.90714165124643,338.7142857142857,82.28571428571429,7,395.2857142857143,177.2133646641244,572.5563074343586,3.0,32.19444444444444,96.58333333333331,3.0,32.19444444444444,96.58333333333331,1.0,9,59,62,0.9516129032258064
S992,2022-10-22,1.0,5410.428571428572,90.36117314951316,342.7142857142857,79.71428571428571,7,403.8571428571428,140.7879757301897,544.0836907603464,2.0,16.216666666666665,32.43333333333333,2.0,16.216666666666665,32.43333333333333,1.0,9,59,62,0.9516129032258064
S992,2022-10-30,1.0,6285.857142857143,93.16117070684888,387.1428571428572,81.85714285714286,7,450.8571428571428,75.9315716941366,504.6769114808303,1.0,16.25,16.25,1.0,16.25,16.25,1.0,9,59,62,0.9516129032258064
S992,2022-11-06,1.0,6839.142857142857,97.40020053512296,358.5,77.66666666666667,6,423.3333333333333,79.06115236038781,501.7837881666886,1.0,33.28333333333333,33.28333333333333,1.0,33.28333333333333,33.28333333333333,1.0,9,59,62,0.9516129032258064
S992,2022-11-13,1.0,10294.57142857143,102.11689934670704,332.1666666666667,78.16666666666667,6,389.6666666666667,49.77710834396657,433.7281800025535,5.0,17.24666666666667,86.23333333333335,5.0,17.24666666666667,86.23333333333335,1.0,9,59,62,0.9516129032258064
S993,2022-09-17,0.2857142857142857,12403.5,91.02480133898702,,,0,,,,3.0,31.62777777777778,94.88333333333334,2.0,47.400000000000006,94.8,1.0,8,39,45,0.8666666666666667
S993,2022-09-25,1.0,16499.14285714286,93.05797405503908,343.8333333333333,67.33333333333333,6,404.5,142.9921075949209,548.3515120552278,4.0,20.941666666666663,83.76666666666667,4.0,20.941666666666663,83.76666666666667,1.0,8,39,45,0.8666666666666667
S993,2022-10-01,1.0,12860.42857142857,90.62214426151782,358.6666666666667,72.66666666666667,6,412.0,148.27754273582448,559.2111317138398,0.0,,0.0,0.0,,0.0,0.0,8,39,45,0.8666666666666667
S993,2022-10-15,1.0,12771.714285714286,86.55256714445125,407.1666666666667,78.66666666666667,6,471.8333333333333,37.08951416313492,503.2946283164071,3.0,30.472222222222214,91.41666666666666,3.0,30.472222222222214,91.41666666666666,1.0,8,39,45,0.8666666666666667
S993,2022-10-26,1.0,15838.42857142857,90.38096509213229,348.5,73.33333333333333,6,402.3333333333333,213.385778581144,615.4177995008635,5.0,22.223333333333333,111.11666666666666,5.0,22.223333333333333,111.11666666666666,1.0,8,39,45,0.8666666666666667
S993,2022-11-15,0.8571428571428571,11534.333333333334,103.17825713738424,275.5,63.0,4,317.0,231.8034987366826,553.0505436594888,0.0,,0.0,0.0,,0.0,0.0,8,39,45,0.8666666666666667
S993,2022-11-18,0.8571428571428571,12791.833333333334,100.15757140843051,247.0,60.333333333333336,3,288.3333333333333,336.1447800644559,624.9638483201999,3.0,19.76111111111111,59.28333333333333,3.0,19.76111111111111,59.28333333333333,1.0,8,39,45,0.8666666666666667
S993,2022-11-19,0.8571428571428571,14074.833333333334,96.39529974184852,297.0,67.0,3,342.6666666666667,262.56427261137304,605.3838784783087,3.0,19.76111111111111,59.28333333333333,3.0,19.76111111111111,59.28333333333333,1.0,8,39,45,0.8666666666666667
S994,2022-09-17,0.2857142857142857,3924.5,92.49400472841504,,,0,,,,0.0,,0.0,0.0,,0.0,0.0,9,54,59,0.9152542372881356
S994,2022-09-25,1.0,8763.714285714286,83.72931141745936,381.1428571428572,74.71428571428571,7,449.4285714285714,171.80971582894674,620.6927990760607,1.0,40.16666666666666,40.16666666666666,1.0,40.16666666666666,40.16666666666666,1.0,9,54,59,0.9152542372881356
S994,2022-10-03,1.0,10513.142857142857,85.39621903472796,355.4,75.0,5,409.4,198.71204972524615,608.5400919079088,1.0,21.366666666666667,21.366666666666667,1.0,21.366666666666667,21.366666666666667,1.0,9,54,59,0.9152542372881356
S994,2022-10-09,1.0,9530.57142857143,83.66805429244326,376.6666666666667,72.5,6,440.0,166.47796938256295,606.3444673522107,1.0,16.2,16.2,1.0,16.2,16.2,1.0,9,54,59,0.9152542372881356
S994,2022-10-15,1.0,9419.142857142857,78.42746150125727,380.2857142857143,74.42857142857143,7,447.57142857142856,165.27989092246025,599.7107775212419,1.0,33.28333333333333,33.28333333333333,1.0,33.28333333333333,33.28333333333333,1.0,9,54,59,0.9152542372881356
S994,2022-10-23,1.0,9569.57142857143,78.42892737559292,347.57142857142856,70.0,7,410.0,202.40134469536008,604.1493579620773,2.0,17.558333333333334,35.11666666666667,2.0,17.558333333333334,35.11666666666667,1.0,9,54,59,0.9152542372881356
S994,2022-10-31,1.0,8474.857142857143,81.5001813527423,416.8571428571428,75.71428571428571,7,485.1428571428572,179.68846064122354,663.8131544559698,1.0,18.78333333333333,18.78333333333333,1.0,18.78333333333333,18.78333333333333,1.0,9,54,59,0.9152542372881356
S994,2022-11-05,1.0,7322.857142857143,79.5654158085006,418.7142857142857,75.42857142857143,7,494.1428571428572,179.0025057514445,745.0953220354817,1.0,18.78333333333333,18.78333333333333,1.0,18.78333333333333,18.78333333333333,1.0,9,54,59,0.9152542372881356
S994,2022-11-13,1.0,9089.57142857143,82.12214348926513,308.2857142857143,68.71428571428571,7,361.7142857142857,203.8541047439203,565.4776005030634,0.0,,0.0,0.0,,0.0,0.0,9,54,59,0.9152542372881356
