id,date,mood
S001,2022-09-01,3.0
S001,2022-09-02,2.0
S001,2022-09-03,4.0
S001,2022-09-05,4.0
S001,2022-09-06,2.0
S001,2022-09-07,4.0
S001,2022-09-08,5.0
S001,2022-09-09,5.0
S001,2022-09-11,5.0
S001,2022-09-12,5.0
S001,2022-09-13,4.0
S001,2022-09-14,4.0
S001,2022-09-15,5.0
S001,2022-09-17,4.0
S001,2022-09-18,5.0
S001,2022-09-19,1.0
S001,2022-09-20,2.0
S001,2022-09-21,4.0
S001,2022-09-22,1.0
S001,2022-09-23,2.0
S001,2022-09-24,4.0
S001,2022-09-25,2.0
S001,2022-09-26,5.0
S001,2022-09-27,4.0
S001,2022-09-28,5.0
S001,2022-09-29,5.0
S001,2022-09-30,3.0
S001,2022-10-01,3.0
S001,2022-10-02,3.0
S001,2022-10-03,4.0
S001,2022-10-04,3.0
S001,2022-10-05,4.0
S001,2022-10-06,1.0
S001,2022-10-07,4.0
S001,2022-10-10,4.0
S001,2022-10-11,4.0
S001,2022-10-12,4.0
S001,2022-10-13,3.0
S001,2022-10-14,2.0
S001,2022-10-15,3.0
S001,2022-10-16,4.0
S001,2022-10-17,3.0
S001,2022-10-18,4.0
S001,2022-10-19,3.0
S001,2022-10-20,2.0
S001,2022-10-21,4.0
S001,2022-10-22,2.0
S001,2022-10-23,4.0
S001,2022-10-24,4.0
S001,2022-10-25,5.0
S001,2022-10-26,4.0
S001,2022-10-27,4.0
S001,2022-10-28,3.0
S001,2022-10-29,4.0
S001,2022-10-30,4.0
S001,2022-10-31,4.0
S001,2022-11-01,3.0
S001,2022-11-02,4.0
S001,2022-11-03,2.0
S001,2022-11-04,4.0
S004,2022-09-01,3.0
S004,2022-09-02,5.0
S004,2022-09-04,4.0
S004,2022-09-05,5.0
S004,2022-09-06,5.0
S004,2022-09-07,3.5
S004,2022-09-08,5.0
S004,2022-09-09,3.0
S004,2022-09-13,5.0
S004,2022-09-14,5.0
S004,2022-09-15,5.0
S004,2022-09-16,5.0
S004,2022-09-17,5.0
S004,2022-09-18,5.0
S004,2022-09-19,3.0
S004,2022-09-20,5.0
S004,2022-09-21,5.0
S004,2022-09-22,5.0
S004,2022-09-23,5.0
S004,2022-09-24,5.0
S004,2022-09-25,5.0
S004,2022-09-26,5.0
S004,2022-09-27,5.0
S004,2022-09-28,5.0
S004,2022-09-29,5.0
S004,2022-09-30,5.0
S004,2022-10-01,3.0
S004,2022-10-02,5.0
S004,2022-10-03,5.0
S004,2022-10-04,5.0
S004,2022-10-05,3.0
S004,2022-10-06,5.0
S004,2022-10-07,4.0
S004,2022-10-08,3.0
S004,2022-10-09,5.0
S004,2022-10-10,5.0
S004,2022-10-11,5.0
S004,2022-10-12,3.0
S004,2022-10-13,4.0
S004,2022-10-14,5.0
S004,2022-10-15,5.0
S004,2022-10-16,5.0
S004,2022-10-17,5.0
S004,2022-10-18,5.0
S004,2022-10-19,5.0
S004,2022-10-20,5.0
S004,2022-10-21,5.0
S004,2022-10-23,5.0
S004,2022-10-24,5.0
S004,2022-10-25,5.0
S004,2022-10-26,5.0
S004,2022-10-27,5.0
S004,2022-10-28,5.0
S004,2022-10-29,3.0
S004,2022-10-30,5.0
S004,2022-11-01,4.0
S004,2022-11-02,5.0
S004,2022-11-03,5.0
S004,2022-11-04,5.0
S006,2022-09-01,4.0
S006,2022-09-02,4.0
S006,2022-09-04,4.0
S006,2022-09-05,4.0
S006,2022-09-06,4.0
S006,2022-09-07,4.0
S006,2022-09-08,4.0
S006,2022-09-09,4.0
S006,2022-09-12,4.0
S006,2022-09-13,4.0
S006,2022-09-14,4.0
S006,2022-09-15,4.0
S006,2022-09-16,4.0
S006,2022-09-17,4.0
S006,2022-09-18,4.0
S006,2022-09-19,4.0
S006,2022-09-20,4.0
S006,2022-09-21,4.0
S006,2022-09-22,4.0
S006,2022-09-23,4.0
S006,2022-09-24,5.0
S006,2022-09-25,4.0
S006,2022-09-26,4.0
S006,2022-09-27,4.0
S006,2022-09-28,4.0
S006,2022-09-29,4.0
S006,2022-09-30,5.0
S006,2022-10-01,4.0
S006,2022-10-02,4.0
S006,2022-10-03,4.0
S006,2022-10-04,4.0
S006,2022-10-05,4.0
S006,2022-10-06,4.0
S006,2022-10-07,4.0
S006,2022-10-08,5.0
S006,2022-10-09,5.0
S006,2022-10-10,5.0
S006,2022-10-11,4.0
S006,2022-10-12,5.0
S006,2022-10-13,5.0
S006,2022-10-14,5.0
S006,2022-10-15,5.0
S006,2022-10-16,5.0
S006,2022-10-17,5.0
S006,2022-10-19,5.0
S006,2022-10-20,5.0
S006,2022-10-21,4.0
S006,2022-10-22,4.0
S006,2022-10-23,5.0
S006,2022-10-25,4.0
S006,2022-10-27,5.0
S006,2022-10-29,3.0
S006,2022-10-30,4.0
S006,2022-10-31,4.0
S006,2022-11-03,5.0
S006,2022-11-04,4.0
S006,2022-11-05,4.0
S006,2022-11-06,5.0
S006,2022-11-07,4.0
S006,2022-11-08,5.0
S006,2022-11-10,4.0
S006,2022-11-11,4.0
S007,2022-09-01,4.5
S007,2022-09-02,5.0
S007,2022-09-04,5.0
S007,2022-09-05,5.0
S007,2022-09-06,5.0
S007,2022-09-07,5.0
S007,2022-09-08,1.0
S007,2022-09-09,5.0
S007,2022-09-11,5.0
S007,2022-09-12,5.0
S007,2022-09-13,5.0
S007,2022-09-14,1.0
S007,2022-09-15,5.0
S007,2022-09-16,4.0
S007,2022-09-17,1.0
S007,2022-09-18,5.0
S007,2022-09-19,4.0
S007,2022-09-20,3.0
S007,2022-09-21,5.0
S007,2022-09-22,4.0
S007,2022-09-23,5.0
S007,2022-09-24,4.0
S007,2022-09-25,5.0
S007,2022-09-26,5.0
S007,2022-09-27,5.0
S007,2022-09-28,4.0
S007,2022-09-29,4.0
S007,2022-09-30,3.0
S007,2022-10-01,1.0
S007,2022-10-02,4.0
S007,2022-10-03,5.0
S007,2022-10-04,1.0
S007,2022-10-05,4.0
S007,2022-10-06,2.0
S007,2022-10-07,4.0
S007,2022-10-08,4.0
S007,2022-10-09,3.0
S007,2022-10-10,4.0
S007,2022-10-11,2.0
S007,2022-10-12,4.0
S007,2022-10-13,4.0
S007,2022-10-14,1.0
S007,2022-10-15,3.0
S007,2022-10-16,1.0
S007,2022-10-17,1.0
S007,2022-10-18,4.0
S007,2022-10-19,4.0
S007,2022-10-20,4.0
S007,2022-10-21,2.0
S007,2022-10-22,2.0
S007,2022-10-23,2.0
S007,2022-10-24,3.0
S007,2022-10-25,3.0
S007,2022-10-26,5.0
S007,2022-10-27,4.0
S007,2022-10-28,3.0
S007,2022-10-29,5.0
S007,2022-10-30,3.0
S007,2022-10-31,1.0
S007,2022-11-01,4.0
S007,2022-11-02,2.0
S007,2022-11-03,4.0
S007,2022-11-04,4.0
S008,2022-09-01,4.0
S008,2022-09-02,4.0
S008,2022-09-04,4.0
S008,2022-09-05,4.0
S008,2022-09-06,4.0
S008,2022-09-07,4.0
S008,2022-09-08,4.0
S008,2022-09-09,4.0
S008,2022-09-12,4.0
S008,2022-09-13,5.0
S008,2022-09-14,4.0
S008,2022-09-15,4.0
S008,2022-09-16,4.0
S008,2022-09-17,4.0
S008,2022-09-18,4.0
S008,2022-09-19,4.0
S008,2022-09-20,4.0
S008,2022-09-21,4.0
S008,2022-09-22,4.0
S008,2022-09-23,4.0
S008,2022-09-24,5.0
S008,2022-09-27,4.0
S008,2022-09-28,4.0
S008,2022-09-29,4.0
S008,2022-09-30,3.0
S008,2022-10-01,4.0
S008,2022-10-02,4.0
S008,2022-10-03,5.0
S008,2022-10-04,2.0
S008,2022-10-05,5.0
S008,2022-10-06,4.0
S008,2022-10-07,4.0
S008,2022-10-08,4.0
S008,2022-10-09,4.0
S008,2022-10-11,4.0
S008,2022-10-12,4.0
S008,2022-10-13,4.0
S008,2022-10-16,4.0
S008,2022-10-21,4.0
S008,2022-10-23,4.0
S008,2022-10-25,4.0
S008,2022-10-26,4.0
S008,2022-10-27,4.0
S008,2022-10-28,5.0
S008,2022-11-02,4.0
S008,2022-11-03,4.0
S008,2022-11-06,5.0
S008,2022-11-07,4.0
S008,2022-11-08,4.0
S008,2022-11-09,4.0
S008,2022-11-10,4.0
S008,2022-11-11,3.0
S008,2022-11-13,4.0
S008,2022-11-14,4.0
S012,2022-09-01,5.0
S012,2022-09-02,2.0
S012,2022-09-04,4.0
S012,2022-09-05,5.0
S012,2022-09-06,5.0
S012,2022-09-07,5.0
S012,2022-09-08,4.0
S012,2022-09-09,5.0
S012,2022-09-11,3.0
S012,2022-09-12,5.0
S012,2022-09-13,5.0
S012,2022-09-14,5.0
S012,2022-09-15,5.0
S012,2022-09-16,4.0
S012,2022-09-17,5.0
S012,2022-09-18,5.0
S012,2022-09-19,5.0
S012,2022-09-20,5.0
S012,2022-09-21,4.0
S012,2022-09-22,3.0
S012,2022-09-23,2.0
S012,2022-09-24,5.0
S012,2022-09-25,3.0
S012,2022-09-26,5.0
S012,2022-09-27,5.0
S012,2022-09-28,5.0
S012,2022-09-29,5.0
S012,2022-09-30,5.0
S012,2022-10-01,5.0
S012,2022-10-02,5.0
S012,2022-10-03,5.0
S012,2022-10-04,5.0
S012,2022-10-05,5.0
S012,2022-10-06,5.0
S012,2022-10-07,5.0
S012,2022-10-08,5.0
S012,2022-10-09,4.0
S012,2022-10-10,5.0
S012,2022-10-11,5.0
S012,2022-10-12,5.0
S012,2022-10-13,2.0
S012,2022-10-14,5.0
S012,2022-10-16,5.0
S012,2022-10-17,5.0
S012,2022-10-18,2.0
S012,2022-10-19,5.0
S012,2022-10-20,2.0
S012,2022-10-21,3.0
S012,2022-10-22,4.0
S012,2022-10-23,4.0
S012,2022-10-24,5.0
S012,2022-10-25,4.0
S012,2022-10-26,5.0
S012,2022-10-27,4.0
S012,2022-10-28,5.0
S012,2022-10-30,4.0
S012,2022-10-31,3.0
S012,2022-11-01,4.0
S012,2022-11-02,5.0
S012,2022-11-03,5.0
S012,2022-11-04,4.0
S012,2022-11-05,5.0
S013,2022-09-01,3.0
S013,2022-09-02,4.0
S013,2022-09-04,4.0
S013,2022-09-05,4.0
S013,2022-09-06,4.0
S013,2022-09-07,4.0
S013,2022-09-08,4.0
S013,2022-09-09,4.0
S013,2022-09-10,4.0
S013,2022-09-12,3.0
S013,2022-09-13,3.0
S013,2022-09-14,4.0
S013,2022-09-15,4.0
S013,2022-09-16,3.0
S013,2022-09-17,4.0
S013,2022-09-21,4.0
S013,2022-09-22,3.0
S013,2022-09-23,4.0
S013,2022-09-24,4.0
S013,2022-09-25,4.0
S013,2022-09-26,4.0
S013,2022-09-27,3.0
S013,2022-09-28,4.0
S013,2022-09-29,4.0
S013,2022-09-30,4.0
S013,2022-10-01,4.0
S013,2022-10-02,4.0
S013,2022-10-12,5.0
S013,2022-10-13,5.0
S013,2022-10-14,4.0
S013,2022-10-15,3.0
S013,2022-10-16,4.0
S013,2022-10-17,4.0
S013,2022-10-18,4.0
S013,2022-10-19,5.0
S013,2022-10-20,4.0
S013,2022-10-21,2.0
S013,2022-10-22,4.0
S013,2022-10-23,4.0
S013,2022-10-25,4.0
S013,2022-10-26,3.0
S013,2022-10-27,5.0
S013,2022-10-28,4.0
S013,2022-10-29,4.0
S013,2022-10-30,4.0
S013,2022-10-31,5.0
S013,2022-11-01,5.0
S013,2022-11-02,4.0
S013,2022-11-03,5.0
S013,2022-11-05,4.0
S013,2022-11-06,4.0
S013,2022-11-07,4.0
S013,2022-11-08,4.0
S013,2022-11-09,4.0
S013,2022-11-10,4.0
S013,2022-11-11,4.0
S015,2022-09-01,4.0
S015,2022-09-02,3.5
S015,2022-09-04,2.0
S015,2022-09-05,4.0
S015,2022-09-06,3.0
S015,2022-09-07,4.0
S015,2022-09-08,5.0
S015,2022-09-09,3.5
S015,2022-09-11,4.0
S015,2022-09-12,3.0
S015,2022-09-13,3.0
S015,2022-09-14,3.5
S015,2022-09-15,2.0
S015,2022-09-16,4.0
S015,2022-09-17,3.0
S015,2022-09-18,4.0
S015,2022-09-19,3.0
S015,2022-09-20,4.0
S015,2022-09-21,3.0
S015,2022-09-22,3.5
S015,2022-09-23,3.5
S015,2022-09-24,4.0
S015,2022-09-25,3.5
S015,2022-09-26,4.0
S015,2022-09-27,3.5
S015,2022-09-28,2.0
S015,2022-09-29,5.0
S015,2022-09-30,4.0
S015,2022-10-01,4.0
S015,2022-10-02,4.0
S015,2022-10-03,5.0
S015,2022-10-04,5.0
S015,2022-10-05,1.0
S015,2022-10-06,3.0
S015,2022-10-07,4.0
S015,2022-10-09,5.0
S015,2022-10-10,4.0
S015,2022-10-11,4.0
S015,2022-10-12,4.0
S015,2022-10-13,4.0
S015,2022-10-14,3.0
S015,2022-10-15,4.0
S015,2022-10-16,4.0
S015,2022-10-17,4.0
S015,2022-10-18,2.0
S015,2022-10-19,1.0
S015,2022-10-20,4.0
S015,2022-10-21,2.0
S015,2022-10-22,2.0
S015,2022-10-23,2.0
S015,2022-10-24,4.0
S015,2022-10-25,2.0
S015,2022-10-26,3.0
S015,2022-10-27,4.0
S015,2022-10-28,4.0
S015,2022-10-29,5.0
S015,2022-10-30,5.0
S015,2022-10-31,4.0
S015,2022-11-01,2.0
S015,2022-11-02,1.0
S015,2022-11-03,4.0
S015,2022-11-04,2.0
S016,2022-09-01,3.0
S016,2022-09-02,5.0
S016,2022-09-04,4.0
S016,2022-09-05,3.0
S016,2022-09-06,3.5
S016,2022-09-07,2.0
S016,2022-09-08,4.0
S016,2022-09-09,3.5
S016,2022-09-10,3.0
S016,2022-09-12,4.0
S016,2022-09-13,4.0
S016,2022-09-14,4.0
S016,2022-09-15,4.0
S016,2022-09-16,1.0
S016,2022-09-17,3.0
S016,2022-09-18,3.0
S016,2022-09-19,1.0
S016,2022-09-20,3.0
S016,2022-09-21,2.0
S016,2022-09-22,4.0
S016,2022-09-23,3.5
S016,2022-09-26,3.0
S016,2022-09-27,2.0
S016,2022-09-28,3.0
S016,2022-09-29,2.0
S016,2022-09-30,1.0
S016,2022-10-01,4.0
S016,2022-10-03,4.0
S016,2022-10-04,4.0
S016,2022-10-05,1.0
S016,2022-10-06,3.0
S016,2022-10-07,4.0
S016,2022-10-08,3.0
S016,2022-10-09,3.0
S016,2022-10-10,4.0
S016,2022-10-11,1.0
S016,2022-10-12,2.0
S016,2022-10-13,3.0
S016,2022-10-14,2.0
S016,2022-10-16,4.0
S016,2022-10-17,4.0
S016,2022-10-18,1.0
S016,2022-10-19,2.0
S016,2022-10-20,4.0
S016,2022-10-21,4.0
S016,2022-10-22,4.0
S016,2022-10-23,3.0
S016,2022-10-24,2.0
S016,2022-10-25,4.0
S016,2022-10-26,4.0
S016,2022-10-27,4.0
S016,2022-10-28,4.0
S016,2022-10-31,4.0
S016,2022-11-01,2.0
S016,2022-11-02,1.0
S016,2022-11-03,1.0
S016,2022-11-04,2.0
S016,2022-11-05,4.0
S016,2022-11-06,3.0
S016,2022-11-07,4.0
S016,2022-11-08,3.0
S016,2022-11-09,4.0
S016,2022-11-10,3.0
S016,2022-11-11,2.0
S019,2022-09-01,4.0
S019,2022-09-02,4.0
S019,2022-09-04,4.0
S019,2022-09-05,4.0
S019,2022-09-06,3.0
S019,2022-09-07,4.0
S019,2022-09-08,2.0
S019,2022-09-09,4.0
S019,2022-09-11,3.0
S019,2022-09-12,4.0
S019,2022-09-13,3.0
S019,2022-09-14,4.0
S019,2022-09-15,4.0
S019,2022-09-16,2.0
S019,2022-09-17,3.0
S019,2022-09-18,4.0
S019,2022-09-19,4.0
S019,2022-09-20,4.0
S019,2022-09-21,4.0
S019,2022-09-22,4.0
S019,2022-09-23,4.0
S019,2022-09-24,4.0
S019,2022-09-25,4.0
S019,2022-09-26,4.0
S019,2022-09-27,4.0
S019,2022-09-28,5.0
S019,2022-09-29,5.0
S019,2022-09-30,3.0
S019,2022-10-02,3.0
S019,2022-10-03,4.0
S019,2022-10-04,4.0
S019,2022-10-05,2.0
S019,2022-10-06,3.0
S019,2022-10-07,4.0
S019,2022-10-08,3.0
S019,2022-10-09,4.0
S019,2022-10-10,3.0
S019,2022-10-11,3.0
S019,2022-10-12,4.0
S019,2022-10-13,3.0
S019,2022-10-14,3.0
S019,2022-10-15,3.0
S019,2022-10-16,3.0
S019,2022-10-17,3.0
S019,2022-10-18,4.0
S019,2022-10-19,3.0
S019,2022-10-20,4.0
S019,2022-10-21,4.0
S019,2022-10-23,3.0
S019,2022-10-24,4.0
S019,2022-10-25,4.0
S019,2022-10-26,4.0
S019,2022-10-27,4.0
S019,2022-10-28,4.0
S019,2022-10-29,4.0
S019,2022-10-30,3.0
S019,2022-10-31,4.0
S019,2022-11-01,3.0
S019,2022-11-02,4.0
S019,2022-11-03,3.0
S019,2022-11-04,2.0
S019,2022-11-13,3.0
S019,2022-11-14,4.0
S021,2022-09-01,4.0
S021,2022-09-02,5.0
S021,2022-09-03,4.0
S021,2022-09-04,4.0
S021,2022-09-05,4.5
S021,2022-09-06,3.5
S021,2022-09-07,5.0
S021,2022-09-08,4.5
S021,2022-09-09,4.5
S021,2022-09-10,5.0
S021,2022-09-11,4.5
S021,2022-09-12,5.0
S021,2022-09-13,5.0
S021,2022-09-14,5.0
S021,2022-09-15,4.0
S021,2022-09-16,4.5
S021,2022-09-17,5.0
S021,2022-09-18,5.0
S021,2022-09-19,5.0
S021,2022-09-20,5.0
S021,2022-09-21,5.0
S021,2022-09-22,5.0
S021,2022-09-23,4.0
S021,2022-10-02,4.0
S021,2022-10-03,3.0
S021,2022-10-04,4.0
S021,2022-10-05,5.0
S021,2022-10-06,4.0
S021,2022-10-07,5.0
S021,2022-10-08,4.0
S021,2022-10-09,5.0
S021,2022-10-10,5.0
S021,2022-10-11,4.0
S021,2022-10-12,5.0
S021,2022-10-13,5.0
S021,2022-10-14,4.0
S021,2022-10-15,5.0
S021,2022-10-16,5.0
S021,2022-10-17,5.0
S021,2022-10-18,5.0
S021,2022-10-19,4.0
S021,2022-10-20,5.0
S021,2022-10-21,5.0
S021,2022-10-22,3.0
S021,2022-10-23,4.0
S021,2022-10-24,5.0
S021,2022-10-25,4.0
S021,2022-10-26,5.0
S021,2022-10-27,5.0
S021,2022-10-28,5.0
S021,2022-10-29,5.0
S021,2022-10-30,5.0
S021,2022-10-31,5.0
S021,2022-11-01,4.0
S021,2022-11-02,5.0
S021,2022-11-03,4.0
S021,2022-11-04,4.0
S021,2022-11-05,4.0
S021,2022-11-06,4.0
S021,2022-11-07,4.0
S021,2022-11-08,5.0
S021,2022-11-09,5.0
S021,2022-11-10,5.0
S021,2022-11-11,4.0
S026,2022-09-02,5.0
S026,2022-09-03,5.0
S026,2022-09-04,5.0
S026,2022-09-05,5.0
S026,2022-09-06,5.0
S026,2022-09-07,5.0
S026,2022-09-08,4.0
S026,2022-09-09,5.0
S026,2022-09-11,5.0
S026,2022-09-12,5.0
S026,2022-09-13,5.0
S026,2022-09-14,5.0
S026,2022-09-15,3.0
S026,2022-09-16,5.0
S026,2022-09-17,5.0
S026,2022-09-18,5.0
S026,2022-09-19,5.0
S026,2022-09-20,5.0
S026,2022-09-21,5.0
S026,2022-09-22,3.0
S026,2022-09-23,4.0
S026,2022-09-24,5.0
S026,2022-09-25,2.0
S026,2022-09-26,4.0
S026,2022-09-27,4.0
S026,2022-09-28,5.0
S026,2022-09-29,3.0
S026,2022-10-02,1.0
S026,2022-10-03,5.0
S026,2022-10-04,5.0
S026,2022-10-05,5.0
S026,2022-10-06,2.0
S026,2022-10-07,5.0
S026,2022-10-08,2.0
S026,2022-10-09,1.0
S026,2022-10-10,4.0
S026,2022-10-11,5.0
S026,2022-10-12,2.0
S026,2022-10-13,4.0
S026,2022-10-14,5.0
S030,2022-09-25,4.0
S030,2022-09-26,3.0
S030,2022-09-27,4.0
S030,2022-09-28,5.0
S030,2022-09-29,3.0
S030,2022-09-30,4.0
S030,2022-10-04,4.0
S030,2022-10-05,4.0
S030,2022-10-06,4.0
S030,2022-10-07,4.0
S030,2022-10-08,5.0
S030,2022-10-09,4.0
S030,2022-10-10,5.0
S030,2022-10-17,4.0
S030,2022-10-18,4.0
S030,2022-10-19,4.0
S030,2022-10-21,4.0
S030,2022-10-22,4.0
S030,2022-10-23,4.0
S030,2022-10-29,4.0
S030,2022-10-30,4.0
S030,2022-10-31,5.0
S030,2022-11-01,4.0
S030,2022-11-02,4.0
S030,2022-11-03,4.0
S030,2022-11-04,4.0
S030,2022-11-05,4.0
S030,2022-11-06,5.0
S030,2022-11-07,3.0
S030,2022-11-08,3.0
S030,2022-11-09,5.0
S030,2022-11-10,4.0
S030,2022-11-11,4.0
S032,2022-09-02,4.0
S032,2022-09-04,4.0
S032,2022-09-05,4.0
S032,2022-09-06,4.0
S032,2022-09-07,4.0
S032,2022-09-08,4.0
S032,2022-09-09,4.0
S032,2022-09-11,4.0
S032,2022-09-12,4.0
S032,2022-09-13,4.0
S032,2022-09-14,4.0
S032,2022-09-15,4.0
S033,2022-09-03,3.0
S033,2022-09-04,4.0
S033,2022-09-05,3.0
S033,2022-09-06,4.0
S033,2022-09-07,4.0
S033,2022-09-08,3.0
S033,2022-09-09,3.0
S033,2022-09-11,3.0
S033,2022-09-12,4.0
S033,2022-09-13,3.0
S033,2022-09-14,3.0
S033,2022-09-15,3.0
S033,2022-09-16,3.0
S033,2022-09-17,3.0
S033,2022-09-18,3.0
S033,2022-09-19,4.0
S033,2022-09-20,4.0
S033,2022-09-21,4.0
S033,2022-09-22,3.0
S033,2022-09-23,3.0
S033,2022-10-01,4.0
S033,2022-10-02,3.0
S033,2022-10-03,3.0
S033,2022-10-04,3.0
S033,2022-10-05,4.0
S033,2022-10-06,3.0
S033,2022-10-07,3.0
S033,2022-10-08,3.0
S033,2022-10-09,3.0
S033,2022-10-10,4.0
S033,2022-10-11,3.0
S033,2022-10-12,4.0
S033,2022-10-13,3.0
S033,2022-10-14,3.0
S033,2022-10-16,3.0
S033,2022-10-17,2.0
S033,2022-10-18,2.0
S033,2022-10-19,4.0
S033,2022-10-20,3.0
S033,2022-10-21,3.0
S033,2022-10-22,3.0
S033,2022-10-25,3.0
S033,2022-10-26,3.0
S033,2022-10-28,3.0
S033,2022-11-01,2.0
S033,2022-11-02,3.0
S033,2022-11-03,3.0
S033,2022-11-04,3.0
S033,2022-11-05,3.0
S033,2022-11-06,3.0
S033,2022-11-07,3.0
S033,2022-11-08,3.0
S033,2022-11-09,3.0
S033,2022-11-10,4.0
S033,2022-11-11,3.0
S033,2022-11-13,3.0
S033,2022-11-14,3.0
S033,2022-11-15,3.0
S033,2022-11-17,3.0
S033,2022-11-18,3.0
S033,2022-11-19,3.0
S040,2022-09-05,2.0
S040,2022-09-06,3.0
S040,2022-09-07,3.0
S040,2022-09-08,3.0
S040,2022-09-09,3.0
S040,2022-09-11,3.0
S040,2022-09-12,4.0
S040,2022-09-13,3.0
S040,2022-09-14,3.0
S040,2022-09-15,3.0
S040,2022-09-16,3.0
S040,2022-09-17,3.0
S040,2022-09-18,4.0
S040,2022-09-19,3.0
S040,2022-09-20,3.0
S040,2022-09-21,3.0
S040,2022-09-22,3.0
S040,2022-09-23,4.0
S040,2022-09-25,3.0
S040,2022-09-26,4.0
S040,2022-09-27,3.0
S040,2022-09-28,5.0
S040,2022-09-29,5.0
S040,2022-09-30,2.0
S040,2022-10-01,5.0
S040,2022-10-02,2.0
S040,2022-10-03,4.0
S040,2022-10-04,3.0
S040,2022-10-05,4.0
S040,2022-10-06,4.0
S040,2022-10-07,2.0
S040,2022-10-08,4.0
S040,2022-10-09,5.0
S040,2022-10-10,4.0
S040,2022-10-11,5.0
S040,2022-10-12,4.0
S040,2022-10-13,4.0
S040,2022-10-14,4.0
S040,2022-10-15,2.0
S040,2022-10-16,5.0
S040,2022-10-17,3.0
S040,2022-10-18,4.0
S040,2022-10-19,4.0
S040,2022-10-20,4.0
S040,2022-10-21,5.0
S040,2022-10-23,4.0
S040,2022-10-24,4.0
S040,2022-10-25,4.0
S040,2022-10-26,4.0
S040,2022-10-27,3.0
S040,2022-10-28,5.0
S040,2022-10-29,2.0
S040,2022-11-05,3.0
S040,2022-11-06,4.0
S040,2022-11-07,2.0
S040,2022-11-08,4.0
S040,2022-11-09,3.0
S040,2022-11-10,4.0
S040,2022-11-11,2.0
S041,2022-09-05,4.0
S041,2022-09-06,5.0
S041,2022-09-07,5.0
S041,2022-09-08,3.0
S041,2022-09-09,5.0
S041,2022-09-14,5.0
S041,2022-09-15,5.0
S041,2022-09-16,5.0
S041,2022-09-17,5.0
S041,2022-09-18,4.0
S041,2022-09-19,5.0
S041,2022-09-20,5.0
S041,2022-09-21,5.0
S041,2022-09-22,5.0
S041,2022-09-23,5.0
S041,2022-09-24,4.0
S041,2022-09-25,5.0
S041,2022-09-26,4.0
S041,2022-09-27,4.0
S041,2022-09-28,5.0
S041,2022-09-29,5.0
S041,2022-09-30,3.0
S041,2022-10-01,4.0
S041,2022-10-02,4.0
S041,2022-10-03,2.0
S041,2022-10-04,4.0
S041,2022-10-05,4.0
S041,2022-10-06,5.0
S041,2022-10-07,5.0
S041,2022-10-08,4.0
S041,2022-10-09,4.0
S041,2022-10-10,5.0
S041,2022-10-11,5.0
S041,2022-10-12,5.0
S041,2022-10-13,4.0
S041,2022-10-14,3.0
S041,2022-10-15,4.0
S041,2022-10-16,4.0
S041,2022-10-17,4.0
S041,2022-10-18,5.0
S041,2022-10-19,5.0
S041,2022-10-20,5.0
S041,2022-10-21,5.0
S041,2022-10-22,5.0
S041,2022-10-23,5.0
S041,2022-10-24,5.0
S041,2022-10-25,5.0
S041,2022-10-26,5.0
S041,2022-10-27,5.0
S041,2022-10-28,5.0
S041,2022-10-30,5.0
S041,2022-10-31,4.0
S041,2022-11-01,5.0
S041,2022-11-02,5.0
S041,2022-11-03,5.0
S041,2022-11-04,5.0
S041,2022-11-05,4.0
S041,2022-11-06,3.0
S041,2022-11-07,4.0
S041,2022-11-08,4.0
S041,2022-11-09,5.0
S041,2022-11-10,4.0
S041,2022-11-11,5.0
S041,2022-11-12,5.0
S041,2022-11-13,5.0
S041,2022-11-14,5.0
S041,2022-11-15,4.0
S041,2022-11-16,5.0
S041,2022-11-17,4.0
S041,2022-11-18,5.0
S041,2022-11-20,5.0
S041,2022-11-21,3.0
S041,2022-11-22,5.0
S041,2022-11-23,4.0
S041,2022-11-24,5.0
S041,2022-11-25,5.0
S041,2022-11-26,3.0
S041,2022-11-27,2.0
S041,2022-11-28,3.0
S041,2022-11-29,4.0
S041,2022-11-30,4.0
S041,2022-12-01,4.0
S041,2022-12-02,5.0
S041,2022-12-03,5.0
S041,2022-12-04,2.0
S041,2022-12-05,5.0
S041,2022-12-06,5.0
S041,2022-12-07,4.0
S041,2022-12-08,5.0
S041,2022-12-09,5.0
S042,2022-09-05,4.0
S042,2022-09-06,5.0
S042,2022-09-07,5.0
S042,2022-09-08,5.0
S042,2022-09-09,5.0
S042,2022-09-11,5.0
S042,2022-09-12,5.0
S042,2022-09-13,5.0
S042,2022-09-14,5.0
S042,2022-09-15,5.0
S042,2022-09-17,5.0
S042,2022-09-18,5.0
S042,2022-09-19,5.0
S042,2022-09-20,5.0
S042,2022-09-21,2.0
S042,2022-09-22,5.0
S042,2022-09-23,3.0
S042,2022-09-24,5.0
S042,2022-09-25,5.0
S042,2022-09-26,5.0
S042,2022-09-27,5.0
S042,2022-09-28,4.0
S042,2022-09-29,5.0
S042,2022-09-30,5.0
S042,2022-10-01,3.0
S042,2022-10-02,5.0
S042,2022-10-03,2.0
S042,2022-10-04,3.0
S042,2022-10-05,5.0
S042,2022-10-06,5.0
S042,2022-10-07,5.0
S042,2022-10-08,5.0
S042,2022-10-09,5.0
S042,2022-10-10,5.0
S042,2022-10-11,5.0
S042,2022-10-12,5.0
S042,2022-10-13,5.0
S042,2022-10-14,5.0
S042,2022-10-15,4.0
S042,2022-10-16,5.0
S042,2022-10-17,2.0
S042,2022-10-18,5.0
S042,2022-10-19,5.0
S042,2022-10-20,5.0
S042,2022-10-21,5.0
S042,2022-10-22,5.0
S042,2022-10-23,2.0
S042,2022-10-24,5.0
S042,2022-10-25,5.0
S042,2022-10-26,5.0
S042,2022-10-27,5.0
S042,2022-10-28,5.0
S042,2022-10-29,5.0
S042,2022-10-30,2.0
S042,2022-10-31,5.0
S042,2022-11-01,5.0
S042,2022-11-02,5.0
S042,2022-11-03,5.0
S042,2022-11-04,5.0
S049,2022-10-06,3.0
S049,2022-10-07,4.0
S049,2022-10-09,5.0
S049,2022-10-10,4.0
S049,2022-10-11,4.0
S049,2022-10-12,4.0
S049,2022-10-13,4.0
S049,2022-10-14,2.0
S049,2022-10-15,3.0
S049,2022-10-26,4.0
S049,2022-10-27,1.0
S049,2022-10-28,2.0
S049,2022-10-29,4.0
S049,2022-10-30,4.0
S049,2022-10-31,2.0
S049,2022-11-01,2.0
S049,2022-11-02,1.0
S049,2022-11-03,2.0
S049,2022-11-04,3.0
S049,2022-11-05,2.0
S049,2022-11-06,3.0
S049,2022-11-07,3.0
S049,2022-11-08,4.0
S049,2022-11-09,4.0
S049,2022-11-10,5.0
S049,2022-11-11,5.0
S049,2022-11-12,5.0
S049,2022-11-13,5.0
S049,2022-11-14,5.0
S049,2022-11-15,5.0
S049,2022-11-16,4.0
S049,2022-11-17,5.0
S049,2022-11-18,5.0
S069,2022-10-04,4.0
S069,2022-10-05,4.0
S069,2022-10-06,4.0
S069,2022-10-07,4.0
S069,2022-10-11,4.0
S069,2022-10-12,4.0
S069,2022-10-13,4.0
S069,2022-10-14,4.0
S069,2022-10-15,4.0
S069,2022-10-16,4.0
S069,2022-10-17,4.0
S069,2022-10-18,4.0
S069,2022-10-19,4.0
S069,2022-10-20,4.0
S069,2022-10-21,5.0
S069,2022-10-22,4.0
S069,2022-10-24,4.0
S069,2022-10-25,4.0
S069,2022-10-26,4.0
S069,2022-10-27,4.0
S069,2022-10-28,4.0
S069,2022-10-29,4.0
S069,2022-10-31,4.0
S069,2022-11-01,4.0
S069,2022-11-02,4.0
S069,2022-11-03,4.0
S069,2022-11-04,3.0
S069,2022-11-05,4.0
S069,2022-11-08,4.0
S069,2022-11-09,4.0
S069,2022-11-10,4.0
S069,2022-11-11,4.0
S069,2022-11-12,4.0
S069,2022-11-13,4.0
S069,2022-11-14,4.0
S071,2022-10-04,4.0
S071,2022-10-05,4.0
S071,2022-10-06,4.0
S071,2022-10-07,4.0
S071,2022-10-08,4.0
S071,2022-10-09,4.0
S071,2022-10-10,4.0
S071,2022-10-11,4.0
S071,2022-10-12,4.0
S071,2022-10-13,4.0
S071,2022-10-14,3.0
S071,2022-10-15,4.0
S071,2022-10-16,4.0
S071,2022-10-17,4.0
S071,2022-10-18,2.0
S071,2022-10-19,4.0
S071,2022-10-20,4.0
S071,2022-10-21,4.0
S119,2022-08-07,4.0
S119,2022-08-08,3.0
S119,2022-08-09,4.0
S119,2022-08-10,4.0
S119,2022-08-11,3.0
S119,2022-08-12,4.0
S119,2022-08-15,3.0
S119,2022-08-16,4.0
S119,2022-08-17,4.0
S119,2022-08-18,4.0
S119,2022-08-19,3.0
S119,2022-08-21,4.0
S119,2022-08-22,4.0
S119,2022-08-25,4.0
S119,2022-08-26,4.0
S119,2022-08-28,3.0
S119,2022-08-29,4.0
S119,2022-08-30,4.0
S119,2022-08-31,4.0
S119,2022-09-01,4.0
S119,2022-09-02,4.0
S119,2022-09-04,4.0
S119,2022-09-05,4.0
S119,2022-09-06,4.0
S119,2022-09-07,4.0
S119,2022-09-08,4.0
S119,2022-09-09,4.0
S119,2022-09-11,4.0
S119,2022-09-12,4.0
S119,2022-09-13,4.0
S119,2022-09-14,4.0
S119,2022-09-15,4.0
S119,2022-09-16,4.0
S503,2022-09-14,4.0
S503,2022-09-15,4.0
S503,2022-09-16,2.0
S503,2022-09-17,3.0
S503,2022-09-18,3.0
S503,2022-09-19,2.0
S503,2022-09-20,3.0
S503,2022-09-21,4.0
S503,2022-09-22,3.0
S503,2022-09-23,2.0
S503,2022-09-25,4.0
S503,2022-09-26,1.0
S503,2022-09-27,4.0
S503,2022-09-28,1.0
S503,2022-09-29,2.0
S503,2022-09-30,3.0
S503,2022-10-01,2.0
S503,2022-10-02,4.0
S503,2022-10-03,3.0
S503,2022-10-04,3.0
S503,2022-10-05,2.0
S503,2022-10-06,2.0
S503,2022-10-07,2.0
S503,2022-10-08,2.0
S503,2022-10-09,3.0
S503,2022-10-10,2.0
S503,2022-10-11,2.0
S503,2022-10-12,2.0
S503,2022-10-13,1.0
S503,2022-10-14,2.0
S504,2022-09-15,4.0
S504,2022-09-16,4.0
S504,2022-09-18,4.0
S504,2022-09-19,4.0
S504,2022-09-20,4.0
S504,2022-09-21,4.0
S504,2022-09-22,4.0
S504,2022-09-23,5.0
S504,2022-09-24,4.0
S504,2022-09-25,4.0
S504,2022-09-26,4.0
S504,2022-09-27,4.0
S504,2022-09-29,4.0
S504,2022-09-30,4.0
S504,2022-10-02,4.0
S504,2022-10-03,5.0
S504,2022-10-05,4.0
S504,2022-10-06,4.0
S504,2022-10-07,4.0
S504,2022-10-09,4.0
S504,2022-10-11,4.0
S504,2022-10-12,4.0
S504,2022-10-13,4.0
S504,2022-10-14,4.0
S504,2022-10-15,4.0
S504,2022-10-16,4.0
S504,2022-10-17,4.0
S504,2022-10-18,4.0
S504,2022-10-19,4.0
S504,2022-10-20,4.0
S504,2022-10-23,4.0
S504,2022-10-24,4.0
S504,2022-10-26,4.0
S504,2022-10-27,4.0
S504,2022-10-28,4.0
S504,2022-10-30,4.0
S504,2022-10-31,4.0
S504,2022-11-01,4.0
S504,2022-11-02,4.0
S504,2022-11-03,4.0
S504,2022-11-04,4.0
S504,2022-11-05,4.0
S504,2022-11-06,4.0
S504,2022-11-07,4.0
S504,2022-11-08,4.0
S504,2022-11-09,4.0
S504,2022-11-10,4.0
S504,2022-11-11,4.0
S504,2022-11-12,4.0
S505,2022-09-15,4.0
S505,2022-09-16,3.0
S505,2022-09-26,4.0
S505,2022-09-27,1.0
S505,2022-09-28,5.0
S505,2022-09-29,5.0
S505,2022-09-30,3.0
S505,2022-10-01,2.0
S505,2022-10-03,4.0
S505,2022-10-04,4.0
S505,2022-10-05,5.0
S505,2022-10-06,3.0
S505,2022-10-07,5.0
S505,2022-10-10,4.0
S505,2022-10-11,4.0
S505,2022-10-12,2.0
S505,2022-10-13,3.0
S505,2022-10-14,5.0
S505,2022-10-15,3.0
S505,2022-10-16,5.0
S505,2022-10-17,5.0
S505,2022-10-18,3.0
S505,2022-10-19,4.0
S505,2022-10-20,3.0
S505,2022-10-21,5.0
S505,2022-10-24,3.0
S505,2022-10-25,3.0
S505,2022-10-26,2.0
S505,2022-10-27,5.0
S505,2022-10-28,2.0
S505,2022-10-29,1.0
S505,2022-10-30,2.0
S505,2022-11-01,5.0
S505,2022-11-02,3.0
S505,2022-11-04,4.0
S505,2022-11-05,2.0
S505,2022-11-06,5.0
S505,2022-11-07,1.0
S505,2022-11-08,4.0
S505,2022-11-09,3.0
S505,2022-11-10,5.0
S505,2022-11-11,5.0
S507,2022-09-22,3.0
S507,2022-09-23,2.0
S507,2022-09-25,1.0
S507,2022-09-26,2.0
S507,2022-09-27,3.0
S507,2022-09-28,3.0
S507,2022-09-29,3.0
S507,2022-09-30,4.0
S507,2022-10-01,1.0
S507,2022-10-02,2.0
S507,2022-10-03,2.0
S507,2022-10-04,3.0
S507,2022-10-05,3.0
S507,2022-10-06,3.0
S507,2022-10-07,3.0
S507,2022-10-08,3.0
S507,2022-10-09,2.0
S507,2022-10-10,1.0
S507,2022-10-11,2.0
S507,2022-10-12,2.0
S507,2022-10-13,3.0
S507,2022-10-14,3.0
S507,2022-10-15,2.0
S507,2022-10-16,3.0
S507,2022-10-17,3.0
S507,2022-10-19,4.0
S507,2022-10-20,2.0
S507,2022-10-21,3.0
S507,2022-10-23,2.0
S507,2022-10-24,1.0
S507,2022-10-25,3.0
S507,2022-10-26,3.0
S507,2022-10-27,3.0
S507,2022-10-28,2.0
S507,2022-10-29,3.0
S507,2022-10-31,3.0
S507,2022-11-01,2.0
S507,2022-11-02,3.0
S507,2022-11-03,3.0
S507,2022-11-04,2.0
S507,2022-11-05,3.0
S507,2022-11-06,2.0
S507,2022-11-07,1.0
S507,2022-11-08,1.0
S507,2022-11-09,2.0
S507,2022-11-10,1.0
S507,2022-11-11,1.0
S507,2022-11-12,2.0
S507,2022-11-13,2.0
S507,2022-11-14,2.0
S507,2022-11-15,1.0
S507,2022-11-16,2.0
S507,2022-11-17,1.0
S507,2022-11-18,2.0
S507,2022-11-19,1.0
S507,2022-11-20,3.0
S507,2022-11-21,2.0
S507,2022-11-22,3.0
S507,2022-11-23,2.0
S507,2022-11-24,2.0
S507,2022-11-25,2.0
S605,2022-08-05,3.0
S605,2022-08-06,4.0
S605,2022-08-07,3.0
S605,2022-08-08,4.0
S605,2022-08-09,4.0
S605,2022-08-11,5.0
S605,2022-08-12,4.0
S605,2022-08-13,5.0
S605,2022-08-15,4.0
S605,2022-08-17,3.0
S605,2022-08-18,3.0
S605,2022-08-22,3.0
S605,2022-08-23,3.0
S605,2022-08-24,3.0
S605,2022-08-25,3.0
S605,2022-08-28,3.0
S605,2022-08-29,3.0
S605,2022-08-30,3.0
S605,2022-08-31,4.5
S605,2022-09-01,5.0
S605,2022-09-02,4.0
S605,2022-09-03,4.0
S605,2022-09-04,4.0
S605,2022-09-05,4.0
S605,2022-09-06,5.0
S605,2022-09-07,4.5
S605,2022-09-08,4.0
S605,2022-09-09,4.0
S605,2022-09-10,4.0
S605,2022-09-11,4.0
S605,2022-09-12,4.0
S605,2022-09-13,4.0
S605,2022-09-14,4.0
S605,2022-09-15,4.0
S605,2022-09-16,4.0
S605,2022-09-19,5.0
S605,2022-09-20,4.0
S605,2022-09-21,4.0
S605,2022-09-22,4.0
S605,2022-09-23,4.0
S605,2022-09-24,4.0
S605,2022-09-25,4.0
S605,2022-09-27,4.0
S605,2022-09-28,4.0
S605,2022-09-29,4.0
S605,2022-09-30,4.0
S605,2022-10-01,4.0
S605,2022-10-02,4.0
S605,2022-10-03,4.0
S605,2022-10-04,4.0
S605,2022-10-05,4.0
S605,2022-10-06,4.0
S605,2022-10-07,4.0
S605,2022-10-08,4.0
S605,2022-10-09,4.0
S605,2022-10-25,4.0
S605,2022-10-26,4.0
S605,2022-10-27,4.0
S605,2022-10-28,4.0
S605,2022-10-29,4.0
S605,2022-10-30,4.0
S605,2022-10-31,4.0
S605,2022-11-19,4.0
S605,2022-11-20,4.0
S605,2022-11-21,4.0
S646,2022-09-01,3.0
S646,2022-09-05,3.0
S646,2022-09-06,4.0
S646,2022-09-07,4.0
S646,2022-09-08,4.0
S646,2022-09-10,4.0
S646,2022-09-11,4.0
S646,2022-09-12,2.0
S646,2022-09-13,4.0
S646,2022-09-14,4.0
S646,2022-09-15,4.0
S646,2022-09-18,4.0
S646,2022-09-20,2.0
S646,2022-09-21,3.0
S646,2022-09-22,4.0
S646,2022-09-26,2.5
S646,2022-09-30,4.0
S646,2022-10-01,4.0
S646,2022-10-02,4.0
S646,2022-10-03,4.0
S646,2022-10-05,4.0
S646,2022-10-10,4.0
S646,2022-10-11,5.0
S646,2022-10-12,4.0
S646,2022-10-13,3.0
S646,2022-10-17,4.0
S646,2022-10-18,4.0
S646,2022-10-22,4.0
S646,2022-10-23,3.0
S646,2022-10-24,2.5
S646,2022-10-26,3.0
S646,2022-10-30,3.0
S646,2022-10-31,4.0
S646,2022-11-10,3.5
S646,2022-11-14,4.0
S646,2022-11-15,4.0
S646,2022-11-16,3.5
S646,2022-11-19,4.0
S648,2022-09-02,4.0
S648,2022-09-05,2.5
S648,2022-09-06,4.0
S648,2022-09-07,3.0
S648,2022-09-08,2.5
S648,2022-09-09,3.5
S648,2022-09-10,4.0
S648,2022-09-11,4.0
S648,2022-09-12,4.5
S648,2022-09-13,4.0
S648,2022-09-14,4.0
S648,2022-09-15,5.0
S648,2022-09-16,3.0
S648,2022-09-19,4.0
S648,2022-09-20,4.0
S648,2022-09-21,4.0
S648,2022-09-22,4.0
S648,2022-09-23,3.0
S648,2022-09-24,4.0
S649,2022-09-05,4.0
S649,2022-09-06,4.0
S649,2022-09-07,3.5
S649,2022-09-08,3.0
S649,2022-09-09,4.0
S649,2022-09-10,4.0
S649,2022-09-11,5.0
S649,2022-09-12,5.0
S649,2022-09-13,5.0
S649,2022-09-14,5.0
S649,2022-09-15,3.0
S649,2022-09-16,2.0
S649,2022-09-24,4.0
S649,2022-09-25,5.0
S649,2022-09-26,4.0
S649,2022-09-27,3.0
S649,2022-09-28,4.0
S649,2022-09-29,4.0
S649,2022-09-30,5.0
S649,2022-10-02,5.0
S649,2022-10-03,5.0
S649,2022-10-04,4.0
S649,2022-10-05,3.0
S649,2022-10-06,4.0
S649,2022-10-07,5.0
S649,2022-10-08,5.0
S649,2022-10-09,4.0
S649,2022-10-10,3.0
S649,2022-10-11,4.0
S649,2022-10-12,3.0
S649,2022-10-13,4.0
S649,2022-10-14,4.0
S649,2022-10-15,3.0
S649,2022-10-18,2.0
S649,2022-10-19,3.0
S649,2022-10-20,2.0
S649,2022-10-21,1.0
S649,2022-10-22,3.0
S649,2022-10-23,2.0
S649,2022-10-24,1.0
S649,2022-11-07,4.0
S649,2022-11-08,4.0
S649,2022-11-09,4.0
S649,2022-11-10,4.0
S649,2022-11-11,4.0
S649,2022-11-12,4.0
S649,2022-11-13,3.0
S649,2022-11-14,3.0
S649,2022-11-15,4.0
S981,2022-09-15,4.0
S981,2022-09-16,4.0
S981,2022-09-18,3.0
S981,2022-09-19,3.0
S981,2022-09-20,3.0
S981,2022-09-21,3.0
S981,2022-09-22,4.0
S981,2022-09-23,4.0
S981,2022-09-24,3.0
S981,2022-09-25,2.0
S981,2022-09-26,5.0
S981,2022-09-27,3.0
S981,2022-09-28,4.0
S981,2022-09-29,2.0
S981,2022-09-30,3.0
S981,2022-10-01,4.0
S981,2022-10-02,3.0
S981,2022-10-03,4.0
S981,2022-10-04,4.0
S981,2022-10-05,3.0
S981,2022-10-06,4.0
S981,2022-10-07,5.0
S981,2022-10-08,2.0
S981,2022-10-09,4.0
S981,2022-10-10,4.0
S981,2022-10-11,3.0
S981,2022-10-12,3.0
S981,2022-10-13,4.0
S981,2022-10-14,4.0
S981,2022-10-16,3.0
S981,2022-10-17,3.0
S981,2022-10-18,3.0
S981,2022-10-19,2.0
S981,2022-10-20,3.0
S981,2022-10-21,3.0
S981,2022-10-22,4.0
S981,2022-10-23,4.0
S981,2022-10-24,4.0
S981,2022-10-25,3.0
S981,2022-10-26,4.0
S981,2022-10-27,5.0
S981,2022-10-28,4.0
S981,2022-10-29,4.0
S981,2022-10-30,4.0
S981,2022-11-01,3.0
S981,2022-11-02,2.0
S981,2022-11-03,3.0
S981,2022-11-04,4.0
S981,2022-11-05,3.0
S981,2022-11-08,3.0
S981,2022-11-09,2.0
S981,2022-11-10,2.0
S981,2022-11-11,3.0
S981,2022-11-14,2.0
S981,2022-11-15,2.0
S981,2022-11-16,3.0
S981,2022-11-17,2.0
S981,2022-11-18,1.0
S981,2022-11-19,2.0
S981,2022-11-20,2.0
S981,2022-11-21,2.0
S981,2022-11-22,3.0
S981,2022-11-23,3.0
S981,2022-11-24,4.0
S981,2022-11-25,3.0
S981,2022-11-26,4.0
S982,2022-09-15,5.0
S982,2022-09-16,5.0
S982,2022-09-17,5.0
S982,2022-09-18,5.0
S982,2022-09-19,5.0
S982,2022-09-20,5.0
S982,2022-09-21,5.0
S982,2022-09-22,5.0
S982,2022-09-23,5.0
S982,2022-09-24,5.0
S982,2022-09-25,5.0
S982,2022-09-26,5.0
S982,2022-09-27,5.0
S982,2022-09-28,5.0
S982,2022-09-29,5.0
S982,2022-09-30,5.0
S982,2022-10-02,5.0
S982,2022-10-03,5.0
S982,2022-10-04,5.0
S982,2022-10-05,4.0
S982,2022-10-06,5.0
S982,2022-10-07,5.0
S982,2022-10-08,5.0
S982,2022-10-09,4.0
S982,2022-10-10,5.0
S982,2022-10-11,5.0
S982,2022-10-12,5.0
S982,2022-10-13,5.0
S982,2022-10-14,5.0
S982,2022-10-15,5.0
S982,2022-10-18,5.0
S982,2022-10-19,5.0
S982,2022-10-20,5.0
S982,2022-10-21,5.0
S982,2022-10-22,5.0
S982,2022-10-23,5.0
S982,2022-10-24,5.0
S982,2022-10-25,5.0
S982,2022-10-26,5.0
S982,2022-10-27,4.0
S982,2022-10-28,5.0
S982,2022-10-29,5.0
S982,2022-10-30,5.0
S982,2022-10-31,5.0
S982,2022-11-01,5.0
S982,2022-11-02,5.0
S982,2022-11-03,5.0
S982,2022-11-04,5.0
S982,2022-11-05,5.0
S982,2022-11-08,5.0
S982,2022-11-09,5.0
S982,2022-11-10,5.0
S982,2022-11-11,5.0
S982,2022-11-12,5.0
S982,2022-11-13,5.0
S982,2022-11-14,5.0
S984,2022-09-21,4.0
S984,2022-09-22,3.0
S984,2022-09-23,4.0
S984,2022-09-24,4.0
S984,2022-09-26,4.0
S984,2022-09-27,4.0
S984,2022-09-28,4.0
S984,2022-09-29,5.0
S984,2022-09-30,5.0
S984,2022-10-01,4.0
S984,2022-10-02,4.0
S984,2022-11-10,4.0
S984,2022-11-11,4.0
S984,2022-11-12,4.0
S984,2022-11-13,4.0
S984,2022-11-18,4.0
S984,2022-11-19,3.0
S984,2022-11-20,4.0
S984,2022-11-21,3.0
S984,2022-11-22,4.0
S984,2022-11-23,4.0
S984,2022-11-24,4.0
S984,2022-11-25,4.0
S984,2022-11-26,4.0
S984,2022-11-27,4.0
S984,2022-11-28,4.0
S984,2022-11-29,4.0
S984,2022-11-30,4.0
S984,2022-12-01,4.0
S984,2022-12-02,4.0
S984,2022-12-03,4.0
S984,2022-12-05,4.0
S984,2022-12-06,4.0
S984,2022-12-07,3.0
S985,2022-09-16,3.0
S985,2022-09-18,4.0
S985,2022-09-19,5.0
S985,2022-09-20,5.0
S985,2022-09-21,4.0
S985,2022-09-22,4.0
S985,2022-09-23,4.0
S985,2022-09-24,4.0
S985,2022-09-25,5.0
S985,2022-09-26,4.0
S985,2022-09-27,5.0
S985,2022-09-28,5.0
S985,2022-09-29,3.0
S985,2022-09-30,4.0
S985,2022-10-01,4.0
S985,2022-10-02,5.0
S985,2022-10-03,4.0
S985,2022-10-04,5.0
S985,2022-10-05,4.0
S985,2022-10-06,4.0
S985,2022-10-07,4.0
S985,2022-10-08,4.0
S985,2022-10-10,4.0
S985,2022-10-11,4.0
S985,2022-10-12,4.0
S985,2022-10-13,5.0
S985,2022-10-14,4.0
S985,2022-10-15,3.0
S985,2022-10-16,3.0
S985,2022-10-17,4.0
S985,2022-10-18,3.0
S985,2022-10-19,4.0
S985,2022-10-20,4.0
S985,2022-10-21,3.0
S985,2022-10-22,4.0
S985,2022-10-23,5.0
S985,2022-10-24,4.0
S985,2022-10-25,5.0
S985,2022-10-26,4.0
S985,2022-10-27,5.0
S985,2022-10-28,4.0
S985,2022-10-31,4.0
S985,2022-11-01,4.0
S985,2022-11-02,4.0
S985,2022-11-03,4.0
S985,2022-11-04,4.0
S985,2022-11-05,4.0
S985,2022-11-06,5.0
S985,2022-11-11,4.0
S985,2022-11-12,4.0
S985,2022-11-13,4.0
S985,2022-11-14,4.0
S985,2022-11-15,4.0
S985,2022-11-16,3.0
S985,2022-11-17,4.0
S985,2022-11-18,4.0
S985,2022-11-21,2.0
S985,2022-11-22,3.0
S985,2022-11-23,4.0
S985,2022-11-24,4.0
S985,2022-11-25,4.0
S985,2022-11-26,4.0
S985,2022-11-27,4.0
S986,2022-09-15,3.5
S986,2022-09-16,5.0
S986,2022-09-18,5.0
S986,2022-09-19,5.0
S986,2022-09-20,5.0
S986,2022-09-21,5.0
S986,2022-09-22,5.0
S986,2022-09-23,5.0
S986,2022-09-24,5.0
S986,2022-09-25,5.0
S986,2022-09-26,5.0
S986,2022-09-27,5.0
S986,2022-09-28,5.0
S986,2022-09-29,5.0
S986,2022-09-30,5.0
S986,2022-10-01,5.0
S986,2022-10-02,5.0
S986,2022-10-03,5.0
S986,2022-10-04,5.0
S986,2022-10-05,5.0
S986,2022-10-06,5.0
S986,2022-10-07,5.0
S986,2022-10-08,5.0
S986,2022-10-09,5.0
S986,2022-10-10,5.0
S986,2022-10-11,5.0
S986,2022-10-12,3.0
S986,2022-10-13,4.0
S986,2022-10-14,3.0
S986,2022-10-15,5.0
S986,2022-10-16,5.0
S986,2022-10-17,5.0
S986,2022-10-18,4.0
S986,2022-10-19,5.0
S986,2022-10-20,5.0
S986,2022-10-21,5.0
S986,2022-10-22,5.0
S986,2022-10-23,5.0
S986,2022-10-24,1.0
S986,2022-10-25,5.0
S986,2022-10-26,5.0
S986,2022-10-27,5.0
S986,2022-10-28,5.0
S986,2022-10-29,5.0
S986,2022-10-30,5.0
S986,2022-10-31,5.0
S986,2022-11-01,5.0
S986,2022-11-02,5.0
S986,2022-11-03,5.0
S986,2022-11-04,5.0
S986,2022-11-06,5.0
S986,2022-11-07,5.0
S986,2022-11-08,1.0
S986,2022-11-09,5.0
S986,2022-11-10,5.0
S986,2022-11-11,5.0
S986,2022-11-12,5.0
S986,2022-11-13,5.0
S986,2022-11-14,5.0
S986,2022-11-15,3.0
S986,2022-11-16,5.0
S986,2022-11-17,5.0
S986,2022-11-18,5.0
S986,2022-11-19,5.0
S986,2022-11-20,5.0
S986,2022-11-21,5.0
S986,2022-11-22,5.0
S986,2022-11-23,5.0
S986,2022-11-24,2.0
S986,2022-11-25,5.0
S986,2022-11-26,5.0
S987,2022-10-14,4.0
S987,2022-10-15,5.0
S987,2022-10-16,4.0
S987,2022-10-17,5.0
S987,2022-10-18,5.0
S987,2022-10-19,5.0
S987,2022-10-20,4.0
S987,2022-10-21,4.0
S987,2022-10-22,4.0
S987,2022-10-23,4.0
S987,2022-10-24,4.0
S987,2022-10-25,5.0
S987,2022-10-26,3.0
S987,2022-10-27,4.0
S987,2022-10-28,5.0
S987,2022-10-29,4.0
S987,2022-10-30,5.0
S987,2022-10-31,5.0
S987,2022-11-01,3.0
S987,2022-11-12,3.0
S987,2022-11-13,4.0
S987,2022-11-14,3.0
S987,2022-11-24,3.0
S987,2022-11-25,5.0
S987,2022-11-26,4.0
S987,2022-11-27,4.0
S987,2022-11-28,5.0
S987,2022-11-29,5.0
S987,2022-11-30,4.0
S987,2022-12-02,4.0
S987,2022-12-03,5.0
S987,2022-12-04,5.0
S987,2022-12-07,5.0
S987,2022-12-08,5.0
S987,2022-12-10,4.0
S987,2022-12-11,4.0
S987,2022-12-12,5.0
S987,2022-12-13,4.0
S987,2022-12-17,5.0
S987,2022-12-18,5.0
S987,2022-12-21,5.0
S987,2022-12-22,5.0
S987,2022-12-23,4.0
S988,2022-09-15,3.0
S988,2022-09-16,3.0
S988,2022-09-17,3.0
S988,2022-09-18,3.0
S988,2022-09-19,3.0
S988,2022-09-20,3.0
S988,2022-09-21,3.0
S988,2022-09-22,3.0
S988,2022-09-23,3.0
S988,2022-09-24,3.0
S988,2022-09-25,3.0
S988,2022-09-26,3.0
S988,2022-09-27,3.0
S988,2022-09-28,3.0
S988,2022-09-29,3.0
S988,2022-09-30,3.0
S988,2022-10-01,3.0
S988,2022-10-02,3.0
S988,2022-10-03,3.0
S988,2022-10-04,3.0
S988,2022-10-05,3.0
S988,2022-10-06,3.0
S988,2022-10-07,3.0
S988,2022-10-08,3.0
S988,2022-10-09,3.0
S988,2022-10-10,3.0
S988,2022-10-11,3.0
S988,2022-10-12,3.0
S988,2022-10-13,3.0
S988,2022-10-14,3.0
S988,2022-10-18,3.0
S988,2022-10-19,3.0
S988,2022-10-20,3.0
S988,2022-10-21,3.0
S988,2022-10-22,3.0
S988,2022-10-23,3.0
S988,2022-10-24,3.0
S988,2022-10-25,3.0
S988,2022-10-26,3.0
S988,2022-10-27,3.0
S988,2022-10-28,3.0
S988,2022-10-29,3.0
S988,2022-10-30,3.0
S988,2022-10-31,3.0
S988,2022-11-01,3.0
S988,2022-11-02,3.0
S988,2022-11-03,3.0
S988,2022-11-04,3.0
S988,2022-11-06,3.0
S988,2022-11-07,2.0
S988,2022-11-08,2.0
S988,2022-11-09,2.0
S988,2022-11-10,2.0
S988,2022-11-11,1.0
S988,2022-11-12,3.0
S988,2022-11-13,2.0
S988,2022-11-14,2.0
S988,2022-11-15,2.0
S988,2022-11-16,1.0
S988,2022-11-17,2.0
S988,2022-11-18,2.0
S989,2022-09-15,4.0
S989,2022-09-16,4.0
S989,2022-09-18,4.0
S989,2022-09-19,3.0
S989,2022-09-20,4.0
S989,2022-09-21,3.0
S989,2022-09-22,4.0
S989,2022-09-23,3.0
S989,2022-09-24,2.0
S989,2022-09-25,2.0
S989,2022-09-26,4.0
S989,2022-09-27,5.0
S989,2022-09-28,3.0
S989,2022-09-29,3.0
S989,2022-09-30,4.0
S989,2022-10-01,3.0
S989,2022-10-02,4.0
S989,2022-10-03,4.0
S989,2022-10-04,4.0
S989,2022-10-05,3.0
S989,2022-10-06,4.0
S989,2022-10-07,3.0
S989,2022-10-08,3.0
S989,2022-10-11,2.0
S989,2022-10-12,2.0
S989,2022-10-13,3.0
S989,2022-10-14,2.0
S989,2022-10-15,2.0
S989,2022-10-16,2.0
S989,2022-10-17,1.0
S989,2022-10-18,4.0
S989,2022-10-19,4.0
S989,2022-10-20,4.0
S989,2022-10-21,4.0
S989,2022-10-22,3.0
S989,2022-10-23,4.0
S989,2022-10-24,4.0
S989,2022-10-25,4.0
S989,2022-10-26,4.0
S989,2022-10-27,4.0
S989,2022-10-28,4.0
S989,2022-10-30,2.0
S989,2022-10-31,4.0
S989,2022-11-01,3.0
S989,2022-11-02,2.0
S989,2022-11-03,3.0
S989,2022-11-04,4.0
S989,2022-11-05,4.0
S989,2022-11-06,4.0
S989,2022-11-07,4.0
S989,2022-11-08,4.0
S989,2022-11-09,4.0
S989,2022-11-10,3.0
S989,2022-11-11,3.0
S989,2022-11-14,3.0
S989,2022-11-15,5.0
S989,2022-11-16,4.0
S989,2022-11-17,4.0
S989,2022-11-18,3.0
S989,2022-11-19,3.0
S989,2022-11-20,2.0
S989,2022-11-21,2.0
S989,2022-11-22,3.0
S989,2022-11-23,4.0
S989,2022-11-24,3.0
S989,2022-11-25,4.0
S991,2022-09-15,5.0
S991,2022-09-16,5.0
S991,2022-09-17,5.0
S991,2022-09-18,5.0
S991,2022-09-19,5.0
S991,2022-09-20,5.0
S991,2022-09-21,5.0
S991,2022-09-22,5.0
S991,2022-09-23,5.0
S991,2022-09-24,5.0
S991,2022-09-25,5.0
S991,2022-09-26,5.0
S991,2022-09-27,5.0
S991,2022-09-28,5.0
S991,2022-09-29,5.0
S991,2022-10-01,5.0
S991,2022-10-02,5.0
S991,2022-10-03,5.0
S991,2022-10-04,5.0
S991,2022-10-05,5.0
S991,2022-10-06,5.0
S991,2022-10-07,5.0
S991,2022-10-08,5.0
S991,2022-10-09,5.0
S991,2022-10-10,5.0
S991,2022-10-11,5.0
S991,2022-10-12,5.0
S991,2022-10-13,5.0
S991,2022-10-14,5.0
S991,2022-10-15,5.0
S991,2022-10-16,5.0
S991,2022-10-17,5.0
S991,2022-10-18,5.0
S991,2022-10-19,5.0
S991,2022-10-20,5.0
S991,2022-10-21,5.0
S991,2022-10-22,5.0
S991,2022-10-23,5.0
S991,2022-10-24,5.0
S991,2022-10-25,5.0
S991,2022-10-26,5.0
S991,2022-10-27,5.0
S991,2022-10-28,5.0
S991,2022-10-30,5.0
S991,2022-10-31,5.0
S991,2022-11-01,5.0
S991,2022-11-02,5.0
S991,2022-11-03,5.0
S991,2022-11-04,5.0
S991,2022-11-05,5.0
S991,2022-11-06,5.0
S991,2022-11-07,5.0
S991,2022-11-08,5.0
S991,2022-11-09,5.0
S991,2022-11-10,5.0
S991,2022-11-11,5.0
S991,2022-11-12,5.0
S991,2022-11-13,5.0
S991,2022-11-14,5.0
S991,2022-11-15,5.0
S991,2022-11-16,5.0
S991,2022-11-17,5.0
S991,2022-11-18,5.0
S992,2022-09-13,2.0
S992,2022-09-14,3.0
S992,2022-09-15,4.0
S992,2022-09-16,2.6666666666666665
S992,2022-09-18,4.0
S992,2022-09-19,3.0
S992,2022-09-20,3.0
S992,2022-09-21,1.0
S992,2022-09-22,1.0
S992,2022-09-23,3.0
S992,2022-09-24,2.0
S992,2022-09-25,3.0
S992,2022-09-26,3.0
S992,2022-09-27,2.0
S992,2022-09-28,3.0
S992,2022-09-29,4.0
S992,2022-09-30,5.0
S992,2022-10-01,3.0
S992,2022-10-02,1.0
S992,2022-10-03,3.0
S992,2022-10-04,1.0
S992,2022-10-05,3.0
S992,2022-10-06,1.0
S992,2022-10-07,2.0
S992,2022-10-08,3.0
S992,2022-10-09,3.0
S992,2022-10-10,3.0
S992,2022-10-11,3.0
S992,2022-10-12,4.0
S992,2022-10-13,3.0
S992,2022-10-14,3.0
S992,2022-10-15,3.0
S992,2022-10-16,3.0
S992,2022-10-17,3.0
S992,2022-10-18,3.0
S992,2022-10-19,3.0
S992,2022-10-20,3.0
S992,2022-10-21,4.0
S992,2022-10-23,3.0
S992,2022-10-25,3.5
S992,2022-10-26,2.0
S992,2022-10-27,3.0
S992,2022-10-28,1.0
S992,2022-10-29,2.0
S992,2022-10-30,3.0
S992,2022-10-31,2.0
S992,2022-11-01,1.0
S992,2022-11-02,4.0
S992,2022-11-03,4.0
S992,2022-11-04,4.0
S992,2022-11-05,3.0
S992,2022-11-06,3.0
S992,2022-11-07,3.0
S992,2022-11-08,2.0
S992,2022-11-09,2.0
S992,2022-11-10,3.0
S992,2022-11-11,4.0
S992,2022-11-12,4.0
S993,2022-09-15,5.0
S993,2022-09-16,5.0
S993,2022-09-18,5.0
S993,2022-09-19,5.0
S993,2022-09-20,5.0
S993,2022-09-21,5.0
S993,2022-09-22,5.0
S993,2022-09-23,5.0
S993,2022-09-24,5.0
S993,2022-09-25,5.0
S993,2022-09-26,5.0
S993,2022-09-27,5.0
S993,2022-09-28,5.0
S993,2022-09-29,5.0
S993,2022-09-30,5.0
S993,2022-10-08,5.0
S993,2022-10-09,5.0
S993,2022-10-10,5.0
S993,2022-10-11,5.0
S993,2022-10-12,5.0
S993,2022-10-13,5.0
S993,2022-10-14,5.0
S993,2022-10-19,4.0
S993,2022-10-20,4.0
S993,2022-10-21,5.0
S993,2022-10-22,5.0
S993,2022-10-23,5.0
S993,2022-10-24,5.0
S993,2022-10-25,5.0
S993,2022-11-08,5.0
S993,2022-11-09,5.0
S993,2022-11-14,5.0
S993,2022-11-15,5.0
S993,2022-11-16,5.0
S993,2022-11-17,5.0
S993,2022-11-18,5.0
S994,2022-09-15,4.0
S994,2022-09-16,4.5
S994,2022-09-18,5.0
S994,2022-09-19,4.0
S994,2022-09-20,4.0
S994,2022-09-21,5.0
S994,2022-09-22,5.0
S994,2022-09-23,5.0
S994,2022-09-24,5.0
S994,2022-09-26,5.0
S994,2022-09-27,5.0
S994,2022-09-28,5.0
S994,2022-09-29,2.0
S994,2022-09-30,1.0
S994,2022-10-01,2.0
S994,2022-10-02,5.0
S994,2022-10-03,5.0
S994,2022-10-04,4.0
S994,2022-10-05,5.0
S994,2022-10-06,5.0
S994,2022-10-07,3.0
S994,2022-10-08,4.0
S994,2022-10-09,4.0
S994,2022-10-10,5.0
S994,2022-10-11,4.0
S994,2022-10-12,3.0
S994,2022-10-13,5.0
S994,2022-10-14,4.0
S994,2022-10-16,4.0
S994,2022-10-18,5.0
S994,2022-10-19,4.0
S994,2022-10-20,4.0
S994,2022-10-21,4.0
S994,2022-10-22,4.0
S994,2022-10-24,4.0
S994,2022-10-25,5.0
S994,2022-10-26,5.0
S994,2022-10-27,5.0
S994,2022-10-28,4.0
S994,2022-10-29,3.0
S994,2022-10-30,5.0
S994,2022-10-31,4.0
S994,2022-11-01,3.0
S994,2022-11-02,4.0
S994,2022-11-03,2.0
S994,2022-11-04,4.0
S994,2022-11-06,5.0
S994,2022-11-07,3.0
S994,2022-11-08,3.0
S994,2022-11-09,3.0
S994,2022-11-10,2.0
S994,2022-11-11,5.0
S994,2022-11-12,5.0
