id,S_person,n_weeks,n_valid_days,n_total_days,coverage_ratio_sleeptime_only,W_tib,D_tib
S001,5.05,10,67,67,1.0,8.0906432748538,-3.0406432748538004
S004,8.8,10,60,66,0.9090909090909092,,
S006,7.636363636363637,11,0,75,0.0,,
S007,6.4,10,17,70,0.2428571428571428,,
S008,7.757575757575757,11,46,71,0.647887323943662,7.890384615384615,-0.1328088578088584
S012,6.8,10,42,69,0.6086956521739131,6.91547619047619,-0.1154761904761905
S013,8.090909090909092,11,62,64,0.96875,8.001851851851852,0.0890572390572401
S015,7.9,10,0,68,0.0,,
S016,8.090909090909092,11,49,71,0.6901408450704225,8.700980392156861,-0.6100713012477694
S019,7.677272727272728,11,68,75,0.9066666666666666,7.703333333333333,-0.0260606060606054
S021,5.911666666666667,10,6,69,0.0869565217391304,8.516666666666667,-2.6050000000000004
S026,7.428571428571429,7,32,48,0.6666666666666666,,
S030,7.7,5,34,35,0.9714285714285714,7.759722222222222,-0.0597222222222217
S032,10.333333333333334,3,8,20,0.4,,
S033,5.454545454545454,11,4,68,0.0588235294117647,6.716666666666667,-1.2621212121212126
S040,7.444444444444445,9,62,62,1.0,7.435555555555555,0.0088888888888893
S041,5.746428571428572,14,90,92,0.9782608695652174,6.633333333333334,-0.8869047619047619
S042,6.666666666666667,9,50,63,0.7936507936507936,7.001149425287356,-0.3344827586206893
S049,6.0,7,0,40,0.0,,
S069,5.836111111111111,6,36,39,0.9230769230769232,6.548529411764706,-0.7124183006535949
S071,8.0,3,20,20,1.0,7.016666666666667,0.9833333333333334
S119,7.583333333333333,10,63,69,0.9130434782608696,8.0,-0.4166666666666669
S503,8.1,5,7,34,0.2058823529411764,,
S504,9.125,8,55,55,1.0,8.065942028985507,1.059057971014493
S505,5.941666666666666,8,44,49,0.8979591836734694,7.0528455284552845,-1.111178861788618
S507,5.7,10,63,67,0.9402985074626866,5.919444444444445,-0.219444444444445
S605,6.0,15,5,94,0.0531914893617021,12.25,-6.25
S646,7.5,12,73,73,1.0,7.832835820895522,-0.3328358208955224
S648,6.25,4,11,26,0.4230769230769231,5.733333333333333,0.5166666666666666
S649,7.5,8,51,51,1.0,7.58,-0.08
S981,5.112121212121213,11,69,74,0.9324324324324323,6.021153846153847,-0.9090326340326332
S982,5.68148148148148,9,56,60,0.9333333333333332,6.445833333333334,-0.7643518518518535
S984,7.5,8,21,43,0.4883720930232558,7.477777777777778,0.0222222222222221
S985,7.031818181818181,11,64,69,0.927536231884058,7.503333333333333,-0.4715151515151516
S986,6.533333333333332,11,71,76,0.9342105263157896,7.161640211640212,-0.6283068783068799
S987,7.388888888888889,9,15,51,0.2941176470588235,6.672222222222222,0.7166666666666677
S988,5.5,10,32,66,0.4848484848484848,6.583333333333333,-1.083333333333333
S989,7.207575757575757,11,66,71,0.9295774647887324,8.016379310344828,-0.8088035527690707
S991,7.55,10,25,68,0.3676470588235294,6.77051282051282,0.7794871794871794
S992,6.437037037037038,9,59,62,0.9516129032258064,6.843030303030303,-0.4059932659932652
S993,6.875,8,39,45,0.8666666666666667,6.673333333333333,0.2016666666666671
S994,6.720370370370371,9,54,59,0.9152542372881356,7.263666666666666,-0.5432962962962957
