id,survey_date,q1-1,q1-2,q2,q3,q4,q5,q6,q6-1-1,q6-1-2,q6-1-3,q6-1-4,q6-2-1,q6-2-2,q6-2-3,q6-2-4,q6-3-1,q6-3-2,q6-3-3,q6-3-4,q7,q7-1,q7-2,q8-1,q8-2,q9,mq1,mq2,mq3,mq4,s_bedtime_raw,s_waketime_raw,survey_dur_calc,survey_dur_q1,internal_inconsistency,s_walk_yn,s_walk_freq,s_walk_dur,s_walk_total,stress_score,stress_between,stress_within,mood_n,mood_mean,mood_sd,mood_min,mood_max,gender
S001,2022-09-04,5,0,03:00,08:00,1,1,2,요가(또는 필라테스),2,1,-1,0,,,,0,,,,2,1,20,0,30,5,2,2,2,2,180.0,480.0,5.0,5.0,0.0,1,1.0,20.0,20.0,0.5836138327227002,0.658893279656706,-0.0752794469340057,3,3.0,1.0,2.0,4.0,2
S001,2022-09-10,6,0,02:00,08:10,2,2,2,요가(또는 필라테스),2,1,-1,0,,,,0,,,,2,2,30,0,30,5,2,3,2,2,120.0,490.0,6.166666666666667,6.0,0.1666666666666669,1,2.0,30.0,60.0,0.2266035693793273,0.658893279656706,-0.4322897102773786,6,2.0,1.095445115010332,1.0,4.0,2
S001,2022-09-17,5,30,02:37,08:10,3,1,2,요가(또는 필라테스),2,1,-1,0,,,,0,,,,2,2,30,0,30,8,2,4,2,2,157.0,490.0,5.55,5.5,0.0499999999999998,1,2.0,30.0,60.0,-0.1304066939640455,0.658893279656706,-0.7892999736207515,5,1.4,0.5477225575051661,1.0,2.0,2
S001,2022-09-24,6,0,01:30,08:00,3,2,2,요가(또는 필라테스),2,1,-1,0,,,,0,,,,2,2,30,0,30,15,2,2,2,1,90.0,480.0,6.5,6.0,0.5,1,2.0,30.0,60.0,0.2403109145743222,0.658893279656706,-0.4185823650823838,7,3.2857142857142856,1.6035674514745464,1.0,5.0,2
S001,2022-10-01,6,0,02:29,08:20,4,2,1,-1,-1,-1,-1,-1,-1.0,-1.0,-1.0,-1,-1.0,-1.0,-1.0,1,-1,-1,1,0,20,2,2,3,2,149.0,500.0,5.85,6.0,0.1500000000000003,0,0.0,,0.0,0.5836138327227002,0.658893279656706,-0.0752794469340057,7,2.0,1.1547005383792517,1.0,4.0,2
S001,2022-10-08,4,0,03:00,07:50,4,3,2,요가(또는 필라테스),3,1,-1,0,,,,0,,,,2,2,60,0,30,15,3,2,2,3,180.0,470.0,4.833333333333333,4.0,0.833333333333333,1,2.0,60.0,120.0,1.4249933130100096,0.658893279656706,0.7661000333533037,7,2.857142857142857,1.0690449676496974,2.0,5.0,2
S001,2022-10-17,5,0,02:30,08:00,3,3,2,요가(또는 필라테스),3,1,-1,0,,,,0,,,,2,2,60,1,0,20,3,2,2,2,150.0,480.0,5.5,5.0,0.5,1,2.0,60.0,120.0,1.0816903948616314,0.658893279656706,0.4227971152049254,7,2.571428571428572,0.7867957924694432,2.0,4.0,2
S001,2022-10-22,4,0,02:40,07:40,3,3,2,요가(또는 필라테스),2,1,-1,0,,,,0,,,,2,1,30,0,30,10,3,2,4,4,160.0,460.0,5.0,4.0,1.0,1,1.0,30.0,30.0,1.7682962311583876,0.658893279656706,1.1094029515016817,7,2.7142857142857144,0.7559289460184545,2.0,4.0,2
S001,2022-10-29,4,0,03:47,08:40,1,1,2,요가(또는 필라테스),2,1,-1,0,,,,0,,,,2,1,30,0,30,5,2,2,3,2,227.0,520.0,4.883333333333334,4.0,0.8833333333333337,1,1.0,30.0,30.0,0.5836138327227002,0.658893279656706,-0.0752794469340057,7,2.2857142857142856,0.951189731211342,1.0,4.0,2
S001,2022-11-05,5,0,02:44,08:00,1,3,2,요가(또는 필라테스),3,1,-1,0,,,,0,,,,2,1,30,0,40,10,2,3,2,2,164.0,480.0,5.266666666666667,5.0,0.2666666666666666,1,1.0,30.0,30.0,0.2266035693793273,0.658893279656706,-0.4322897102773786,7,2.4285714285714284,0.7867957924694432,2.0,4.0,2
S004,2022-09-04,6,0,05:00,12:00,4,4,1,-1,-1,-1,-1,-1,-1.0,-1.0,-1.0,-1,-1.0,-1.0,-1.0,1,-1,-1,0,30,3,2,2,2,2,300.0,720.0,7.0,6.0,1.0,0,0.0,,0.0,0.5836138327227002,0.5963497280827565,-0.0127358953600563,2,2.0,1.4142135623730951,1.0,3.0,2
S004,2022-09-10,6,0,05:00,00:00,4,4,1,-1,-1,-1,-1,-1,-1.0,-1.0,-1.0,-1,-1.0,-1.0,-1.0,1,-1,-1,0,20,3,2,3,2,2,,,19.0,6.0,13.0,0,0.0,,0.0,0.2266035693793273,0.5963497280827565,-0.3697461587034292,6,1.75,0.8803408430829505,1.0,3.0,2
S004,2022-09-20,12,0,05:35,15:35,4,4,1,-1,-1,-1,-1,-1,-1.0,-1.0,-1.0,-1,-1.0,-1.0,-1.0,1,-1,-1,0,10,2,1,4,4,4,335.0,935.0,10.0,12.0,2.0,0,0.0,,0.0,0.0581225801937791,0.5963497280827565,-0.5382271478889774,7,1.2857142857142858,0.7559289460184545,1.0,3.0,2
S004,2022-09-25,15,0,03:00,10:00,4,4,1,-1,-1,-1,-1,-1,-1.0,-1.0,-1.0,-1,-1.0,-1.0,-1.0,1,-1,-1,0,20,3,2,2,3,2,,,7.0,15.0,8.0,0,0.0,,0.0,0.5836138327227002,0.5963497280827565,-0.0127358953600563,7,1.2857142857142858,0.7559289460184545,1.0,3.0,2
S004,2022-10-02,9,0,03:10,00:05,4,4,1,-1,-1,-1,-1,-1,-1.0,-1.0,-1.0,-1,-1.0,-1.0,-1.0,1,-1,-1,0,20,3,2,2,2,2,,,20.916666666666668,9.0,11.916666666666668,0,0.0,,0.0,0.5836138327227002,0.5963497280827565,-0.0127358953600563,7,1.2857142857142858,0.7559289460184545,1.0,3.0,2
S004,2022-10-09,10,0,02:28,12:28,3,3,1,-1,-1,-1,-1,-1,-1.0,-1.0,-1.0,-1,-1.0,-1.0,-1.0,1,-1,-1,0,20,3,2,2,2,2,148.0,748.0,10.0,10.0,0.0,0,0.0,,0.0,0.5836138327227002,0.5963497280827565,-0.0127358953600563,7,1.7142857142857142,0.951189731211342,1.0,3.0,2
S004,2022-10-15,10,0,23:09,23:09,4,4,1,-1,-1,-1,-1,-1,-1.0,-1.0,-1.0,-1,-1.0,-1.0,-1.0,1,-1,-1,0,20,3,2,2,2,2,,,0.0,10.0,10.0,0,0.0,,0.0,0.5836138327227002,0.5963497280827565,-0.0127358953600563,7,1.7142857142857142,0.951189731211342,1.0,3.0,2
S004,2022-10-22,5,0,04:49,22:49,4,4,1,-1,-1,-1,-1,-1,-1.0,-1.0,-1.0,-1,-1.0,-1.0,-1.0,1,-1,-1,0,10,3,3,1,1,1,,,18.0,5.0,13.0,0,0.0,,0.0,1.0953977400566266,0.5963497280827565,0.49904801197387,7,1.0,0.0,1.0,1.0,2
S004,2022-10-30,5,0,02:46,14:46,4,4,1,-1,-1,-1,-1,-1,-1.0,-1.0,-1.0,-1,-1.0,-1.0,-1.0,1,-1,-1,0,30,3,2,2,2,2,,,12.0,5.0,7.0,0,0.0,,0.0,0.5836138327227002,0.5963497280827565,-0.0127358953600563,7,1.2857142857142858,0.7559289460184545,1.0,3.0,2
S004,2022-11-06,10,0,23:00,11:00,2,3,1,-1,-1,-1,-1,-1,-1.0,-1.0,-1.0,-1,-1.0,-1.0,-1.0,1,-1,-1,0,30,10,3,2,2,2,1380.0,660.0,12.0,10.0,2.0,0,0.0,,0.0,1.0816903948616314,0.5963497280827565,0.4853406667788749,5,1.2,0.4472135954999579,1.0,2.0,2
S006,2022-09-03,8,0,02:30,10:30,2,2,2,헬스,3,2,-1,경보,4.0,1.0,0.0,달리기,3.0,0.0,30.0,2,5,60,1,30,10,2,3,3,3,150.0,630.0,8.0,8.0,0.0,1,5.0,60.0,300.0,0.5699064875277053,0.3098996735647423,0.260006813962963,2,2.0,0.0,2.0,2.0,1
S006,2022-09-10,10,0,03:00,13:00,2,2,2,헬스,4,2,-1,경보,3.0,2.0,0.0,달리기,3.0,2.0,0.0,2,5,60,1,0,10,2,3,2,2,180.0,780.0,10.0,10.0,0.0,1,5.0,60.0,300.0,0.2266035693793273,0.3098996735647423,-0.083296104185415,6,2.0,0.0,2.0,2.0,1
S006,2022-09-19,10,0,03:00,13:00,2,2,2,헬스,3,1,-1,달리기,3.0,0.0,30.0,경보,5.0,1.0,0.0,2,5,60,1,0,10,2,3,2,2,180.0,780.0,10.0,10.0,0.0,1,5.0,60.0,300.0,0.2266035693793273,0.3098996735647423,-0.083296104185415,7,2.0,0.0,2.0,2.0,1
S006,2022-09-24,7,0,03:00,10:00,2,2,2,헬스,3,1,-1,경보,3.0,1.0,0.0,달리기,3.0,0.0,30.0,2,5,60,1,0,10,2,3,2,2,180.0,600.0,7.0,7.0,0.0,1,5.0,60.0,300.0,0.2266035693793273,0.3098996735647423,-0.083296104185415,7,2.0,0.0,2.0,2.0,1
S006,2022-10-01,7,0,03:00,10:00,2,2,2,헬스,3,1,-1,경보,3.0,0.0,30.0,달리기,3.0,0.0,30.0,1,-1,-1,1,0,10,1,3,2,1,180.0,600.0,7.0,7.0,0.0,0,0.0,,0.0,-0.614775910907982,0.3098996735647423,-0.9246755844727244,7,1.7142857142857142,0.4879500364742666,1.0,2.0,1
S006,2022-10-08,8,0,03:00,13:30,2,2,2,헬스,3,1,-1,달리기,3.0,0.0,30.0,경보,5.0,0.0,30.0,2,7,60,1,0,10,2,3,2,2,180.0,810.0,10.5,8.0,2.5,1,7.0,60.0,420.0,0.2266035693793273,0.3098996735647423,-0.083296104185415,7,2.0,0.0,2.0,2.0,1
S006,2022-10-15,10,0,03:00,11:00,2,2,1,-1,-1,-1,-1,-1,-1.0,-1.0,-1.0,-1,-1.0,-1.0,-1.0,2,3,60,1,0,10,2,3,2,2,180.0,660.0,8.0,10.0,2.0,1,3.0,60.0,180.0,0.2266035693793273,0.3098996735647423,-0.083296104185415,7,1.1428571428571428,0.3779644730092272,1.0,2.0,1
S006,2022-10-22,9,0,03:30,13:00,2,3,2,헬스,3,1,-1,달리기,3.0,0.0,30.0,0,,,,2,5,60,1,0,10,2,2,3,2,210.0,780.0,9.5,9.0,0.5,1,5.0,60.0,300.0,0.5836138327227002,0.3098996735647423,0.2737141591579578,6,1.1666666666666667,0.408248290463863,1.0,2.0,1
S006,2022-10-29,5,0,05:00,10:00,2,2,2,헬스,2,1,-1,0,,,,0,,,,1,-1,-1,1,0,15,2,2,3,3,300.0,600.0,5.0,5.0,0.0,0,0.0,,0.0,0.9269167508710782,0.3098996735647423,0.6170170773063358,4,1.5,0.5773502691896257,1.0,2.0,1
S006,2022-11-05,5,0,04:30,09:30,4,4,2,헬스,5,1,-1,0,,,,0,,,,1,-1,-1,1,0,5,2,3,3,2,270.0,570.0,5.0,5.0,0.0,0,0.0,,0.0,0.2266035693793273,0.3098996735647423,-0.083296104185415,5,2.0,0.7071067811865476,1.0,3.0,1
S006,2022-11-12,5,0,05:00,10:00,4,1,1,-1,-1,-1,-1,-1,-1.0,-1.0,-1.0,-1,-1.0,-1.0,-1.0,1,-1,-1,1,30,10,2,2,3,2,300.0,600.0,5.0,5.0,0.0,0,0.0,,0.0,0.5836138327227002,0.3098996735647423,0.2737141591579578,6,1.6666666666666667,0.5163977794943223,1.0,2.0,1
S007,2022-09-03,7,0,02:00,08:00,3,3,2,달리기,1,2,-1,0,,,,0,,,,2,1,60,0,30,6,1,1,4,4,120.0,480.0,6.0,7.0,1.0,1,1.0,60.0,60.0,1.129153370223898,0.4817885986696,0.6473647715542981,2,1.25,0.3535533905932738,1.0,1.5,1
S007,2022-09-10,7,0,02:00,09:00,3,3,2,달리기,1,2,-1,경보,2.0,0.0,30.0,0,,,,2,2,30,0,30,6,1,4,4,4,120.0,540.0,7.0,7.0,0.0,1,2.0,30.0,60.0,0.0581225801937791,0.4817885986696,-0.4236660184758209,6,1.6666666666666667,1.632993161855452,1.0,5.0,1
S007,2022-09-17,7,0,03:00,10:00,2,2,2,달리기,1,2,-1,경보,3.0,1.0,0.0,0,,,,2,3,60,1,0,6,1,4,4,4,180.0,600.0,7.0,7.0,0.0,1,3.0,60.0,180.0,0.0581225801937791,0.4817885986696,-0.4236660184758209,6,1.8333333333333333,1.6020819787597222,1.0,5.0,1
S007,2022-09-24,7,0,02:00,09:00,1,1,2,달리기,1,2,-1,경보,3.0,1.0,0.0,0,,,,2,3,60,1,0,6,1,4,4,4,120.0,540.0,7.0,7.0,0.0,1,3.0,60.0,180.0,0.0581225801937791,0.4817885986696,-0.4236660184758209,7,2.142857142857143,1.4638501094227998,1.0,5.0,1
S007,2022-10-01,7,0,02:30,09:30,1,1,1,-1,-1,-1,-1,-1,-1.0,-1.0,-1.0,-1,-1.0,-1.0,-1.0,2,3,60,1,0,6,1,2,2,2,150.0,570.0,7.0,7.0,0.0,1,3.0,60.0,180.0,0.0855372705837688,0.4817885986696,-0.3962513280858311,7,1.7142857142857142,0.7559289460184545,1.0,3.0,1
S007,2022-10-08,7,0,03:00,10:00,3,3,2,달리기,1,2,-1,경보,3.0,2.0,0.0,0,,,,2,3,120,1,0,6,1,4,4,4,180.0,600.0,7.0,7.0,0.0,1,3.0,120.0,360.0,0.0581225801937791,0.4817885986696,-0.4236660184758209,7,3.0,1.632993161855452,1.0,5.0,1
S007,2022-10-15,5,0,05:00,10:00,1,1,1,-1,-1,-1,-1,-1,-1.0,-1.0,-1.0,-1,-1.0,-1.0,-1.0,1,-1,-1,1,0,6,1,4,4,4,300.0,600.0,5.0,5.0,0.0,0,0.0,,0.0,0.0581225801937791,0.4817885986696,-0.4236660184758209,7,2.857142857142857,1.2149857925879115,2.0,5.0,1
S007,2022-10-22,6,0,05:00,11:00,4,4,1,-1,-1,-1,-1,-1,-1.0,-1.0,-1.0,-1,-1.0,-1.0,-1.0,1,-1,-1,1,0,6,1,4,4,4,300.0,660.0,6.0,6.0,0.0,0,0.0,,0.0,0.0581225801937791,0.4817885986696,-0.4236660184758209,7,3.2857142857142856,1.3801311186847085,2.0,5.0,1
S007,2022-10-29,5,0,04:30,09:30,4,4,2,달리기,1,2,-1,0,,,,0,,,,1,-1,-1,1,30,6,3,1,1,4,270.0,570.0,5.0,5.0,0.0,0,0.0,,0.0,2.125306494501761,0.4817885986696,1.6435178958321606,7,2.857142857142857,1.0690449676496974,1.0,4.0,1
S007,2022-11-05,6,0,04:00,11:00,4,4,2,달리기,1,2,-1,0,,,,0,,,,1,-1,-1,1,0,6,1,1,4,4,240.0,660.0,7.0,6.0,1.0,0,0.0,,0.0,1.129153370223898,0.4817885986696,0.6473647715542981,7,2.7142857142857144,1.3801311186847085,1.0,5.0,1
S008,2022-09-03,7,20,00:30,19:20,1,1,1,-1,-1,-1,-1,-1,-1.0,-1.0,-1.0,-1,-1.0,-1.0,-1.0,1,-1,-1,0,30,10,1,4,2,2,,,18.83333333333333,7.333333333333333,11.5,0,0.0,,0.0,-0.628483256102977,-0.7208652023984441,0.0923819462954671,2,2.0,0.0,2.0,2.0,1
S008,2022-09-10,8,0,00:30,09:00,1,1,1,-1,-1,-1,-1,-1,-1.0,-1.0,-1.0,-1,-1.0,-1.0,-1.0,1,-1,-1,0,50,15,1,4,1,1,30.0,540.0,8.5,8.0,0.5,0,0.0,,0.0,-0.9717861742513548,-0.7208652023984441,-0.2509209718529108,6,2.0,0.0,2.0,2.0,1
S008,2022-09-19,7,0,12:14,09:04,1,1,1,-1,-1,-1,-1,-1,-1.0,-1.0,-1.0,-1,-1.0,-1.0,-1.0,1,-1,-1,0,30,15,1,4,2,2,,,20.83333333333333,7.0,13.833333333333332,0,0.0,,0.0,-0.628483256102977,-0.7208652023984441,0.0923819462954671,7,1.8571428571428568,0.3779644730092272,1.0,2.0,1
S008,2022-09-25,7,0,00:30,21:00,1,1,1,-1,-1,-1,-1,-1,-1.0,-1.0,-1.0,-1,-1.0,-1.0,-1.0,1,-1,-1,0,30,15,1,4,2,2,,,20.5,7.0,13.5,0,0.0,,0.0,-0.628483256102977,-0.7208652023984441,0.0923819462954671,7,1.8571428571428568,0.3779644730092273,1.0,2.0,1
S008,2022-10-04,8,0,00:30,08:30,1,1,1,-1,-1,-1,-1,-1,-1.0,-1.0,-1.0,-1,-1.0,-1.0,-1.0,1,-1,-1,0,30,9,1,4,2,2,30.0,510.0,8.0,8.0,0.0,0,0.0,,0.0,-0.628483256102977,-0.7208652023984441,0.0923819462954671,7,2.0,0.5773502691896257,1.0,3.0,1
S008,2022-10-08,8,0,00:30,09:00,1,1,1,-1,-1,-1,-1,-1,-1.0,-1.0,-1.0,-1,-1.0,-1.0,-1.0,1,-1,-1,0,30,12,1,4,2,2,30.0,540.0,8.5,8.0,0.5,0,0.0,,0.0,-0.628483256102977,-0.7208652023984441,0.0923819462954671,7,2.0,1.0,1.0,4.0,1
S008,2022-10-15,8,0,03:00,11:00,1,1,1,-1,-1,-1,-1,-1,-1.0,-1.0,-1.0,-1,-1.0,-1.0,-1.0,1,-1,-1,0,30,12,1,3,2,2,180.0,660.0,8.0,8.0,0.0,0,0.0,,0.0,-0.271472992759604,-0.7208652023984441,0.4493922096388401,5,2.0,0.0,2.0,2.0,1
S008,2022-10-23,8,0,01:00,21:00,1,1,1,-1,-1,-1,-1,-1,-1.0,-1.0,-1.0,-1,-1.0,-1.0,-1.0,1,-1,-1,0,30,15,1,4,2,2,,,20.0,8.0,12.0,0,0.0,,0.0,-0.628483256102977,-0.7208652023984441,0.0923819462954671,2,2.0,0.0,2.0,2.0,1
S008,2022-10-29,8,0,02:00,10:00,1,1,1,-1,-1,-1,-1,-1,-1.0,-1.0,-1.0,-1,-1.0,-1.0,-1.0,1,-1,-1,0,30,15,1,4,2,1,120.0,600.0,8.0,8.0,0.0,0,0.0,,0.0,-0.9717861742513548,-0.7208652023984441,-0.2509209718529108,5,1.8,0.447213595499958,1.0,2.0,1
S008,2022-11-09,8,0,13:29,10:00,1,1,1,-1,-1,-1,-1,-1,-1.0,-1.0,-1.0,-1,-1.0,-1.0,-1.0,1,-1,-1,0,15,9,1,4,1,1,,,20.516666666666666,8.0,12.516666666666666,0,0.0,,0.0,-0.9717861742513548,-0.7208652023984441,-0.2509209718529108,5,1.8,0.4472135954999579,1.0,2.0,1
S008,2022-11-15,8,0,02:00,22:00,1,1,1,-1,-1,-1,-1,-1,-1.0,-1.0,-1.0,-1,-1.0,-1.0,-1.0,1,-1,-1,0,30,9,1,4,1,1,,,20.0,8.0,12.0,0,0.0,,0.0,-0.9717861742513548,-0.7208652023984441,-0.2509209718529108,6,2.1666666666666665,0.4082482904638629,2.0,3.0,1
S012,2022-09-03,8,0,03:28,12:28,3,2,1,-1,-1,-1,-1,-1,-1.0,-1.0,-1.0,-1,-1.0,-1.0,-1.0,1,-1,-1,2,0,6,1,4,2,1,208.0,748.0,9.0,8.0,1.0,0,0.0,,0.0,-0.9717861742513548,-0.1988324683005539,-0.7729537059508009,2,2.5,2.1213203435596424,1.0,4.0,1
S012,2022-09-10,7,0,03:00,12:00,3,3,1,-1,-1,-1,-1,-1,-1.0,-1.0,-1.0,-1,-1.0,-1.0,-1.0,1,-1,-1,0,30,5,2,4,2,1,180.0,720.0,9.0,7.0,2.0,0,0.0,,0.0,-0.4737096121124236,-0.1988324683005539,-0.2748771438118696,6,1.3333333333333333,0.5163977794943222,1.0,2.0,1
S012,2022-09-17,5,0,03:18,08:26,2,3,1,-1,-1,-1,-1,-1,-1.0,-1.0,-1.0,-1,-1.0,-1.0,-1.0,1,-1,-1,0,30,5,2,3,2,1,198.0,506.0,5.133333333333334,5.0,0.1333333333333337,0,0.0,,0.0,-0.1166993487690506,-0.1988324683005539,0.0821331195315032,6,1.5,0.8366600265340756,1.0,3.0,1
S012,2022-09-24,7,0,00:00,07:00,1,4,1,-1,-1,-1,-1,-1,-1.0,-1.0,-1.0,-1,-1.0,-1.0,-1.0,1,-1,-1,0,30,5,2,2,3,1,0.0,420.0,7.0,7.0,0.0,0,0.0,,0.0,0.2403109145743222,-0.1988324683005539,0.4391433828748762,7,1.8571428571428568,1.2149857925879115,1.0,4.0,1
S012,2022-10-01,6,0,01:00,07:00,2,4,1,-1,-1,-1,-1,-1,-1.0,-1.0,-1.0,-1,-1.0,-1.0,-1.0,1,-1,-1,1,0,5,1,3,3,1,60.0,420.0,6.0,6.0,0.0,0,0.0,,0.0,-0.614775910907982,-0.1988324683005539,-0.415943442607428,7,1.2857142857142858,0.7559289460184545,1.0,3.0,1
S012,2022-10-08,7,0,02:06,09:07,2,4,1,-1,-1,-1,-1,-1,-1.0,-1.0,-1.0,-1,-1.0,-1.0,-1.0,1,-1,-1,0,30,5,1,3,3,1,126.0,547.0,7.016666666666667,7.0,0.0166666666666666,0,0.0,,0.0,-0.614775910907982,-0.1988324683005539,-0.415943442607428,7,1.0,0.0,1.0,1.0,1
S012,2022-10-15,8,0,03:00,11:00,1,1,1,-1,-1,-1,-1,-1,-1.0,-1.0,-1.0,-1,-1.0,-1.0,-1.0,1,-1,-1,0,20,3,2,3,2,2,180.0,660.0,8.0,8.0,0.0,0,0.0,,0.0,0.2266035693793273,-0.1988324683005539,0.4254360376798812,7,1.5714285714285714,1.133893419027682,1.0,4.0,1
S012,2022-10-23,7,0,03:17,10:54,2,4,1,-1,-1,-1,-1,-1,-1.0,-1.0,-1.0,-1,-1.0,-1.0,-1.0,1,-1,-1,0,20,2,2,3,2,2,197.0,654.0,7.616666666666666,7.0,0.6166666666666663,0,0.0,,0.0,0.2266035693793273,-0.1988324683005539,0.4254360376798812,7,2.2857142857142856,1.3801311186847085,1.0,4.0,1
S012,2022-10-29,8,0,02:00,22:01,1,2,2,달리기,1,2,-1,0,,,,0,,,,1,-1,-1,0,30,6,2,3,3,1,,,20.016666666666666,8.0,12.016666666666666,0,0.0,,0.0,-0.1166993487690506,-0.1988324683005539,0.0821331195315032,7,1.5714285714285714,0.5345224838248488,1.0,2.0,1
S012,2022-11-06,5,0,04:00,09:00,1,4,1,-1,-1,-1,-1,-1,-1.0,-1.0,-1.0,-1,-1.0,-1.0,-1.0,1,-1,-1,0,30,6,2,3,3,2,240.0,540.0,5.0,5.0,0.0,0,0.0,,0.0,0.2266035693793273,-0.1988324683005539,0.4254360376798812,7,1.7142857142857142,0.7559289460184545,1.0,3.0,1
S013,2022-09-03,9,0,01:00,09:10,1,1,1,-1,-1,-1,-1,-1,-1.0,-1.0,-1.0,-1,-1.0,-1.0,-1.0,1,-1,-1,0,20,2,1,4,1,1,60.0,550.0,8.166666666666666,9.0,0.8333333333333339,0,0.0,,0.0,-0.9717861742513548,-0.9717861742513548,0.0,2,2.5,0.7071067811865476,2.0,3.0,1
S013,2022-09-11,9,0,01:50,09:00,1,1,1,-1,-1,-1,-1,-1,-1.0,-1.0,-1.0,-1,-1.0,-1.0,-1.0,1,-1,-1,0,40,2,1,4,1,1,110.0,540.0,7.166666666666667,9.0,1.833333333333333,0,0.0,,0.0,-0.9717861742513548,-0.9717861742513548,0.0,7,2.0,0.0,2.0,2.0,1
S013,2022-09-18,8,0,03:00,09:20,1,1,1,-1,-1,-1,-1,-1,-1.0,-1.0,-1.0,-1,-1.0,-1.0,-1.0,1,-1,-1,0,20,2,1,4,1,1,180.0,560.0,6.333333333333333,8.0,1.666666666666667,0,0.0,,0.0,-0.9717861742513548,-0.9717861742513548,0.0,6,2.5,0.5477225575051661,2.0,3.0,1
S013,2022-09-28,8,0,02:00,09:33,1,1,1,-1,-1,-1,-1,-1,-1.0,-1.0,-1.0,-1,-1.0,-1.0,-1.0,2,1,60,0,40,2,1,4,1,1,120.0,573.0,7.55,8.0,0.4500000000000002,1,1.0,60.0,60.0,-0.9717861742513548,-0.9717861742513548,0.0,7,2.2857142857142856,0.4879500364742666,2.0,3.0,1
S013,2022-10-03,8,0,03:00,10:00,1,1,1,-1,-1,-1,-1,-1,-1.0,-1.0,-1.0,-1,-1.0,-1.0,-1.0,2,1,60,0,30,2,1,4,1,1,180.0,600.0,7.0,8.0,1.0,1,1.0,60.0,60.0,-0.9717861742513548,-0.9717861742513548,0.0,7,2.142857142857143,0.3779644730092272,2.0,3.0,1
S013,2022-10-19,8,0,04:00,13:20,1,1,1,-1,-1,-1,-1,-1,-1.0,-1.0,-1.0,-1,-1.0,-1.0,-1.0,2,1,30,0,30,2,1,4,1,1,240.0,800.0,9.333333333333334,8.0,1.333333333333334,1,1.0,30.0,30.0,-0.9717861742513548,-0.9717861742513548,0.0,7,1.8571428571428568,0.6900655593423541,1.0,3.0,1
S013,2022-10-24,8,0,03:21,13:21,1,1,1,-1,-1,-1,-1,-1,-1.0,-1.0,-1.0,-1,-1.0,-1.0,-1.0,1,-1,-1,0,30,2,1,4,1,1,201.0,801.0,10.0,8.0,2.0,0,0.0,,0.0,-0.9717861742513548,-0.9717861742513548,0.0,7,2.142857142857143,0.8997354108424372,1.0,4.0,1
S013,2022-10-28,8,0,03:30,09:30,1,1,1,-1,-1,-1,-1,-1,-1.0,-1.0,-1.0,-1,-1.0,-1.0,-1.0,1,-1,-1,0,30,2,1,4,1,1,210.0,570.0,6.0,8.0,2.0,0,0.0,,0.0,-0.9717861742513548,-0.9717861742513548,0.0,6,2.333333333333333,1.0327955589886444,1.0,4.0,1
S013,2022-11-01,8,0,03:00,09:30,1,1,1,-1,-1,-1,-1,-1,-1.0,-1.0,-1.0,-1,-1.0,-1.0,-1.0,1,-1,-1,0,30,2,1,4,1,1,180.0,570.0,6.5,8.0,1.5,0,0.0,,0.0,-0.9717861742513548,-0.9717861742513548,0.0,7,1.8571428571428568,0.6900655593423543,1.0,3.0,1
S013,2022-11-08,8,0,03:00,09:20,1,1,1,-1,-1,-1,-1,-1,-1.0,-1.0,-1.0,-1,-1.0,-1.0,-1.0,1,-1,-1,0,30,2,1,4,1,1,180.0,560.0,6.333333333333333,8.0,1.666666666666667,0,0.0,,0.0,-0.9717861742513548,-0.9717861742513548,0.0,6,1.6666666666666667,0.5163977794943222,1.0,2.0,1
S013,2022-11-12,7,0,03:00,09:00,1,1,1,-1,-1,-1,-1,-1,-1.0,-1.0,-1.0,-1,-1.0,-1.0,-1.0,1,-1,-1,0,30,2,1,4,1,1,180.0,540.0,6.0,7.0,1.0,0,0.0,,0.0,-0.9717861742513548,-0.9717861742513548,0.0,7,2.0,0.0,2.0,2.0,1
S015,2022-09-03,8,0,01:00,09:00,1,1,1,-1,-1,-1,-1,-1,-1.0,-1.0,-1.0,-1,-1.0,-1.0,-1.0,1,-1,-1,1,0,5,1,4,1,1,60.0,540.0,8.0,8.0,0.0,0,0.0,,0.0,-0.9717861742513548,-0.710513829070437,-0.2612723451809179,2,2.25,0.3535533905932738,2.0,2.5,2
S015,2022-09-10,9,0,02:00,10:00,1,2,1,-1,-1,-1,-1,-1,-1.0,-1.0,-1.0,-1,-1.0,-1.0,-1.0,1,-1,-1,0,30,2,1,3,2,1,120.0,600.0,8.0,9.0,1.0,0,0.0,,0.0,-0.614775910907982,-0.710513829070437,0.095737918162455,6,2.4166666666666665,1.0206207261596576,1.0,4.0,2
S015,2022-09-18,7,0,03:00,10:00,1,1,1,-1,-1,-1,-1,-1,-1.0,-1.0,-1.0,-1,-1.0,-1.0,-1.0,1,-1,-1,0,30,5,1,4,2,1,180.0,600.0,7.0,7.0,0.0,0,0.0,,0.0,-0.9717861742513548,-0.710513829070437,-0.2612723451809179,7,2.7857142857142856,0.698638131005772,2.0,4.0,2
S015,2022-09-24,7,0,02:00,09:00,1,1,1,-1,-1,-1,-1,-1,-1.0,-1.0,-1.0,-1,-1.0,-1.0,-1.0,1,-1,-1,0,20,4,1,3,3,2,120.0,540.0,7.0,7.0,0.0,0,0.0,,0.0,-0.271472992759604,-0.710513829070437,0.439040836310833,7,2.571428571428572,0.4498677054212186,2.0,3.0,2
S015,2022-10-01,8,0,02:00,10:00,1,1,1,-1,-1,-1,-1,-1,-1.0,-1.0,-1.0,-1,-1.0,-1.0,-1.0,1,-1,-1,0,20,4,1,4,2,1,120.0,600.0,8.0,8.0,0.0,0,0.0,,0.0,-0.9717861742513548,-0.710513829070437,-0.2612723451809179,7,2.2857142857142856,0.9063269671749656,1.0,4.0,2
S015,2022-10-08,8,0,01:00,09:00,1,1,1,-1,-1,-1,-1,-1,-1.0,-1.0,-1.0,-1,-1.0,-1.0,-1.0,1,-1,-1,1,0,4,1,4,3,1,60.0,540.0,8.0,8.0,0.0,0,0.0,,0.0,-0.9717861742513548,-0.710513829070437,-0.2612723451809179,7,2.2857142857142856,1.3801311186847085,1.0,5.0,2
S015,2022-10-16,8,0,02:00,10:00,1,2,1,-1,-1,-1,-1,-1,-1.0,-1.0,-1.0,-1,-1.0,-1.0,-1.0,1,-1,-1,0,20,4,2,2,4,2,120.0,600.0,8.0,8.0,0.0,0,0.0,,0.0,0.5836138327227002,-0.710513829070437,1.2941276617931372,7,2.0,0.5773502691896257,1.0,3.0,2
S015,2022-10-22,8,0,02:00,10:00,1,1,1,-1,-1,-1,-1,-1,-1.0,-1.0,-1.0,-1,-1.0,-1.0,-1.0,1,-1,-1,0,20,4,1,4,2,1,120.0,600.0,8.0,8.0,0.0,0,0.0,,0.0,-0.9717861742513548,-0.710513829070437,-0.2612723451809179,7,3.0,1.2909944487358056,2.0,5.0,2
S015,2022-10-29,9,0,01:00,10:00,1,1,1,-1,-1,-1,-1,-1,-1.0,-1.0,-1.0,-1,-1.0,-1.0,-1.0,1,-1,-1,0,30,4,1,4,2,1,60.0,600.0,9.0,9.0,0.0,0,0.0,,0.0,-0.9717861742513548,-0.710513829070437,-0.2612723451809179,7,3.0,1.0,2.0,4.0,2
S015,2022-11-05,7,0,02:00,09:00,1,1,1,-1,-1,-1,-1,-1,-1.0,-1.0,-1.0,-1,-1.0,-1.0,-1.0,1,-1,-1,0,20,4,1,4,1,1,120.0,540.0,7.0,7.0,0.0,0,0.0,,0.0,-0.9717861742513548,-0.710513829070437,-0.2612723451809179,7,2.7142857142857144,1.6035674514745462,1.0,5.0,2
S016,2022-09-03,8,0,02:00,10:00,2,2,1,-1,-1,-1,-1,-1,-1.0,-1.0,-1.0,-1,-1.0,-1.0,-1.0,1,-1,-1,0,40,3,2,3,3,2,120.0,600.0,8.0,8.0,0.0,0,0.0,,0.0,0.2266035693793273,0.52778871786123,-0.3011851484819027,2,2.0,1.4142135623730951,1.0,3.0,2
S016,2022-09-11,8,0,00:30,09:40,2,2,1,-1,-1,-1,-1,-1,-1.0,-1.0,-1.0,-1,-1.0,-1.0,-1.0,1,-1,-1,0,30,3,2,3,2,2,30.0,580.0,9.166666666666666,8.0,1.166666666666666,0,0.0,,0.0,0.2266035693793273,0.52778871786123,-0.3011851484819027,7,2.7142857142857144,0.6986381310057719,2.0,4.0,2
S016,2022-09-17,8,0,00:30,09:00,2,1,1,-1,-1,-1,-1,-1,-1.0,-1.0,-1.0,-1,-1.0,-1.0,-1.0,1,-1,-1,0,30,3,3,2,3,3,30.0,540.0,8.5,8.0,0.5,0,0.0,,0.0,1.4249933130100096,0.52778871786123,0.8972045951487796,6,2.6666666666666665,1.211060141638997,2.0,5.0,2
S016,2022-09-24,8,0,01:00,09:30,2,2,1,-1,-1,-1,-1,-1,-1.0,-1.0,-1.0,-1,-1.0,-1.0,-1.0,1,-1,-1,0,30,3,2,2,2,3,60.0,570.0,8.5,8.0,0.5,0,0.0,,0.0,0.9269167508710782,0.52778871786123,0.3991280330098481,7,3.2142857142857144,0.9940297973880048,2.0,5.0,2
S016,2022-10-03,8,0,01:30,10:00,1,2,1,-1,-1,-1,-1,-1,-1.0,-1.0,-1.0,-1,-1.0,-1.0,-1.0,1,-1,-1,0,30,3,2,3,3,2,90.0,600.0,8.5,8.0,0.5,0,0.0,,0.0,0.2266035693793273,0.52778871786123,-0.3011851484819027,6,3.5,1.0488088481701516,2.0,5.0,2
S016,2022-10-09,8,0,01:00,10:00,1,2,1,-1,-1,-1,-1,-1,-1.0,-1.0,-1.0,-1,-1.0,-1.0,-1.0,1,-1,-1,0,30,3,2,2,1,3,60.0,600.0,9.0,8.0,1.0,0,0.0,,0.0,0.9269167508710782,0.52778871786123,0.3991280330098481,6,2.833333333333333,1.1690451944500122,2.0,5.0,2
S016,2022-10-15,8,0,00:30,09:00,3,1,1,-1,-1,-1,-1,-1,-1.0,-1.0,-1.0,-1,-1.0,-1.0,-1.0,1,-1,-1,0,30,3,2,3,2,2,30.0,540.0,8.5,8.0,0.5,0,0.0,,0.0,0.2266035693793273,0.52778871786123,-0.3011851484819027,7,3.4285714285714284,0.9759000729485332,2.0,5.0,2
S016,2022-10-23,9,0,01:30,09:30,2,2,1,-1,-1,-1,-1,-1,-1.0,-1.0,-1.0,-1,-1.0,-1.0,-1.0,1,-1,-1,0,30,3,2,3,3,2,90.0,570.0,8.0,9.0,1.0,0,0.0,,0.0,0.2266035693793273,0.52778871786123,-0.3011851484819027,7,2.7142857142857144,1.2535663410560174,2.0,5.0,2
S016,2022-10-29,8,0,01:00,09:00,3,1,1,-1,-1,-1,-1,-1,-1.0,-1.0,-1.0,-1,-1.0,-1.0,-1.0,1,-1,-1,0,30,3,2,2,3,2,60.0,540.0,8.0,8.0,0.0,0,0.0,,0.0,0.5836138327227002,0.52778871786123,0.0558251148614701,7,2.4285714285714284,0.7867957924694432,2.0,4.0,2
S016,2022-11-07,8,0,00:00,08:30,3,1,1,-1,-1,-1,-1,-1,-1.0,-1.0,-1.0,-1,-1.0,-1.0,-1.0,1,-1,-1,0,30,3,2,2,3,2,0.0,510.0,8.5,8.0,0.5,0,0.0,,0.0,0.5836138327227002,0.52778871786123,0.0558251148614701,7,3.571428571428572,1.2724180205607036,2.0,5.0,2
S016,2022-11-12,8,0,01:00,21:00,3,1,1,-1,-1,-1,-1,-1,-1.0,-1.0,-1.0,-1,-1.0,-1.0,-1.0,1,-1,-1,0,30,3,2,3,2,2,,,20.0,8.0,12.0,0,0.0,,0.0,0.2266035693793273,0.52778871786123,-0.3011851484819027,7,2.7142857142857144,0.7559289460184545,2.0,4.0,2
S019,2022-09-03,8,0,23:30,07:00,1,3,1,-1,-1,-1,-1,-1,-1.0,-1.0,-1.0,-1,-1.0,-1.0,-1.0,1,-1,-1,0,60,15,1,3,2,1,1410.0,420.0,7.5,8.0,0.5,0,0.0,,0.0,-0.614775910907982,-0.0382674949007937,-0.5765084160071883,2,2.0,0.0,2.0,2.0,2
S019,2022-09-10,8,0,00:00,08:30,1,1,1,-1,-1,-1,-1,-1,-1.0,-1.0,-1.0,-1,-1.0,-1.0,-1.0,1,-1,-1,1,0,20,1,3,2,2,0.0,510.0,8.5,8.0,0.5,0,0.0,,0.0,-0.271472992759604,-0.0382674949007937,-0.2332054978588102,6,2.5,0.8366600265340756,2.0,4.0,2
S019,2022-09-17,8,17,23:30,08:00,1,2,1,-1,-1,-1,-1,-1,-1.0,-1.0,-1.0,-1,-1.0,-1.0,-1.0,1,-1,-1,2,0,20,1,2,3,3,1410.0,480.0,8.5,8.283333333333333,0.2166666666666667,0,0.0,,0.0,0.4288401887321469,-0.0382674949007937,0.4671076836329407,6,2.6666666666666665,0.816496580927726,2.0,4.0,2
S019,2022-09-24,10,0,23:00,09:00,1,1,1,-1,-1,-1,-1,-1,-1.0,-1.0,-1.0,-1,-1.0,-1.0,-1.0,1,-1,-1,1,30,20,1,3,2,2,1380.0,540.0,10.0,10.0,0.0,0,0.0,,0.0,-0.271472992759604,-0.0382674949007937,-0.2332054978588102,7,2.142857142857143,0.3779644730092272,2.0,3.0,2
S019,2022-10-01,7,30,08:00,00:00,1,1,1,-1,-1,-1,-1,-1,-1.0,-1.0,-1.0,-1,-1.0,-1.0,-1.0,1,-1,-1,2,0,20,1,3,2,2,,,16.0,7.5,8.5,0,0.0,,0.0,-0.271472992759604,-0.0382674949007937,-0.2332054978588102,7,1.8571428571428568,0.6900655593423541,1.0,3.0,2
S019,2022-10-09,6,30,08:00,01:00,1,1,1,-1,-1,-1,-1,-1,-1.0,-1.0,-1.0,-1,-1.0,-1.0,-1.0,1,-1,-1,2,0,20,2,2,2,2,,,17.0,6.5,10.5,0,0.0,,0.0,0.5836138327227002,-0.0382674949007937,0.6218813276234939,7,2.7142857142857144,0.7559289460184545,2.0,4.0,2
S019,2022-10-15,4,30,02:00,07:30,1,1,1,-1,-1,-1,-1,-1,-1.0,-1.0,-1.0,-1,-1.0,-1.0,-1.0,1,-1,-1,1,30,20,2,2,3,2,120.0,450.0,5.5,4.5,1.0,0,0.0,,0.0,0.5836138327227002,-0.0382674949007937,0.6218813276234939,7,2.7142857142857144,0.4879500364742666,2.0,3.0,2
S019,2022-10-22,6,40,08:00,00:00,1,1,1,-1,-1,-1,-1,-1,-1.0,-1.0,-1.0,-1,-1.0,-1.0,-1.0,1,-1,-1,1,30,12,2,3,2,2,,,16.0,6.666666666666667,9.333333333333332,0,0.0,,0.0,0.2266035693793273,-0.0382674949007937,0.2648710642801211,7,2.571428571428572,0.5345224838248487,2.0,3.0,2
S019,2022-10-30,8,0,09:00,23:30,1,1,1,-1,-1,-1,-1,-1,-1.0,-1.0,-1.0,-1,-1.0,-1.0,-1.0,1,-1,-1,1,0,10,1,3,2,2,,,14.5,8.0,6.5,0,0.0,,0.0,-0.271472992759604,-0.0382674949007937,-0.2332054978588102,7,2.142857142857143,0.3779644730092272,2.0,3.0,2
S019,2022-11-05,9,0,09:30,23:30,1,2,1,-1,-1,-1,-1,-1,-1.0,-1.0,-1.0,-1,-1.0,-1.0,-1.0,2,3,60,1,0,20,1,3,2,2,,,14.0,9.0,5.0,1,3.0,60.0,180.0,-0.271472992759604,-0.0382674949007937,-0.2332054978588102,7,2.7142857142857144,0.7559289460184545,2.0,4.0,2
S019,2022-11-15,8,0,12:00,08:00,1,2,1,-1,-1,-1,-1,-1,-1.0,-1.0,-1.0,-1,-1.0,-1.0,-1.0,1,-1,-1,1,0,10,1,3,2,2,,,20.0,8.0,12.0,0,0.0,,0.0,-0.271472992759604,-0.0382674949007937,-0.2332054978588102,2,2.5,0.7071067811865476,2.0,3.0,2
S021,2022-09-03,7,0,02:00,09:07,2,1,1,-1,-1,-1,-1,-1,-1.0,-1.0,-1.0,-1,-1.0,-1.0,-1.0,1,-1,-1,0,20,3,1,3,3,2,120.0,547.0,7.116666666666666,7.0,0.1166666666666662,0,0.0,,0.0,-0.271472992759604,-0.3415043109087791,0.070031318149175,2,1.5,0.7071067811865476,1.0,2.0,1
S021,2022-09-10,7,0,12:00,20:00,2,2,1,-1,-1,-1,-1,-1,-1.0,-1.0,-1.0,-1,-1.0,-1.0,-1.0,1,-1,-1,0,30,3,1,3,3,3,720.0,1200.0,8.0,7.0,1.0,0,0.0,,0.0,0.0718299253887739,-0.3415043109087791,0.413334236297553,7,1.7142857142857142,0.4879500364742666,1.0,2.5,1
S021,2022-09-17,6,0,03:00,10:00,2,1,1,-1,-1,-1,-1,-1,-1.0,-1.0,-1.0,-1,-1.0,-1.0,-1.0,1,-1,-1,0,15,3,1,3,2,1,180.0,600.0,7.0,6.0,1.0,0,0.0,,0.0,-0.614775910907982,-0.3415043109087791,-0.2732715999992029,7,1.2857142857142858,0.3933978962347216,1.0,2.0,1
S021,2022-09-24,6,0,03:00,09:00,1,1,1,-1,-1,-1,-1,-1,-1.0,-1.0,-1.0,-1,-1.0,-1.0,-1.0,1,-1,-1,0,15,6,1,3,3,2,180.0,540.0,6.0,6.0,0.0,0,0.0,,0.0,-0.271472992759604,-0.3415043109087791,0.070031318149175,7,1.1428571428571428,0.3779644730092273,1.0,2.0,1
S021,2022-10-09,6,0,03:30,10:30,3,1,1,-1,-1,-1,-1,-1,-1.0,-1.0,-1.0,-1,-1.0,-1.0,-1.0,1,-1,-1,0,15,3,1,4,2,2,210.0,630.0,7.0,6.0,1.0,0,0.0,,0.0,-0.628483256102977,-0.3415043109087791,-0.2869789451941978,7,1.8571428571428568,0.6900655593423543,1.0,3.0,1
S021,2022-10-15,6,0,02:00,09:03,2,2,1,-1,-1,-1,-1,-1,-1.0,-1.0,-1.0,-1,-1.0,-1.0,-1.0,1,-1,-1,0,15,3,1,3,2,2,120.0,543.0,7.05,6.0,1.0499999999999998,0,0.0,,0.0,-0.271472992759604,-0.3415043109087791,0.070031318149175,7,1.4285714285714286,0.5345224838248488,1.0,2.0,1
S021,2022-10-22,7,0,02:00,09:00,2,1,1,-1,-1,-1,-1,-1,-1.0,-1.0,-1.0,-1,-1.0,-1.0,-1.0,1,-1,-1,0,15,3,1,3,2,2,120.0,540.0,7.0,7.0,0.0,0,0.0,,0.0,-0.271472992759604,-0.3415043109087791,0.070031318149175,7,1.1428571428571428,0.3779644730092272,1.0,2.0,1
S021,2022-10-29,0,7,02:00,09:00,1,1,1,-1,-1,-1,-1,-1,-1.0,-1.0,-1.0,-1,-1.0,-1.0,-1.0,1,-1,-1,0,15,3,1,3,2,1,,,7.0,0.1166666666666666,6.883333333333334,0,0.0,,0.0,-0.614775910907982,-0.3415043109087791,-0.2732715999992029,7,1.5714285714285714,0.7867957924694432,1.0,3.0,1
S021,2022-11-05,7,0,03:00,10:00,2,1,1,-1,-1,-1,-1,-1,-1.0,-1.0,-1.0,-1,-1.0,-1.0,-1.0,1,-1,-1,0,10,3,1,3,2,2,180.0,600.0,7.0,7.0,0.0,0,0.0,,0.0,-0.271472992759604,-0.3415043109087791,0.070031318149175,7,1.4285714285714286,0.5345224838248488,1.0,2.0,1
S021,2022-11-12,7,0,02:00,09:00,1,1,1,-1,-1,-1,-1,-1,-1.0,-1.0,-1.0,-1,-1.0,-1.0,-1.0,1,-1,-1,0,15,3,1,3,2,2,120.0,540.0,7.0,7.0,0.0,0,0.0,,0.0,-0.271472992759604,-0.3415043109087791,0.070031318149175,7,1.5714285714285714,0.5345224838248488,1.0,2.0,1
S026,2022-09-03,7,30,00:30,21:10,1,1,2,헬스,3,1,-1,경보,6.0,,30.0,달리기,3.0,,10.0,2,6,30,1,0,5,1,4,2,1,,,20.666666666666668,7.5,13.166666666666668,1,6.0,30.0,180.0,-0.9717861742513548,-0.6226086795908363,-0.3491774946605186,1,1.0,,1.0,1.0,1
S026,2022-09-10,8,0,01:10,21:00,2,1,2,헬스,4,1,-1,경보,5.0,0.0,30.0,달리기,2.0,0.0,20.0,2,5,30,1,0,5,1,4,2,1,,,19.83333333333333,8.0,11.833333333333332,1,5.0,30.0,150.0,-0.9717861742513548,-0.6226086795908363,-0.3491774946605186,7,1.1428571428571428,0.3779644730092273,1.0,2.0,1
S026,2022-09-17,7,0,00:30,09:24,1,1,2,경보,4,1,-1,달리기,2.0,0.0,10.0,헬스,3.0,0.0,30.0,1,-1,-1,0,30,5,1,4,2,2,30.0,564.0,8.9,7.0,1.9000000000000004,0,0.0,,0.0,-0.628483256102977,-0.6226086795908363,-0.0058745765121406,6,1.3333333333333333,0.816496580927726,1.0,3.0,1
S026,2022-09-24,8,0,00:09,21:00,1,1,1,-1,-1,-1,-1,-1,-1.0,-1.0,-1.0,-1,-1.0,-1.0,-1.0,2,3,20,0,30,5,1,4,1,1,,,20.85,8.0,12.85,1,3.0,20.0,60.0,-0.9717861742513548,-0.6226086795908363,-0.3491774946605186,7,1.4285714285714286,0.7867957924694431,1.0,3.0,1
S026,2022-10-01,7,0,00:00,09:00,1,1,1,-1,-1,-1,-1,-1,-1.0,-1.0,-1.0,-1,-1.0,-1.0,-1.0,2,3,30,0,40,8,1,3,1,3,0.0,540.0,9.0,7.0,2.0,1,3.0,30.0,90.0,0.0718299253887739,-0.6226086795908363,0.6944386049796103,6,2.1666666666666665,1.1690451944500122,1.0,4.0,1
S026,2022-10-09,6,30,00:50,21:00,2,1,1,-1,-1,-1,-1,-1,-1.0,-1.0,-1.0,-1,-1.0,-1.0,-1.0,2,3,30,1,0,6,1,3,4,2,,,20.166666666666668,6.5,13.666666666666668,1,3.0,30.0,90.0,-0.271472992759604,-0.6226086795908363,0.3511356868312323,7,2.4285714285714284,1.8126539343499315,1.0,5.0,1
S026,2022-10-15,8,0,02:26,09:00,2,1,1,-1,-1,-1,-1,-1,-1.0,-1.0,-1.0,-1,-1.0,-1.0,-1.0,2,5,30,1,0,7,1,3,3,1,146.0,540.0,6.566666666666666,8.0,1.4333333333333336,1,5.0,30.0,150.0,-0.614775910907982,-0.6226086795908363,0.0078327686828543,7,2.7142857142857144,1.6035674514745464,1.0,5.0,1
S030,2022-10-01,7,30,00:30,22:00,2,1,1,-1,-1,-1,-1,-1,-1.0,-1.0,-1.0,-1,-1.0,-1.0,-1.0,1,-1,-1,0,30,7,2,2,2,2,,,21.5,7.5,14.0,0,0.0,,0.0,0.5836138327227002,-0.0695008988650325,0.6531147315877327,6,2.1666666666666665,0.752772652709081,1.0,3.0,2
S030,2022-10-11,7,0,02:02,22:40,2,1,1,-1,-1,-1,-1,-1,-1.0,-1.0,-1.0,-1,-1.0,-1.0,-1.0,1,-1,-1,0,30,10,1,3,2,2,,,20.633333333333333,7.0,13.633333333333333,0,0.0,,0.0,-0.271472992759604,-0.0695008988650325,-0.2019720938945715,7,1.7142857142857142,0.4879500364742666,1.0,2.0,2
S030,2022-10-24,7,0,13:30,10:21,2,1,1,-1,-1,-1,-1,-1,-1.0,-1.0,-1.0,-1,-1.0,-1.0,-1.0,1,-1,-1,1,30,5,2,4,2,2,,,20.85,7.0,13.85,0,0.0,,0.0,-0.1304066939640455,-0.0695008988650325,-0.060905795099013,6,2.0,0.0,2.0,2.0,2
S030,2022-11-05,8,0,01:40,22:45,1,1,1,-1,-1,-1,-1,-1,-1.0,-1.0,-1.0,-1,-1.0,-1.0,-1.0,1,-1,-1,0,30,10,1,2,1,2,,,21.08333333333333,8.0,13.083333333333332,0,0.0,,0.0,0.0855372705837688,-0.0695008988650325,0.1550381694488014,7,1.8571428571428568,0.3779644730092272,1.0,2.0,2
S030,2022-11-12,9,0,01:20,10:40,1,1,1,-1,-1,-1,-1,-1,-1.0,-1.0,-1.0,-1,-1.0,-1.0,-1.0,1,-1,-1,0,40,10,1,3,2,1,80.0,640.0,9.333333333333334,9.0,0.3333333333333339,0,0.0,,0.0,-0.614775910907982,-0.0695008988650325,-0.5452750120429495,7,2.0,0.816496580927726,1.0,3.0,2
S032,2022-09-03,10,30,00:30,09:00,1,1,1,-1,-1,-1,-1,-1,-1.0,-1.0,-1.0,-1,-1.0,-1.0,-1.0,1,-1,-1,1,0,5,1,4,1,1,30.0,540.0,8.5,10.5,2.0,0,0.0,,0.0,-0.9717861742513548,-0.9717861742513548,0.0,1,2.0,,2.0,2.0,1
S032,2022-09-11,10,30,00:30,09:00,1,1,1,-1,-1,-1,-1,-1,-1.0,-1.0,-1.0,-1,-1.0,-1.0,-1.0,1,-1,-1,1,0,5,1,4,1,1,30.0,540.0,8.5,10.5,2.0,0,0.0,,0.0,-0.9717861742513548,-0.9717861742513548,0.0,6,2.0,0.0,2.0,2.0,1
S032,2022-09-17,10,0,00:30,09:00,1,1,1,-1,-1,-1,-1,-1,-1.0,-1.0,-1.0,-1,-1.0,-1.0,-1.0,1,-1,-1,1,0,5,1,4,1,1,30.0,540.0,8.5,10.0,1.5,0,0.0,,0.0,-0.9717861742513548,-0.9717861742513548,0.0,5,2.0,0.0,2.0,2.0,1
S033,2022-09-10,6,0,00:12,06:13,1,1,1,-1,-1,-1,-1,-1,-1.0,-1.0,-1.0,-1,-1.0,-1.0,-1.0,2,1,38,0,15,3,1,2,3,2,12.0,373.0,6.016666666666667,6.0,0.0166666666666666,1,1.0,38.0,38.0,0.0855372705837688,0.2303689509462176,-0.1448316803624488,7,2.571428571428572,0.5345224838248487,2.0,3.0,2
S033,2022-09-17,6,0,00:10,06:10,1,1,1,-1,-1,-1,-1,-1,-1.0,-1.0,-1.0,-1,-1.0,-1.0,-1.0,1,-1,-1,0,30,3,1,1,1,4,10.0,370.0,6.0,6.0,0.0,0,0.0,,0.0,1.129153370223898,0.2303689509462176,0.8987844192776804,6,2.833333333333333,0.408248290463863,2.0,3.0,2
S033,2022-09-24,6,0,00:40,06:40,1,1,1,-1,-1,-1,-1,-1,-1.0,-1.0,-1.0,-1,-1.0,-1.0,-1.0,1,-1,-1,1,0,3,1,3,4,4,40.0,400.0,6.0,6.0,0.0,0,0.0,,0.0,0.415132843537152,0.2303689509462176,0.1847638925909343,7,2.571428571428572,0.5345224838248487,2.0,3.0,2
S033,2022-10-07,6,0,00:04,06:04,1,1,1,-1,-1,-1,-1,-1,-1.0,-1.0,-1.0,-1,-1.0,-1.0,-1.0,2,1,30,0,15,3,1,2,4,4,4.0,364.0,6.0,6.0,0.0,1,1.0,30.0,30.0,0.772143106880525,0.2303689509462176,0.5417741559343073,6,2.6666666666666665,0.5163977794943222,2.0,3.0,2
S033,2022-10-08,6,0,23:02,06:02,1,1,2,요가(또는 필라테스),2,1,-1,0,,,,0,,,,1,-1,-1,0,30,3,1,2,2,4,1382.0,362.0,7.0,6.0,1.0,0,0.0,,0.0,0.772143106880525,0.2303689509462176,0.5417741559343073,7,2.7142857142857144,0.4879500364742665,2.0,3.0,2
S033,2022-10-15,6,0,00:00,06:00,1,1,1,-1,-1,-1,-1,-1,-1.0,-1.0,-1.0,-1,-1.0,-1.0,-1.0,1,-1,-1,0,30,3,1,3,2,2,0.0,360.0,6.0,6.0,0.0,0,0.0,,0.0,-0.271472992759604,0.2303689509462176,-0.5018419437058217,7,2.7142857142857144,0.4879500364742665,2.0,3.0,2
S033,2022-10-23,6,0,00:33,05:33,1,1,1,-1,-1,-1,-1,-1,-1.0,-1.0,-1.0,-1,-1.0,-1.0,-1.0,1,-1,-1,1,0,3,1,4,4,2,33.0,333.0,5.0,6.0,1.0,0,0.0,,0.0,-0.628483256102977,0.2303689509462176,-0.8588522070491946,7,3.142857142857143,0.6900655593423541,2.0,4.0,2
S033,2022-11-01,5,0,02:00,06:00,1,1,1,-1,-1,-1,-1,-1,-1.0,-1.0,-1.0,-1,-1.0,-1.0,-1.0,1,-1,-1,0,15,3,1,4,4,4,120.0,360.0,4.0,5.0,1.0,0,0.0,,0.0,0.0581225801937791,0.2303689509462176,-0.1722463707524385,3,3.0,0.0,3.0,3.0,2
S033,2022-11-05,3,0,03:00,06:00,1,1,2,요가(또는 필라테스),2,0,-1,0,,,,0,,,,1,-1,-1,0,30,2,1,2,3,2,180.0,360.0,3.0,3.0,0.0,0,0.0,,0.0,0.0855372705837688,0.2303689509462176,-0.1448316803624488,4,3.25,0.5,3.0,4.0,2
S033,2022-11-12,5,0,00:34,05:34,1,1,1,-1,-1,-1,-1,-1,-1.0,-1.0,-1.0,-1,-1.0,-1.0,-1.0,1,-1,-1,0,30,2,1,4,4,4,34.0,334.0,5.0,5.0,0.0,0,0.0,,0.0,0.0581225801937791,0.2303689509462176,-0.1722463707524385,7,2.857142857142857,0.3779644730092273,2.0,3.0,2
S033,2022-11-20,5,0,01:18,05:18,1,1,1,-1,-1,-1,-1,-1,-1.0,-1.0,-1.0,-1,-1.0,-1.0,-1.0,1,-1,-1,0,30,2,1,4,4,4,78.0,318.0,4.0,5.0,1.0,0,0.0,,0.0,0.0581225801937791,0.2303689509462176,-0.1722463707524385,6,3.0,0.0,3.0,3.0,2
S040,2022-09-10,9,0,01:00,09:00,2,2,1,-1,-1,-1,-1,-1,-1.0,-1.0,-1.0,-1,-1.0,-1.0,-1.0,1,-1,-1,0,30,4,3,1,4,3,60.0,540.0,8.0,9.0,1.0,0,0.0,,0.0,1.7820035763533824,1.0787912767395484,0.7032122996138339,5,3.2,0.4472135954999579,3.0,4.0,1
S040,2022-09-17,7,0,02:00,09:30,2,2,2,자전거,3,1,-1,0,,,,0,,,,1,-1,-1,1,30,4,3,1,4,4,120.0,570.0,7.5,7.0,0.5,0,0.0,,0.0,2.125306494501761,1.0787912767395484,1.046515217762212,6,2.833333333333333,0.408248290463863,2.0,3.0,1
S040,2022-09-24,8,0,02:00,21:30,2,2,2,자전거,4,1,-1,0,,,,0,,,,2,2,40,1,30,4,2,2,4,4,,,19.5,8.0,11.5,1,2.0,40.0,80.0,1.2702196690194565,1.0787912767395484,0.1914283922799078,7,2.7142857142857144,0.4879500364742666,2.0,3.0,1
S040,2022-10-02,8,0,02:00,09:00,2,3,2,경보,3,1,-1,0,,,,0,,,,2,2,30,0,30,4,2,2,3,4,120.0,540.0,7.0,8.0,1.0,1,2.0,30.0,60.0,1.2702196690194565,1.0787912767395484,0.1914283922799078,7,2.142857142857143,1.2149857925879115,1.0,4.0,1
S040,2022-10-08,8,0,02:00,08:40,2,2,1,-1,-1,-1,-1,-1,-1.0,-1.0,-1.0,-1,-1.0,-1.0,-1.0,1,-1,-1,1,0,4,2,2,3,2,120.0,520.0,6.666666666666667,8.0,1.333333333333333,0,0.0,,0.0,0.5836138327227002,1.0787912767395484,-0.4951774440168482,7,2.571428571428572,1.1338934190276817,1.0,4.0,1
S040,2022-10-15,8,0,03:00,08:43,2,2,1,-1,-1,-1,-1,-1,-1.0,-1.0,-1.0,-1,-1.0,-1.0,-1.0,1,-1,-1,1,0,4,2,2,3,2,180.0,523.0,5.716666666666667,8.0,2.283333333333333,0,0.0,,0.0,0.5836138327227002,1.0787912767395484,-0.4951774440168482,7,1.7142857142857142,0.4879500364742666,1.0,2.0,1
S040,2022-10-22,5,0,15:00,10:00,2,2,1,-1,-1,-1,-1,-1,-1.0,-1.0,-1.0,-1,-1.0,-1.0,-1.0,1,-1,-1,1,0,4,2,3,3,3,,,19.0,5.0,14.0,0,0.0,,0.0,0.5699064875277053,1.0787912767395484,-0.5088847892118431,7,2.142857142857143,1.0690449676496976,1.0,4.0,1
S040,2022-10-30,8,0,02:10,09:25,2,2,2,기타,2,2,-1,0,,,,0,,,,1,-1,-1,1,0,4,2,2,2,2,130.0,565.0,7.25,8.0,0.75,0,0.0,,0.0,0.5836138327227002,1.0787912767395484,-0.4951774440168482,7,2.2857142857142856,0.951189731211342,1.0,4.0,1
S040,2022-11-12,6,0,02:00,08:30,2,2,2,기타,1,2,-1,0,,,,0,,,,1,-1,-1,1,0,4,2,1,4,2,120.0,510.0,6.5,6.0,0.5,0,0.0,,0.0,0.9406240960660732,1.0787912767395484,-0.1381671806734753,7,2.857142857142857,0.8997354108424372,2.0,4.0,1
S041,2022-09-10,6,0,01:00,08:25,1,1,1,-1,-1,-1,-1,-1,-1.0,-1.0,-1.0,-1,-1.0,-1.0,-1.0,1,-1,-1,2,0,2,1,4,2,2,60.0,505.0,7.416666666666667,6.0,1.416666666666667,0,0.0,,0.0,-0.628483256102977,-0.0743420264216604,-0.5541412296813165,5,1.6,0.8944271909999159,1.0,3.0,2
S041,2022-09-21,6,0,02:13,08:13,1,1,1,-1,-1,-1,-1,-1,-1.0,-1.0,-1.0,-1,-1.0,-1.0,-1.0,1,-1,-1,3,0,6,1,3,3,1,133.0,493.0,6.0,6.0,0.0,0,0.0,,0.0,-0.614775910907982,-0.0743420264216604,-0.5404338844863216,7,1.1428571428571428,0.3779644730092272,1.0,2.0,2
S041,2022-09-24,6,0,02:06,08:06,2,1,1,-1,-1,-1,-1,-1,-1.0,-1.0,-1.0,-1,-1.0,-1.0,-1.0,2,1,20,1,0,4,2,4,4,2,126.0,486.0,6.0,6.0,0.0,1,1.0,20.0,20.0,-0.1304066939640455,-0.0743420264216604,-0.0560646675423851,7,1.1428571428571428,0.3779644730092272,1.0,2.0,2
S041,2022-10-01,5,49,02:00,08:00,2,1,1,-1,-1,-1,-1,-1,-1.0,-1.0,-1.0,-1,-1.0,-1.0,-1.0,2,1,60,0,30,4,1,3,4,1,120.0,480.0,6.0,5.816666666666666,0.1833333333333335,1,1.0,60.0,60.0,-0.614775910907982,-0.0743420264216604,-0.5404338844863216,7,1.7142857142857142,0.7559289460184545,1.0,3.0,2
S041,2022-10-08,5,2,02:24,09:03,2,1,1,-1,-1,-1,-1,-1,-1.0,-1.0,-1.0,-1,-1.0,-1.0,-1.0,1,-1,-1,2,0,4,1,4,2,2,144.0,543.0,6.65,5.033333333333333,1.6166666666666671,0,0.0,,0.0,-0.628483256102977,-0.0743420264216604,-0.5541412296813165,7,2.0,1.0,1.0,4.0,2
S041,2022-10-15,5,10,02:16,08:16,2,1,1,-1,-1,-1,-1,-1,-1.0,-1.0,-1.0,-1,-1.0,-1.0,-1.0,1,-1,-1,1,0,4,1,3,3,1,136.0,496.0,6.0,5.166666666666667,0.833333333333333,0,0.0,,0.0,-0.614775910907982,-0.0743420264216604,-0.5404338844863216,7,1.7142857142857142,0.7559289460184545,1.0,3.0,2
S041,2022-10-22,6,40,02:00,08:00,1,1,1,-1,-1,-1,-1,-1,-1.0,-1.0,-1.0,-1,-1.0,-1.0,-1.0,1,-1,-1,4,0,4,1,4,3,1,120.0,480.0,6.0,6.666666666666667,0.666666666666667,0,0.0,,0.0,-0.9717861742513548,-0.0743420264216604,-0.8974441478296945,7,1.4285714285714286,0.5345224838248488,1.0,2.0,2
S041,2022-10-29,6,53,02:00,09:00,1,1,2,기타,3,2,-1,0,,,,0,,,,1,-1,-1,2,0,4,1,4,3,1,120.0,540.0,7.0,6.883333333333333,0.1166666666666671,0,0.0,,0.0,-0.9717861742513548,-0.0743420264216604,-0.8974441478296945,7,1.0,0.0,1.0,1.0,2
S041,2022-11-06,4,0,04:00,08:34,1,1,1,-1,-1,-1,-1,-1,-1.0,-1.0,-1.0,-1,-1.0,-1.0,-1.0,1,-1,-1,2,0,4,3,2,2,1,240.0,514.0,4.566666666666666,4.0,0.5666666666666664,0,0.0,,0.0,0.7383874767132536,-0.0743420264216604,0.812729503134914,7,1.2857142857142858,0.4879500364742666,1.0,2.0,2
S041,2022-11-13,5,45,02:05,08:05,1,1,2,기타,3,2,-1,0,,,,0,,,,1,-1,-1,0,30,4,1,3,3,1,125.0,485.0,6.0,5.75,0.25,0,0.0,,0.0,-0.614775910907982,-0.0743420264216604,-0.5404338844863216,7,1.7142857142857142,0.7559289460184545,1.0,3.0,2
S041,2022-11-19,6,5,03:12,10:07,1,1,1,-1,-1,-1,-1,-1,-1.0,-1.0,-1.0,-1,-1.0,-1.0,-1.0,1,-1,-1,3,0,12,3,2,3,1,192.0,607.0,6.916666666666667,6.083333333333333,0.8333333333333339,0,0.0,,0.0,0.7383874767132536,-0.0743420264216604,0.812729503134914,7,1.2857142857142858,0.4879500364742666,1.0,2.0,2
S041,2022-11-27,5,18,03:04,08:49,1,1,1,-1,-1,-1,-1,-1,-1.0,-1.0,-1.0,-1,-1.0,-1.0,-1.0,1,-1,-1,4,50,12,3,1,3,1,184.0,529.0,5.75,5.3,0.4500000000000002,0,0.0,,0.0,1.0953977400566266,-0.0743420264216604,1.169739766478287,7,1.7142857142857142,0.951189731211342,1.0,3.0,2
S041,2022-12-03,5,50,03:44,09:38,2,1,1,-1,-1,-1,-1,-1,-1.0,-1.0,-1.0,-1,-1.0,-1.0,-1.0,1,-1,-1,4,0,12,3,2,3,1,224.0,578.0,5.9,5.833333333333333,0.0666666666666673,0,0.0,,0.0,0.7383874767132536,-0.0743420264216604,0.812729503134914,7,2.4285714285714284,0.9759000729485332,1.0,4.0,2
S041,2022-12-10,5,55,03:37,09:13,1,1,1,-1,-1,-1,-1,-1,-1.0,-1.0,-1.0,-1,-1.0,-1.0,-1.0,1,-1,-1,5,0,13,3,1,3,2,217.0,553.0,5.6,5.916666666666667,0.3166666666666673,0,0.0,,0.0,1.4387006582050044,-0.0743420264216604,1.5130426846266647,7,1.5714285714285714,1.1338934190276817,1.0,4.0,2
S042,2022-09-10,6,0,03:00,09:00,1,1,1,-1,-1,-1,-1,-1,-1.0,-1.0,-1.0,-1,-1.0,-1.0,-1.0,1,-1,-1,1,0,50,1,4,2,2,180.0,540.0,6.0,6.0,0.0,0,0.0,,0.0,-0.628483256102977,-0.2625956618442376,-0.3658875942587393,5,1.2,0.4472135954999579,1.0,2.0,2
S042,2022-09-17,8,0,03:00,09:00,1,2,1,-1,-1,-1,-1,-1,-1.0,-1.0,-1.0,-1,-1.0,-1.0,-1.0,1,-1,-1,1,0,50,1,4,2,1,180.0,540.0,6.0,8.0,2.0,0,0.0,,0.0,-0.9717861742513548,-0.2625956618442376,-0.7091905124071173,5,1.0,0.0,1.0,1.0,2
S042,2022-09-24,5,0,02:00,08:00,1,1,1,-1,-1,-1,-1,-1,-1.0,-1.0,-1.0,-1,-1.0,-1.0,-1.0,1,-1,-1,1,0,50,1,4,4,4,120.0,480.0,6.0,5.0,1.0,0,0.0,,0.0,0.0581225801937791,-0.2625956618442376,0.3207182420380167,7,1.7142857142857142,1.2535663410560174,1.0,4.0,2
S042,2022-10-01,8,0,02:00,08:30,1,2,1,-1,-1,-1,-1,-1,-1.0,-1.0,-1.0,-1,-1.0,-1.0,-1.0,2,2,60,0,30,50,1,3,4,2,120.0,510.0,6.5,8.0,1.5,1,2.0,60.0,120.0,-0.271472992759604,-0.2625956618442376,-0.0088773309153663,7,1.1428571428571428,0.3779644730092272,1.0,2.0,2
S042,2022-10-08,6,0,03:00,09:00,1,2,1,-1,-1,-1,-1,-1,-1.0,-1.0,-1.0,-1,-1.0,-1.0,-1.0,1,-1,-1,0,45,50,1,4,4,1,180.0,540.0,6.0,6.0,0.0,0,0.0,,0.0,-0.9717861742513548,-0.2625956618442376,-0.7091905124071173,7,2.0,1.2909944487358056,1.0,4.0,2
S042,2022-10-15,5,0,06:00,10:00,1,1,1,-1,-1,-1,-1,-1,-1.0,-1.0,-1.0,-1,-1.0,-1.0,-1.0,1,-1,-1,1,0,50,2,2,3,2,360.0,600.0,4.0,5.0,1.0,0,0.0,,0.0,0.5836138327227002,-0.2625956618442376,0.8462094945669378,7,1.0,0.0,1.0,1.0,2
S042,2022-10-22,6,0,06:00,10:00,1,1,1,-1,-1,-1,-1,-1,-1.0,-1.0,-1.0,-1,-1.0,-1.0,-1.0,2,3,30,1,30,50,2,2,4,2,360.0,600.0,4.0,6.0,2.0,1,3.0,30.0,90.0,0.5836138327227002,-0.2625956618442376,0.8462094945669378,7,1.5714285714285714,1.1338934190276817,1.0,4.0,2
S042,2022-10-29,8,0,03:00,09:00,1,2,2,헬스,3,0,-1,0,,,,0,,,,1,-1,-1,1,0,50,1,3,3,2,180.0,540.0,6.0,8.0,2.0,0,0.0,,0.0,-0.271472992759604,-0.2625956618442376,-0.0088773309153663,7,1.4285714285714286,1.1338934190276817,1.0,4.0,2
S042,2022-11-05,8,0,01:00,09:00,1,1,1,-1,-1,-1,-1,-1,-1.0,-1.0,-1.0,-1,-1.0,-1.0,-1.0,1,-1,-1,1,0,50,2,4,2,1,60.0,540.0,8.0,8.0,0.0,0,0.0,,0.0,-0.4737096121124236,-0.2625956618442376,-0.2111139502681859,7,1.4285714285714286,1.1338934190276817,1.0,4.0,2
S049,2022-10-08,4,0,03:01,21:01,3,4,1,-1,-1,-1,-1,-1,-1.0,-1.0,-1.0,-1,-1.0,-1.0,-1.0,1,-1,-1,0,30,4,2,3,3,2,,,18.0,4.0,14.0,0,0.0,,0.0,0.2266035693793273,0.8441602983470112,-0.6175567289676839,2,2.5,0.7071067811865476,2.0,3.0,2
S049,2022-10-16,6,0,00:00,20:00,2,3,2,헬스,3,1,-1,0,,,,0,,,,2,1,20,0,15,4,2,3,2,3,,,20.0,6.0,14.0,1,1.0,20.0,20.0,0.5699064875277053,0.8441602983470112,-0.2742538108193059,7,2.2857142857142856,0.951189731211342,1.0,4.0,2
S049,2022-10-31,6,0,01:00,20:00,2,3,1,-1,-1,-1,-1,-1,-1.0,-1.0,-1.0,-1,-1.0,-1.0,-1.0,1,-1,-1,0,15,4,3,1,3,2,,,19.0,6.0,13.0,0,0.0,,0.0,1.4387006582050044,0.8441602983470112,0.5945403598579931,5,3.0,1.4142135623730951,2.0,5.0,2
S049,2022-11-02,6,0,02:00,20:03,2,3,1,-1,-1,-1,-1,-1,-1.0,-1.0,-1.0,-1,-1.0,-1.0,-1.0,1,-1,-1,0,30,4,3,1,3,2,,,18.05,6.0,12.05,0,0.0,,0.0,1.4387006582050044,0.8441602983470112,0.5945403598579931,7,3.2857142857142856,1.2535663410560174,2.0,5.0,2
S049,2022-11-07,5,0,01:30,21:30,3,4,1,-1,-1,-1,-1,-1,-1.0,-1.0,-1.0,-1,-1.0,-1.0,-1.0,2,1,20,1,15,4,3,1,3,2,,,20.0,5.0,15.0,1,1.0,20.0,20.0,1.4387006582050044,0.8441602983470112,0.5945403598579931,7,3.857142857142857,0.6900655593423541,3.0,5.0,2
S049,2022-11-14,8,0,23:00,10:00,2,2,1,-1,-1,-1,-1,-1,-1.0,-1.0,-1.0,-1,-1.0,-1.0,-1.0,1,-1,-1,0,15,4,2,3,3,3,1380.0,600.0,11.0,8.0,3.0,0,0.0,,0.0,0.5699064875277053,0.8441602983470112,-0.2742538108193059,7,1.5714285714285714,0.7867957924694432,1.0,3.0,2
S049,2022-11-19,7,0,12:00,07:00,2,2,1,-1,-1,-1,-1,-1,-1.0,-1.0,-1.0,-1,-1.0,-1.0,-1.0,1,-1,-1,0,10,4,2,3,2,2,,,19.0,7.0,12.0,0,0.0,,0.0,0.2266035693793273,0.8441602983470112,-0.6175567289676839,7,1.1428571428571428,0.3779644730092272,1.0,2.0,2
S069,2022-10-08,4,50,03:00,09:00,2,1,2,달리기,1,0,-1,0,,,,0,,,,1,-1,-1,0,30,15,1,3,2,2,180.0,540.0,6.0,4.833333333333333,1.166666666666667,0,0.0,,0.0,-0.271472992759604,-0.4196134020345333,0.1481404092749292,4,2.0,0.0,2.0,2.0,1
S069,2022-10-18,5,47,15:00,21:30,2,1,2,달리기,1,0,-1,0,,,,0,,,,1,-1,-1,0,30,14,2,2,2,2,900.0,1290.0,6.5,5.783333333333333,0.7166666666666668,0,0.0,,0.0,0.5836138327227002,-0.4196134020345333,1.0032272347572335,7,2.0,0.0,2.0,2.0,1
S069,2022-10-23,5,42,02:00,09:00,1,2,1,-1,-1,-1,-1,-1,-1.0,-1.0,-1.0,-1,-1.0,-1.0,-1.0,1,-1,-1,0,30,14,1,4,1,1,120.0,540.0,7.0,5.7,1.2999999999999998,0,0.0,,0.0,-0.9717861742513548,-0.4196134020345333,-0.5521727722168217,7,1.8571428571428568,0.3779644730092273,1.0,2.0,1
S069,2022-10-31,5,50,02:00,08:30,2,1,1,-1,-1,-1,-1,-1,-1.0,-1.0,-1.0,-1,-1.0,-1.0,-1.0,1,-1,-1,0,30,14,1,4,2,1,120.0,510.0,6.5,5.833333333333333,0.666666666666667,0,0.0,,0.0,-0.9717861742513548,-0.4196134020345333,-0.5521727722168217,6,2.0,0.0,2.0,2.0,1
S069,2022-11-06,6,21,02:30,10:00,1,1,1,-1,-1,-1,-1,-1,-1.0,-1.0,-1.0,-1,-1.0,-1.0,-1.0,1,-1,-1,0,40,21,1,3,1,1,150.0,600.0,7.5,6.35,1.1500000000000004,0,0.0,,0.0,-0.614775910907982,-0.4196134020345333,-0.1951625088734487,6,2.1666666666666665,0.4082482904638629,2.0,3.0,1
S069,2022-11-15,6,31,02:30,08:03,1,1,1,-1,-1,-1,-1,-1,-1.0,-1.0,-1.0,-1,-1.0,-1.0,-1.0,1,-1,-1,0,30,15,1,3,1,2,150.0,483.0,5.55,6.516666666666667,0.9666666666666668,0,0.0,,0.0,-0.271472992759604,-0.4196134020345333,0.1481404092749292,7,2.0,0.0,2.0,2.0,1
S071,2022-10-09,8,0,01:36,08:30,1,1,1,-1,-1,-1,-1,-1,-1.0,-1.0,-1.0,-1,-1.0,-1.0,-1.0,1,-1,-1,0,30,6,1,3,3,3,96.0,510.0,6.9,8.0,1.0999999999999996,0,0.0,,0.0,0.0718299253887739,0.0763990404537722,-0.0045691150649983,5,2.0,0.0,2.0,2.0,1
S071,2022-10-16,8,0,02:00,08:30,1,1,1,-1,-1,-1,-1,-1,-1.0,-1.0,-1.0,-1,-1.0,-1.0,-1.0,1,-1,-1,0,30,6,1,2,3,3,120.0,510.0,6.5,8.0,1.5,0,0.0,,0.0,0.4288401887321469,0.0763990404537722,0.3524411482783746,7,2.142857142857143,0.3779644730092273,2.0,3.0,1
S071,2022-10-22,8,0,14:40,20:00,1,1,1,-1,-1,-1,-1,-1,-1.0,-1.0,-1.0,-1,-1.0,-1.0,-1.0,1,-1,-1,0,30,6,1,3,2,2,880.0,1200.0,5.333333333333333,8.0,2.666666666666667,0,0.0,,0.0,-0.271472992759604,0.0763990404537722,-0.3478720332133763,7,2.2857142857142856,0.7559289460184545,2.0,4.0,1
S119,2022-07-16,8,0,03:00,11:00,2,1,1,-1,-1,-1,-1,-1,-1.0,-1.0,-1.0,-1,-1.0,-1.0,-1.0,1,-1,-1,3,0,1,1,3,2,1,180.0,660.0,8.0,8.0,0.0,0,0.0,,0.0,-0.614775910907982,-0.2701022582401045,-0.3446736526678775,0,,,,,2
S119,2022-07-23,7,0,03:20,11:00,2,1,1,-1,-1,-1,-1,-1,-1.0,-1.0,-1.0,-1,-1.0,-1.0,-1.0,1,-1,-1,3,0,1,1,2,4,2,200.0,660.0,7.666666666666667,7.0,0.666666666666667,0,0.0,,0.0,0.0855372705837688,-0.2701022582401045,0.3556395288238734,0,,,,,2
S119,2022-07-30,7,30,03:00,10:00,1,1,1,-1,-1,-1,-1,-1,-1.0,-1.0,-1.0,-1,-1.0,-1.0,-1.0,1,-1,-1,3,0,1,1,3,2,2,180.0,600.0,7.0,7.5,0.5,0,0.0,,0.0,-0.271472992759604,-0.2701022582401045,-0.0013707345194994,0,,,,,2
S119,2022-08-06,8,0,04:20,13:00,2,1,1,-1,-1,-1,-1,-1,-1.0,-1.0,-1.0,-1,-1.0,-1.0,-1.0,1,-1,-1,3,0,1,1,3,2,2,260.0,780.0,8.666666666666666,8.0,0.6666666666666661,0,0.0,,0.0,-0.271472992759604,-0.2701022582401045,-0.0013707345194994,0,,,,,2
S119,2022-08-14,7,20,05:00,13:00,3,1,1,-1,-1,-1,-1,-1,-1.0,-1.0,-1.0,-1,-1.0,-1.0,-1.0,1,-1,-1,2,0,1,1,3,3,2,300.0,780.0,8.0,7.333333333333333,0.666666666666667,0,0.0,,0.0,-0.271472992759604,-0.2701022582401045,-0.0013707345194994,6,2.333333333333333,0.5163977794943222,2.0,3.0,2
S119,2022-08-20,6,0,07:45,13:45,3,1,1,-1,-1,-1,-1,-1,-1.0,-1.0,-1.0,-1,-1.0,-1.0,-1.0,1,-1,-1,3,0,1,1,3,3,2,465.0,825.0,6.0,6.0,0.0,0,0.0,,0.0,-0.271472992759604,-0.2701022582401045,-0.0013707345194994,5,2.4,0.5477225575051661,2.0,3.0,2
S119,2022-08-27,8,0,02:00,10:00,1,1,1,-1,-1,-1,-1,-1,-1.0,-1.0,-1.0,-1,-1.0,-1.0,-1.0,1,-1,-1,4,0,3,1,3,2,2,120.0,600.0,8.0,8.0,0.0,0,0.0,,0.0,-0.271472992759604,-0.2701022582401045,-0.0013707345194994,4,2.0,0.0,2.0,2.0,2
S119,2022-09-03,8,0,01:20,08:40,1,1,1,-1,-1,-1,-1,-1,-1.0,-1.0,-1.0,-1,-1.0,-1.0,-1.0,1,-1,-1,3,0,2,1,3,2,2,80.0,520.0,7.333333333333333,8.0,0.666666666666667,0,0.0,,0.0,-0.271472992759604,-0.2701022582401045,-0.0013707345194994,6,2.1666666666666665,0.408248290463863,2.0,3.0,2
S119,2022-09-10,8,0,01:00,09:00,1,1,1,-1,-1,-1,-1,-1,-1.0,-1.0,-1.0,-1,-1.0,-1.0,-1.0,1,-1,-1,3,0,3,1,3,2,2,60.0,540.0,8.0,8.0,0.0,0,0.0,,0.0,-0.271472992759604,-0.2701022582401045,-0.0013707345194994,6,2.0,0.0,2.0,2.0,2
S119,2022-09-18,8,0,01:30,09:00,1,1,1,-1,-1,-1,-1,-1,-1.0,-1.0,-1.0,-1,-1.0,-1.0,-1.0,1,-1,-1,3,0,3,1,3,2,2,90.0,540.0,7.5,8.0,0.5,0,0.0,,0.0,-0.271472992759604,-0.2701022582401045,-0.0013707345194994,6,2.0,0.0,2.0,2.0,2
S503,2022-09-17,8,0,03:30,11:30,1,1,1,-1,-1,-1,-1,-1,-1.0,-1.0,-1.0,-1,-1.0,-1.0,-1.0,1,-1,-1,0,10,1,1,4,1,1,210.0,690.0,8.0,8.0,0.0,0,0.0,,0.0,-0.9717861742513548,-0.6944023706936535,-0.2773838035577014,3,2.6666666666666665,1.1547005383792517,2.0,4.0,1
S503,2022-09-24,8,0,03:30,11:30,1,1,1,-1,-1,-1,-1,-1,-1.0,-1.0,-1.0,-1,-1.0,-1.0,-1.0,1,-1,-1,0,0,1,1,4,1,2,210.0,690.0,8.0,8.0,0.0,0,0.0,,0.0,-0.628483256102977,-0.6944023706936535,0.0659191145906765,7,3.142857142857143,0.6900655593423541,2.0,4.0,1
S503,2022-10-02,8,0,03:30,11:30,1,1,1,-1,-1,-1,-1,-1,-1.0,-1.0,-1.0,-1,-1.0,-1.0,-1.0,1,-1,-1,0,0,1,1,4,1,2,210.0,690.0,8.0,8.0,0.0,0,0.0,,0.0,-0.628483256102977,-0.6944023706936535,0.0659191145906765,7,3.571428571428572,1.2724180205607036,2.0,5.0,1
S503,2022-10-08,8,0,03:30,11:30,1,1,1,-1,-1,-1,-1,-1,-1.0,-1.0,-1.0,-1,-1.0,-1.0,-1.0,1,-1,-1,0,0,1,1,3,1,1,210.0,690.0,8.0,8.0,0.0,0,0.0,,0.0,-0.614775910907982,-0.6944023706936535,0.0796264597856715,7,3.4285714285714284,0.7867957924694432,2.0,4.0,1
S503,2022-10-15,8,30,03:30,11:30,1,1,1,-1,-1,-1,-1,-1,-1.0,-1.0,-1.0,-1,-1.0,-1.0,-1.0,1,-1,-1,0,0,1,1,4,1,2,210.0,690.0,8.0,8.5,0.5,0,0.0,,0.0,-0.628483256102977,-0.6944023706936535,0.0659191145906765,7,4.0,0.5773502691896257,3.0,5.0,1
S504,2022-09-17,9,00,13:38,21:00,1,1,1,-1,-1,-1,-1,-1,-1.0,-1.0,-1.0,-1,-1.0,-1.0,-1.0,1,-1,-1,3,0,3,1,4,4,1,818.0,1260.0,7.366666666666666,9.0,1.6333333333333335,0,0.0,,0.0,-0.9717861742513548,-0.8954966368850488,-0.0762895373663061,2,2.0,0.0,2.0,2.0,1
S504,2022-09-25,10,00,03:02,10:02,1,1,1,-1,-1,-1,-1,-1,-1.0,-1.0,-1.0,-1,-1.0,-1.0,-1.0,1,-1,-1,1,0,3,1,4,2,1,182.0,602.0,7.0,10.0,3.0,0,0.0,,0.0,-0.9717861742513548,-0.8954966368850488,-0.0762895373663061,7,1.8571428571428568,0.3779644730092273,1.0,2.0,1
S504,2022-10-02,10,00,10:22,10:22,1,1,1,-1,-1,-1,-1,-1,-1.0,-1.0,-1.0,-1,-1.0,-1.0,-1.0,1,-1,-1,2,0,3,1,4,3,1,,,0.0,10.0,10.0,0,0.0,,0.0,-0.9717861742513548,-0.8954966368850488,-0.0762895373663061,5,2.0,0.0,2.0,2.0,1
S504,2022-10-08,9,00,23:39,21:39,1,1,1,-1,-1,-1,-1,-1,-1.0,-1.0,-1.0,-1,-1.0,-1.0,-1.0,1,-1,-1,1,0,3,1,4,1,2,,,22.0,9.0,13.0,0,0.0,,0.0,-0.628483256102977,-0.8954966368850488,0.2670133807820718,5,1.8,0.4472135954999579,1.0,2.0,1
S504,2022-10-16,9,00,01:54,10:54,1,1,1,-1,-1,-1,-1,-1,-1.0,-1.0,-1.0,-1,-1.0,-1.0,-1.0,1,-1,-1,2,0,3,1,4,2,1,114.0,654.0,9.0,9.0,0.0,0,0.0,,0.0,-0.9717861742513548,-0.8954966368850488,-0.0762895373663061,6,2.0,0.0,2.0,2.0,1
S504,2022-10-23,9,00,23:37,10:37,1,1,1,-1,-1,-1,-1,-1,-1.0,-1.0,-1.0,-1,-1.0,-1.0,-1.0,1,-1,-1,2,0,3,1,4,4,2,1417.0,637.0,11.0,9.0,2.0,0,0.0,,0.0,-0.628483256102977,-0.8954966368850488,0.2670133807820718,5,2.0,0.0,2.0,2.0,1
S504,2022-10-29,11,0#,23:46,08:46,1,1,1,-1,-1,-1,-1,-1,-1.0,-1.0,-1.0,-1,-1.0,-1.0,-1.0,1,-1,-1,1,0,3,1,4,1,1,1426.0,526.0,9.0,,,0,0.0,,0.0,-0.9717861742513548,-0.8954966368850488,-0.0762895373663061,5,2.0,0.0,2.0,2.0,1
S504,2022-11-06,8,00,01:59,10:59,1,1,1,-1,-1,-1,-1,-1,-1.0,-1.0,-1.0,-1,-1.0,-1.0,-1.0,1,-1,-1,2,0,3,1,4,4,1,119.0,659.0,9.0,8.0,1.0,0,0.0,,0.0,-0.9717861742513548,-0.8954966368850488,-0.0762895373663061,7,2.0,0.0,2.0,2.0,1
S504,2022-11-13,9,00,00:48,08:48,1,1,1,-1,-1,-1,-1,-1,-1.0,-1.0,-1.0,-1,-1.0,-1.0,-1.0,1,-1,-1,2,0,3,1,4,4,1,48.0,528.0,8.0,9.0,1.0,0,0.0,,0.0,-0.9717861742513548,-0.8954966368850488,-0.0762895373663061,7,2.0,0.0,2.0,2.0,1
S505,2022-09-17,6,30,12:30,19:00,2,1,1,-1,-1,-1,-1,-1,-1.0,-1.0,-1.0,-1,-1.0,-1.0,-1.0,1,-1,-1,0,30,3,1,3,2,2,750.0,1140.0,6.5,6.5,0.0,0,0.0,,0.0,-0.271472992759604,-0.3430922712460024,0.0716192784863984,2,2.5,0.7071067811865476,2.0,3.0,2
S505,2022-10-03,4,0,01:27,17:57,1,3,1,-1,-1,-1,-1,-1,-1.0,-1.0,-1.0,-1,-1.0,-1.0,-1.0,1,-1,-1,0,30,6,2,2,3,3,,,16.5,4.0,12.5,0,0.0,,0.0,0.9269167508710782,-0.3430922712460024,1.2700090221170806,6,2.6666666666666665,1.632993161855452,1.0,5.0,2
S505,2022-10-08,6,0,01:00,18:30,1,3,1,-1,-1,-1,-1,-1,-1.0,-1.0,-1.0,-1,-1.0,-1.0,-1.0,1,-1,-1,0,20,4,1,3,1,3,,,17.5,6.0,11.5,0,0.0,,0.0,0.0718299253887739,-0.3430922712460024,0.4149221966347764,6,2.1666666666666665,1.1690451944500122,1.0,4.0,2
S505,2022-10-17,6,30,12:00,07:00,1,4,1,-1,-1,-1,-1,-1,-1.0,-1.0,-1.0,-1,-1.0,-1.0,-1.0,1,-1,-1,0,30,6,1,4,1,2,,,19.0,6.5,12.5,0,0.0,,0.0,-0.628483256102977,-0.3430922712460024,-0.2853909848569745,7,2.2857142857142856,1.1126972805283737,1.0,4.0,2
S505,2022-10-22,6,11,23:01,18:01,1,2,1,-1,-1,-1,-1,-1,-1.0,-1.0,-1.0,-1,-1.0,-1.0,-1.0,1,-1,-1,0,30,5,1,4,1,2,,,19.0,6.183333333333334,12.816666666666666,0,0.0,,0.0,-0.628483256102977,-0.3430922712460024,-0.2853909848569745,7,2.0,1.0,1.0,3.0,2
S505,2022-10-31,6,11,22:00,18:30,1,1,1,-1,-1,-1,-1,-1,-1.0,-1.0,-1.0,-1,-1.0,-1.0,-1.0,1,-1,-1,0,20,4,1,3,1,1,,,20.5,6.183333333333334,14.316666666666666,0,0.0,,0.0,-0.614775910907982,-0.3430922712460024,-0.2716836396619795,7,3.4285714285714284,1.2724180205607034,1.0,5.0,2
S505,2022-11-08,6,19,23:00,17:37,1,2,1,-1,-1,-1,-1,-1,-1.0,-1.0,-1.0,-1,-1.0,-1.0,-1.0,1,-1,-1,0,20,3,1,4,2,2,,,18.616666666666667,6.316666666666666,12.3,0,0.0,,0.0,-0.628483256102977,-0.3430922712460024,-0.2853909848569745,6,2.6666666666666665,1.632993161855452,1.0,5.0,2
S505,2022-11-12,5,51,12:00,18:09,1,1,1,-1,-1,-1,-1,-1,-1.0,-1.0,-1.0,-1,-1.0,-1.0,-1.0,1,-1,-1,0,10,6,1,4,1,1,720.0,1089.0,6.15,5.85,0.3000000000000007,0,0.0,,0.0,-0.9717861742513548,-0.3430922712460024,-0.6286939030053524,7,2.4285714285714284,1.618347187425374,1.0,5.0,2
S507,2022-09-24,5,0,21:10,06:30,1,1,1,-1,-1,-1,-1,-1,-1.0,-1.0,-1.0,-1,-1.0,-1.0,-1.0,1,-1,-1,1,0,4,2,2,3,3,,,9.333333333333334,5.0,4.333333333333334,0,0.0,,0.0,0.9269167508710782,1.007679135883082,-0.0807623850120037,2,3.5,0.7071067811865476,3.0,4.0,2
S507,2022-10-02,5,0,21:30,05:30,1,1,1,-1,-1,-1,-1,-1,-1.0,-1.0,-1.0,-1,-1.0,-1.0,-1.0,1,-1,-1,0,30,4,2,3,2,3,1290.0,330.0,8.0,5.0,3.0,0,0.0,,0.0,0.5699064875277053,1.007679135883082,-0.4377726483553765,7,3.571428571428572,1.1338934190276817,2.0,5.0,2
S507,2022-10-09,6,0,21:30,04:30,1,1,1,-1,-1,-1,-1,-1,-1.0,-1.0,-1.0,-1,-1.0,-1.0,-1.0,1,-1,-1,0,30,3,2,3,3,3,1290.0,270.0,7.0,6.0,1.0,0,0.0,,0.0,0.5699064875277053,1.007679135883082,-0.4377726483553765,7,3.2857142857142856,0.4879500364742666,3.0,4.0,2
S507,2022-10-16,6,0,21:30,05:30,1,1,1,-1,-1,-1,-1,-1,-1.0,-1.0,-1.0,-1,-1.0,-1.0,-1.0,1,-1,-1,0,30,3,2,3,3,3,1290.0,330.0,8.0,6.0,2.0,0,0.0,,0.0,0.5699064875277053,1.007679135883082,-0.4377726483553765,7,3.857142857142857,0.6900655593423543,3.0,5.0,2
S507,2022-10-22,5,0,22:30,05:00,1,1,1,-1,-1,-1,-1,-1,-1.0,-1.0,-1.0,-1,-1.0,-1.0,-1.0,1,-1,-1,0,30,4,2,2,2,2,1350.0,300.0,6.5,5.0,1.5,0,0.0,,0.0,0.5836138327227002,1.007679135883082,-0.4240653031603817,6,3.1666666666666665,0.752772652709081,2.0,4.0,2
S507,2022-10-30,6,0,21:30,05:30,1,1,1,-1,-1,-1,-1,-1,-1.0,-1.0,-1.0,-1,-1.0,-1.0,-1.0,2,0,30,0,30,4,3,1,2,2,1290.0,330.0,8.0,6.0,2.0,1,0.0,30.0,0.0,1.4387006582050044,1.007679135883082,0.4310215223219225,7,3.571428571428572,0.7867957924694432,3.0,5.0,2
S507,2022-11-07,6,0,21:30,05:30,1,1,1,-1,-1,-1,-1,-1,-1.0,-1.0,-1.0,-1,-1.0,-1.0,-1.0,1,-1,-1,0,30,4,2,2,3,3,1290.0,330.0,8.0,6.0,2.0,0,0.0,,0.0,0.9269167508710782,1.007679135883082,-0.0807623850120037,7,3.4285714285714284,0.5345224838248487,3.0,4.0,2
S507,2022-11-12,5,0,21:30,05:11,1,1,1,-1,-1,-1,-1,-1,-1.0,-1.0,-1.0,-1,-1.0,-1.0,-1.0,1,-1,-1,0,30,2,2,2,3,3,1290.0,311.0,7.683333333333334,5.0,2.6833333333333336,0,0.0,,0.0,0.9269167508710782,1.007679135883082,-0.0807623850120037,7,4.428571428571429,0.7867957924694432,3.0,5.0,2
S507,2022-11-19,7,0,20:30,05:30,1,1,1,-1,-1,-1,-1,-1,-1.0,-1.0,-1.0,-1,-1.0,-1.0,-1.0,1,-1,-1,0,30,2,3,1,2,3,1230.0,330.0,9.0,7.0,2.0,0,0.0,,0.0,1.7820035763533824,1.007679135883082,0.7743244404703005,7,4.285714285714286,0.4879500364742666,4.0,5.0,2
S507,2022-11-26,6,0,21:01,05:10,1,1,1,-1,-1,-1,-1,-1,-1.0,-1.0,-1.0,-1,-1.0,-1.0,-1.0,2,5,30,0,30,2,3,1,3,3,1261.0,310.0,8.15,6.0,2.1500000000000004,1,5.0,30.0,150.0,1.7820035763533824,1.007679135883082,0.7743244404703005,7,3.857142857142857,0.6900655593423543,3.0,5.0,2
S605,2022-08-06,6,0,06:00,00:00,3,1,1,-1,-1,-1,-1,-1,-1.0,-1.0,-1.0,-1,-1.0,-1.0,-1.0,1,-1,-1,0,30,3,1,3,3,3,,,18.0,6.0,12.0,0,0.0,,0.0,0.0718299253887739,-0.160202885067629,0.232032810456403,1,3.0,,3.0,3.0,1
S605,2022-08-13,6,0,06:00,00:00,1,1,1,-1,-1,-1,-1,-1,-1.0,-1.0,-1.0,-1,-1.0,-1.0,-1.0,1,-1,-1,0,30,3,1,4,4,4,,,18.0,6.0,12.0,0,0.0,,0.0,0.0581225801937791,-0.160202885067629,0.2183254652614082,6,2.0,0.6324555320336759,1.0,3.0,1
S605,2022-08-20,6,0,06:00,00:00,2,2,1,-1,-1,-1,-1,-1,-1.0,-1.0,-1.0,-1,-1.0,-1.0,-1.0,1,-1,-1,0,30,3,2,2,2,1,,,18.0,6.0,12.0,0,0.0,,0.0,0.2403109145743222,-0.160202885067629,0.4005137996419513,4,2.25,0.957427107756338,1.0,3.0,1
S605,2022-08-28,6,0,06:00,12:00,2,2,1,-1,-1,-1,-1,-1,-1.0,-1.0,-1.0,-1,-1.0,-1.0,-1.0,1,-1,-1,0,30,6,1,2,2,2,360.0,720.0,6.0,6.0,0.0,0,0.0,,0.0,0.0855372705837688,-0.160202885067629,0.2457401556513979,4,3.0,0.0,3.0,3.0,1
S605,2022-09-03,6,0,06:00,00:00,1,1,1,-1,-1,-1,-1,-1,-1.0,-1.0,-1.0,-1,-1.0,-1.0,-1.0,1,-1,-1,0,30,3,1,3,2,2,,,18.0,6.0,12.0,0,0.0,,0.0,-0.271472992759604,-0.160202885067629,-0.1112701076919749,6,2.25,0.8803408430829505,1.0,3.0,1
S605,2022-09-10,6,0,06:00,00:00,1,1,1,-1,-1,-1,-1,-1,-1.0,-1.0,-1.0,-1,-1.0,-1.0,-1.0,1,-1,-1,0,30,3,1,4,2,2,,,18.0,6.0,12.0,0,0.0,,0.0,-0.628483256102977,-0.160202885067629,-0.4682803710353478,7,1.7857142857142858,0.3933978962347216,1.0,2.0,1
S605,2022-09-17,6,0,12:00,06:00,2,2,1,-1,-1,-1,-1,-1,-1.0,-1.0,-1.0,-1,-1.0,-1.0,-1.0,1,-1,-1,0,30,3,1,4,4,4,,,18.0,6.0,12.0,0,0.0,,0.0,0.0581225801937791,-0.160202885067629,0.2183254652614082,7,2.0,0.0,2.0,2.0,1
S605,2022-09-26,6,0,12:00,06:00,1,1,1,-1,-1,-1,-1,-1,-1.0,-1.0,-1.0,-1,-1.0,-1.0,-1.0,1,-1,-1,0,30,3,1,2,2,2,,,18.0,6.0,12.0,0,0.0,,0.0,0.0855372705837688,-0.160202885067629,0.2457401556513979,7,1.8571428571428568,0.3779644730092272,1.0,2.0,1
S605,2022-10-04,6,0,12:00,06:00,1,1,1,-1,-1,-1,-1,-1,-1.0,-1.0,-1.0,-1,-1.0,-1.0,-1.0,1,-1,-1,0,30,3,1,2,2,2,,,18.0,6.0,12.0,0,0.0,,0.0,0.0855372705837688,-0.160202885067629,0.2457401556513979,7,2.0,0.0,2.0,2.0,1
S605,2022-10-10,6,0,12:00,06:00,1,1,1,-1,-1,-1,-1,-1,-1.0,-1.0,-1.0,-1,-1.0,-1.0,-1.0,1,-1,-1,0,30,3,2,2,2,2,,,18.0,6.0,12.0,0,0.0,,0.0,0.5836138327227002,-0.160202885067629,0.7438167177903292,7,2.0,0.0,2.0,2.0,1
S605,2022-10-28,6,0,06:00,00:00,1,1,1,-1,-1,-1,-1,-1,-1.0,-1.0,-1.0,-1,-1.0,-1.0,-1.0,1,-1,-1,0,30,3,1,4,1,1,,,18.0,6.0,12.0,0,0.0,,0.0,-0.9717861742513548,-0.160202885067629,-0.8115832891837258,3,2.0,0.0,2.0,2.0,1
S605,2022-10-31,6,0,06:00,00:00,1,1,1,-1,-1,-1,-1,-1,-1.0,-1.0,-1.0,-1,-1.0,-1.0,-1.0,1,-1,-1,0,30,3,1,2,2,2,,,18.0,6.0,12.0,0,0.0,,0.0,0.0855372705837688,-0.160202885067629,0.2457401556513979,6,2.0,0.0,2.0,2.0,1
S605,2022-11-02,6,0,12:00,06:00,1,1,1,-1,-1,-1,-1,-1,-1.0,-1.0,-1.0,-1,-1.0,-1.0,-1.0,1,-1,-1,0,30,3,1,4,4,1,,,18.0,6.0,12.0,0,0.0,,0.0,-0.9717861742513548,-0.160202885067629,-0.8115832891837258,6,2.0,0.0,2.0,2.0,1
S605,2022-11-11,6,0,06:00,00:00,1,1,1,-1,-1,-1,-1,-1,-1.0,-1.0,-1.0,-1,-1.0,-1.0,-1.0,1,-1,-1,0,30,3,1,4,4,4,,,18.0,6.0,12.0,0,0.0,,0.0,0.0581225801937791,-0.160202885067629,0.2183254652614082,0,,,,,1
S605,2022-11-22,6,0,12:00,06:00,1,1,1,-1,-1,-1,-1,-1,-1.0,-1.0,-1.0,-1,-1.0,-1.0,-1.0,1,-1,-1,0,30,6,1,4,1,1,,,18.0,6.0,12.0,0,0.0,,0.0,-0.9717861742513548,-0.160202885067629,-0.8115832891837258,3,2.0,0.0,2.0,2.0,1
S646,2022-09-04,8,0,22:13,06:13,2,1,1,-1,-1,-1,-1,-1,-1.0,-1.0,-1.0,-1,-1.0,-1.0,-1.0,1,-1,-1,0,30,3,1,3,3,2,1333.0,373.0,8.0,8.0,0.0,0,0.0,,0.0,-0.271472992759604,-0.3898625467559189,0.1183895539963149,1,3.0,,3.0,3.0,2
S646,2022-09-09,7,0,22:29,06:06,1,1,2,헬스,1,0,-1,0,,,,0,,,,1,-1,-1,0,30,0,1,3,2,1,1349.0,366.0,7.616666666666666,7.0,0.6166666666666663,0,0.0,,0.0,-0.614775910907982,-0.3898625467559189,-0.2249133641520631,4,2.25,0.5,2.0,3.0,2
S646,2022-09-16,6,30,23:30,18:00,4,2,2,헬스,2,0,-1,0,,,,0,,,,1,-1,-1,0,20,3,2,2,4,2,,,18.5,6.5,12.0,0,0.0,,0.0,0.5836138327227002,-0.3898625467559189,0.9734763794786192,6,2.333333333333333,0.816496580927726,2.0,4.0,2
S646,2022-09-23,8,0,22:00,06:09,1,1,2,헬스,2,0,-1,0,,,,0,,,,1,-1,-1,0,20,4,1,4,2,1,1320.0,369.0,8.15,8.0,0.1500000000000003,0,0.0,,0.0,-0.9717861742513548,-0.3898625467559189,-0.581923627495436,4,2.75,0.957427107756338,2.0,4.0,2
S646,2022-10-03,8,0,22:00,06:00,1,1,1,-1,-1,-1,-1,-1,-1.0,-1.0,-1.0,-1,-1.0,-1.0,-1.0,1,-1,-1,0,20,4,1,4,1,2,1320.0,360.0,8.0,8.0,0.0,0,0.0,,0.0,-0.628483256102977,-0.3898625467559189,-0.238620709347058,4,2.375,0.75,2.0,3.5,2
S646,2022-10-07,8,0,22:01,06:00,2,1,2,헬스,1,0,-1,0,,,,0,,,,1,-1,-1,0,15,2,1,3,2,1,1321.0,360.0,7.983333333333333,8.0,0.0166666666666666,0,0.0,,0.0,-0.614775910907982,-0.3898625467559189,-0.2249133641520631,5,2.0,0.0,2.0,2.0,2
S646,2022-10-16,8,0,22:00,07:00,1,1,2,헬스,2,0,-1,0,,,,0,,,,1,-1,-1,0,20,2,1,3,1,1,1320.0,420.0,9.0,8.0,1.0,0,0.0,,0.0,-0.614775910907982,-0.3898625467559189,-0.2249133641520631,4,2.0,0.816496580927726,1.0,3.0,2
S646,2022-10-24,8,30,22:00,06:30,1,1,2,기타,2,0,-1,0,,,,0,,,,1,-1,-1,0,20,4,1,4,1,1,1320.0,390.0,8.5,8.5,0.0,0,0.0,,0.0,-0.9717861742513548,-0.3898625467559189,-0.581923627495436,4,2.25,0.5,2.0,3.0,2
S646,2022-10-28,7,0,23:29,06:00,3,1,2,헬스,2,0,-1,0,,,,0,,,,1,-1,-1,0,20,2,1,3,3,2,1409.0,360.0,6.516666666666667,7.0,0.4833333333333334,0,0.0,,0.0,-0.271472992759604,-0.3898625467559189,0.1183895539963149,4,2.875,0.6291528696058958,2.0,3.5,2
S646,2022-11-06,7,0,22:30,06:01,2,1,2,헬스,2,0,-1,0,,,,0,,,,1,-1,-1,0,20,4,2,2,2,2,1350.0,361.0,7.516666666666667,7.0,0.5166666666666666,0,0.0,,0.0,0.5836138327227002,-0.3898625467559189,0.9734763794786192,2,2.5,0.7071067811865476,2.0,3.0,2
S646,2022-11-16,8,0,22:06,18:10,1,1,2,기타,4,1,-1,0,,,,0,,,,1,-1,-1,0,15,4,1,4,1,1,,,20.066666666666663,8.0,12.066666666666666,0,0.0,,0.0,-0.9717861742513548,-0.3898625467559189,-0.581923627495436,3,2.1666666666666665,0.2886751345948129,2.0,2.5,2
S646,2022-11-20,6,0,23:30,18:11,4,1,2,기타,2,0,-1,0,,,,0,,,,1,-1,-1,0,20,4,1,2,3,2,,,18.683333333333334,6.0,12.683333333333334,0,0.0,,0.0,0.0855372705837688,-0.3898625467559189,0.4753998173396878,4,2.125,0.25,2.0,2.5,2
S648,2022-09-03,5,30,01:30,07:00,2,2,1,-1,-1,-1,-1,-1,-1.0,-1.0,-1.0,-1,-1.0,-1.0,-1.0,1,-1,-1,1,0,10,1,3,2,2,90.0,420.0,5.5,5.5,0.0,0,0.0,,0.0,-0.271472992759604,-0.5323770176696363,0.2609040249100323,1,2.0,,2.0,2.0,1
S648,2022-09-12,8,0,02:10,10:10,1,1,2,등산,2,1,-1,0,,,,0,,,,1,-1,-1,0,30,6,1,3,2,1,130.0,610.0,8.0,8.0,0.0,0,0.0,,0.0,-0.614775910907982,-0.5323770176696363,-0.0823988932383457,7,2.642857142857143,0.6900655593423543,2.0,3.5,1
S648,2022-09-17,6,30,23:00,05:00,2,2,1,-1,-1,-1,-1,-1,-1.0,-1.0,-1.0,-1,-1.0,-1.0,-1.0,1,-1,-1,0,30,6,1,3,2,2,1380.0,300.0,6.0,6.5,0.5,0,0.0,,0.0,-0.271472992759604,-0.5323770176696363,0.2609040249100323,7,1.9285714285714288,0.607492896293956,1.0,3.0,1
S648,2022-09-26,5,0,02:30,07:30,1,1,1,-1,-1,-1,-1,-1,-1.0,-1.0,-1.0,-1,-1.0,-1.0,-1.0,1,-1,-1,0,30,7,1,4,1,1,150.0,450.0,5.0,5.0,0.0,0,0.0,,0.0,-0.9717861742513548,-0.5323770176696363,-0.4394091565817186,6,2.1666666666666665,0.4082482904638629,2.0,3.0,1
S649,2022-09-10,6,0,04:00,10:00,3,1,1,-1,-1,-1,-1,-1,-1.0,-1.0,-1.0,-1,-1.0,-1.0,-1.0,1,-1,-1,1,0,2,2,2,3,2,240.0,600.0,6.0,6.0,0.0,0,0.0,,0.0,0.5836138327227002,0.4985807206577659,0.0850331120649342,5,2.3,0.4472135954999579,2.0,3.0,2
S649,2022-09-17,8,0,02:00,10:00,3,1,1,-1,-1,-1,-1,-1,-1.0,-1.0,-1.0,-1,-1.0,-1.0,-1.0,2,1,20,1,0,3,2,2,4,4,120.0,600.0,8.0,8.0,0.0,1,1.0,20.0,20.0,1.2702196690194565,0.4985807206577659,0.7716389483616903,7,1.8571428571428568,1.2149857925879115,1.0,4.0,2
S649,2022-10-01,7,0,02:00,10:30,2,1,1,-1,-1,-1,-1,-1,-1.0,-1.0,-1.0,-1,-1.0,-1.0,-1.0,1,-1,-1,0,20,2,2,2,3,2,120.0,630.0,8.5,7.0,1.5,0,0.0,,0.0,0.5836138327227002,0.4985807206577659,0.0850331120649342,7,1.8571428571428568,0.6900655593423541,1.0,3.0,2
S649,2022-10-09,7,0,03:00,10:00,2,1,1,-1,-1,-1,-1,-1,-1.0,-1.0,-1.0,-1,-1.0,-1.0,-1.0,1,-1,-1,0,15,2,1,4,3,2,180.0,600.0,7.0,7.0,0.0,0,0.0,,0.0,-0.628483256102977,0.4985807206577659,-1.1270639767607429,7,1.5714285714285714,0.7867957924694432,1.0,3.0,2
S649,2022-10-16,8,0,02:00,11:00,2,1,1,-1,-1,-1,-1,-1,-1.0,-1.0,-1.0,-1,-1.0,-1.0,-1.0,1,-1,-1,0,30,4,1,2,4,2,120.0,660.0,9.0,8.0,1.0,0,0.0,,0.0,0.0855372705837688,0.4985807206577659,-0.413043450073997,7,2.4285714285714284,0.5345224838248487,2.0,3.0,2
S649,2022-10-25,8,0,03:00,00:00,3,1,1,-1,-1,-1,-1,-1,-1.0,-1.0,-1.0,-1,-1.0,-1.0,-1.0,1,-1,-1,0,20,4,2,2,4,3,,,21.0,8.0,13.0,0,0.0,,0.0,0.9269167508710782,0.4985807206577659,0.4283360302133122,7,4.0,0.816496580927726,3.0,5.0,2
S649,2022-11-14,8,0,04:00,11:00,3,1,1,-1,-1,-1,-1,-1,-1.0,-1.0,-1.0,-1,-1.0,-1.0,-1.0,1,-1,-1,0,30,3,2,2,4,2,240.0,660.0,7.0,8.0,1.0,0,0.0,,0.0,0.5836138327227002,0.4985807206577659,0.0850331120649342,7,2.142857142857143,0.3779644730092273,2.0,3.0,2
S649,2022-11-16,8,0,03:30,11:00,3,1,1,-1,-1,-1,-1,-1,-1.0,-1.0,-1.0,-1,-1.0,-1.0,-1.0,1,-1,-1,0,30,4,2,2,3,2,210.0,660.0,7.5,8.0,0.5,0,0.0,,0.0,0.5836138327227002,0.4985807206577659,0.0850331120649342,7,2.2857142857142856,0.4879500364742665,2.0,3.0,2
S981,2022-09-17,6,0,02:00,08:00,2,1,2,헬스,2,1,-1,달리기,1.0,0.0,15.0,0,,,,2,1,15,1,20,3,1,3,3,2,120.0,480.0,6.0,6.0,0.0,1,1.0,15.0,15.0,-0.271472992759604,0.7671316030231806,-1.0386045957827847,2,2.0,0.0,2.0,2.0,2
S981,2022-09-25,5,59,02:00,08:05,1,1,1,-1,-1,-1,-1,-1,-1.0,-1.0,-1.0,-1,-1.0,-1.0,-1.0,1,-1,-1,1,30,15,1,3,3,2,120.0,485.0,6.083333333333333,5.983333333333333,0.0999999999999996,0,0.0,,0.0,-0.271472992759604,0.7671316030231806,-1.0386045957827847,7,2.7142857142857144,0.4879500364742665,2.0,3.0,2
S981,2022-10-02,5,16,04:00,10:00,1,1,1,-1,-1,-1,-1,-1,-1.0,-1.0,-1.0,-1,-1.0,-1.0,-1.0,1,-1,-1,1,30,20,3,2,1,2,240.0,600.0,6.0,5.266666666666667,0.7333333333333334,0,0.0,,0.0,1.0816903948616314,0.7671316030231806,0.3145587918384508,7,2.7142857142857144,1.1126972805283737,1.0,4.0,2
S981,2022-10-09,4,36,03:30,09:00,1,1,1,-1,-1,-1,-1,-1,-1.0,-1.0,-1.0,-1,-1.0,-1.0,-1.0,1,-1,-1,0,32,24,3,2,4,3,210.0,540.0,5.5,4.6,0.9000000000000004,0,0.0,,0.0,1.4249933130100096,0.7671316030231806,0.657861709986829,7,2.4285714285714284,0.9759000729485332,1.0,4.0,2
S981,2022-10-15,3,31,04:00,08:00,1,1,1,-1,-1,-1,-1,-1,-1.0,-1.0,-1.0,-1,-1.0,-1.0,-1.0,1,-1,-1,1,8,17,2,2,4,3,240.0,480.0,4.0,3.5166666666666666,0.4833333333333334,0,0.0,,0.0,0.9269167508710782,0.7671316030231806,0.1597851478478975,7,2.571428571428572,0.7867957924694432,2.0,4.0,2
S981,2022-10-23,5,51,04:27,08:27,1,1,1,-1,-1,-1,-1,-1,-1.0,-1.0,-1.0,-1,-1.0,-1.0,-1.0,1,-1,-1,0,30,16,1,3,4,3,267.0,507.0,4.0,5.85,1.85,0,0.0,,0.0,0.0718299253887739,0.7671316030231806,-0.6953016776344066,7,3.0,0.5773502691896257,2.0,4.0,2
S981,2022-10-30,4,41,03:03,08:10,1,1,1,-1,-1,-1,-1,-1,-1.0,-1.0,-1.0,-1,-1.0,-1.0,-1.0,1,-1,-1,0,27,27,1,3,3,2,183.0,490.0,5.116666666666666,4.683333333333334,0.4333333333333327,0,0.0,,0.0,-0.271472992759604,0.7671316030231806,-1.0386045957827847,7,2.0,0.5773502691896257,1.0,3.0,2
S981,2022-11-06,4,44,03:49,08:10,1,1,1,-1,-1,-1,-1,-1,-1.0,-1.0,-1.0,-1,-1.0,-1.0,-1.0,1,-1,-1,0,30,23,2,2,4,4,229.0,490.0,4.35,4.733333333333333,0.3833333333333337,0,0.0,,0.0,1.2702196690194565,0.7671316030231806,0.5030880659962756,6,2.833333333333333,0.752772652709081,2.0,4.0,2
S981,2022-11-15,3,5,05:48,08:10,1,1,1,-1,-1,-1,-1,-1,-1.0,-1.0,-1.0,-1,-1.0,-1.0,-1.0,1,-1,-1,1,57,23,3,2,4,3,348.0,490.0,2.3666666666666667,3.083333333333333,0.7166666666666668,0,0.0,,0.0,1.4249933130100096,0.7671316030231806,0.657861709986829,5,3.6,0.5477225575051661,3.0,4.0,2
S981,2022-11-20,6,22,00:15,08:15,1,1,1,-1,-1,-1,-1,-1,-1.0,-1.0,-1.0,-1,-1.0,-1.0,-1.0,1,-1,-1,0,43,25,3,1,2,4,15.0,495.0,8.0,6.366666666666666,1.6333333333333335,0,0.0,,0.0,2.125306494501761,0.7671316030231806,1.3581748914785798,6,4.0,0.6324555320336759,3.0,5.0,2
S981,2022-11-27,6,9,01:04,08:30,1,1,2,헬스,2,0,-1,0,,,,0,,,,1,-1,-1,0,42,23,2,2,3,3,64.0,510.0,7.433333333333334,6.15,1.2833333333333332,0,0.0,,0.0,0.9269167508710782,0.7671316030231806,0.1597851478478975,7,3.0,0.816496580927726,2.0,4.0,2
S982,2022-09-18,7,0,03:30,09:30,1,1,1,-1,-1,-1,-1,-1,-1.0,-1.0,-1.0,-1,-1.0,-1.0,-1.0,1,-1,-1,1,0,4,1,4,1,1,210.0,570.0,6.0,7.0,1.0,0,0.0,,0.0,-0.9717861742513548,-0.6463848765216252,-0.3254012977297297,3,1.0,0.0,1.0,1.0,2
S982,2022-09-24,6,5,03:40,09:30,1,1,1,-1,-1,-1,-1,-1,-1.0,-1.0,-1.0,-1,-1.0,-1.0,-1.0,1,-1,-1,1,30,5,1,4,2,1,220.0,570.0,5.833333333333333,6.083333333333333,0.25,0,0.0,,0.0,-0.9717861742513548,-0.6463848765216252,-0.3254012977297297,7,1.0,0.0,1.0,1.0,2
S982,2022-10-01,5,51,04:20,08:50,1,1,1,-1,-1,-1,-1,-1,-1.0,-1.0,-1.0,-1,-1.0,-1.0,-1.0,1,-1,-1,1,0,4,1,4,2,1,260.0,530.0,4.5,5.85,1.3499999999999996,0,0.0,,0.0,-0.9717861742513548,-0.6463848765216252,-0.3254012977297297,7,1.0,0.0,1.0,1.0,2
S982,2022-10-09,5,26,04:40,08:00,1,1,1,-1,-1,-1,-1,-1,-1.0,-1.0,-1.0,-1,-1.0,-1.0,-1.0,1,-1,-1,0,30,4,1,4,1,1,280.0,480.0,3.333333333333333,5.433333333333334,2.1,0,0.0,,0.0,-0.9717861742513548,-0.6463848765216252,-0.3254012977297297,7,1.1428571428571428,0.3779644730092272,1.0,2.0,2
S982,2022-10-16,5,17,04:25,08:20,1,1,1,-1,-1,-1,-1,-1,-1.0,-1.0,-1.0,-1,-1.0,-1.0,-1.0,1,-1,-1,0,40,2,1,4,1,2,265.0,500.0,3.9166666666666665,5.283333333333333,1.3666666666666667,0,0.0,,0.0,-0.628483256102977,-0.6463848765216252,0.0179016204186482,7,1.1428571428571428,0.3779644730092272,1.0,2.0,2
S982,2022-10-25,3,40,06:15,09:10,1,1,1,-1,-1,-1,-1,-1,-1.0,-1.0,-1.0,-1,-1.0,-1.0,-1.0,1,-1,-1,0,30,8,2,3,1,4,375.0,550.0,2.9166666666666665,3.6666666666666665,0.75,0,0.0,,0.0,0.9132094056760834,-0.6463848765216252,1.559594282197709,7,1.0,0.0,1.0,1.0,2
S982,2022-10-30,5,50,04:00,08:50,1,1,1,-1,-1,-1,-1,-1,-1.0,-1.0,-1.0,-1,-1.0,-1.0,-1.0,1,-1,-1,0,40,7,1,3,2,2,240.0,530.0,4.833333333333333,5.833333333333333,1.0,0,0.0,,0.0,-0.271472992759604,-0.6463848765216252,0.3749118837620212,7,1.1428571428571428,0.3779644730092272,1.0,2.0,2
S982,2022-11-06,6,41,04:10,11:02,1,1,1,-1,-1,-1,-1,-1,-1.0,-1.0,-1.0,-1,-1.0,-1.0,-1.0,1,-1,-1,0,20,5,1,4,1,1,250.0,662.0,6.866666666666666,6.683333333333334,0.1833333333333326,0,0.0,,0.0,-0.9717861742513548,-0.6463848765216252,-0.3254012977297297,7,1.0,0.0,1.0,1.0,2
S982,2022-11-15,5,18,04:40,08:45,1,1,1,-1,-1,-1,-1,-1,-1.0,-1.0,-1.0,-1,-1.0,-1.0,-1.0,1,-1,-1,0,40,5,1,4,1,1,280.0,525.0,4.083333333333333,5.3,1.2166666666666668,0,0.0,,0.0,-0.9717861742513548,-0.6463848765216252,-0.3254012977297297,7,1.0,0.0,1.0,1.0,2
S984,2022-09-25,8,0,01:00,09:30,2,1,2,헬스,4,2,-1,0,,,,0,,,,2,1,25,0,20,3,2,3,2,2,60.0,570.0,8.5,8.0,0.5,1,1.0,25.0,25.0,0.2266035693793273,0.4857941761399852,-0.2591906067606578,4,2.25,0.5,2.0,3.0,1
S984,2022-10-03,6,0,04:35,09:41,1,1,2,헬스,4,2,-1,0,,,,0,,,,2,1,20,0,20,3,2,2,2,2,275.0,581.0,5.1,6.0,0.9000000000000004,1,1.0,20.0,20.0,0.5836138327227002,0.4857941761399852,0.0978196565827149,7,1.7142857142857142,0.4879500364742666,1.0,2.0,1
S984,2022-11-14,5,0,01:21,09:21,1,1,2,헬스,4,2,-1,0,,,,0,,,,2,4,30,0,30,3,2,3,3,3,81.0,561.0,8.0,5.0,3.0,1,4.0,30.0,120.0,0.5699064875277053,0.4857941761399852,0.0841123113877201,4,2.0,0.0,2.0,2.0,1
S984,2022-11-23,8,0,03:00,10:00,1,1,2,헬스,4,2,-1,0,,,,0,,,,2,3,20,0,10,3,3,3,4,3,180.0,600.0,7.0,8.0,1.0,1,3.0,20.0,60.0,1.0679830496666367,0.4857941761399852,0.5821888735266515,5,2.4,0.5477225575051661,2.0,3.0,1
S984,2022-11-28,9,0,03:32,11:32,1,1,2,헬스,4,2,-1,0,,,,0,,,,1,-1,-1,0,20,3,2,3,3,3,212.0,692.0,8.0,9.0,1.0,0,0.0,,0.0,0.5699064875277053,0.4857941761399852,0.0841123113877201,7,2.142857142857143,0.3779644730092272,2.0,3.0,1
S984,2022-11-30,8,0,03:23,12:23,1,1,2,헬스,4,2,-1,0,,,,0,,,,1,-1,-1,0,10,3,2,3,4,3,203.0,743.0,9.0,8.0,1.0,0,0.0,,0.0,0.5699064875277053,0.4857941761399852,0.0841123113877201,7,2.0,0.0,2.0,2.0,1
S984,2022-12-03,8,0,05:05,11:05,1,1,2,헬스,0,0,-1,0,,,,0,,,,1,-1,-1,0,10,3,2,3,2,3,305.0,665.0,6.0,8.0,2.0,0,0.0,,0.0,0.5699064875277053,0.4857941761399852,0.0841123113877201,7,2.0,0.0,2.0,2.0,1
S984,2022-12-08,8,0,11:40,23:58,1,1,1,-1,-1,-1,-1,-1,-1.0,-1.0,-1.0,-1,-1.0,-1.0,-1.0,1,-1,-1,0,10,3,1,3,2,2,,,12.3,8.0,4.300000000000001,0,0.0,,0.0,-0.271472992759604,0.4857941761399852,-0.7572671688995892,6,2.1666666666666665,0.4082482904638629,2.0,3.0,1
S985,2022-09-17,7,0,01:30,08:00,1,1,1,-1,-1,-1,-1,-1,-1.0,-1.0,-1.0,-1,-1.0,-1.0,-1.0,1,-1,-1,1,0,8,2,2,2,1,90.0,480.0,6.5,7.0,0.5,0,0.0,,0.0,0.2403109145743222,-0.2592252328488515,0.4995361474231737,1,3.0,,3.0,3.0,2
S985,2022-09-25,6,30,01:00,08:00,1,1,1,-1,-1,-1,-1,-1,-1.0,-1.0,-1.0,-1,-1.0,-1.0,-1.0,1,-1,-1,1,30,16,1,3,2,1,60.0,480.0,7.0,6.5,0.5,0,0.0,,0.0,-0.614775910907982,-0.2592252328488515,-0.3555506780591304,7,1.7142857142857142,0.4879500364742666,1.0,2.0,2
S985,2022-10-02,6,44,02:00,10:00,1,1,1,-1,-1,-1,-1,-1,-1.0,-1.0,-1.0,-1,-1.0,-1.0,-1.0,1,-1,-1,1,0,13,1,3,2,1,120.0,600.0,8.0,6.733333333333333,1.2666666666666666,0,0.0,,0.0,-0.614775910907982,-0.2592252328488515,-0.3555506780591304,7,1.7142857142857142,0.7559289460184545,1.0,3.0,2
S985,2022-10-09,7,21,00:30,20:30,1,1,1,-1,-1,-1,-1,-1,-1.0,-1.0,-1.0,-1,-1.0,-1.0,-1.0,1,-1,-1,1,0,11,1,3,1,2,,,20.0,7.35,12.65,0,0.0,,0.0,-0.271472992759604,-0.2592252328488515,-0.0122477599107524,7,1.7142857142857142,0.4879500364742666,1.0,2.0,2
S985,2022-10-17,7,0,02:01,21:00,1,1,1,-1,-1,-1,-1,-1,-1.0,-1.0,-1.0,-1,-1.0,-1.0,-1.0,1,-1,-1,1,0,8,1,2,2,2,,,18.98333333333333,7.0,11.983333333333334,0,0.0,,0.0,0.0855372705837688,-0.2592252328488515,0.3447625034326204,7,2.142857142857143,0.6900655593423541,1.0,3.0,2
S985,2022-10-24,5,35,00:30,08:00,1,1,1,-1,-1,-1,-1,-1,-1.0,-1.0,-1.0,-1,-1.0,-1.0,-1.0,1,-1,-1,1,0,9,2,3,2,2,30.0,480.0,7.5,5.583333333333333,1.916666666666667,0,0.0,,0.0,0.2266035693793273,-0.2592252328488515,0.4858288022281789,7,2.142857142857143,0.6900655593423541,1.0,3.0,2
S985,2022-10-29,7,13,00:00,08:00,1,1,1,-1,-1,-1,-1,-1,-1.0,-1.0,-1.0,-1,-1.0,-1.0,-1.0,2,1,60,1,0,12,1,4,1,1,0.0,480.0,8.0,7.216666666666667,0.7833333333333332,1,1.0,60.0,60.0,-0.9717861742513548,-0.2592252328488515,-0.7125609414025034,7,1.5714285714285714,0.5345224838248488,1.0,2.0,2
S985,2022-11-07,7,30,00:00,08:00,1,1,1,-1,-1,-1,-1,-1,-1.0,-1.0,-1.0,-1,-1.0,-1.0,-1.0,2,2,60,0,50,7,2,3,1,2,0.0,480.0,8.0,7.5,0.5,1,2.0,60.0,120.0,0.2266035693793273,-0.2592252328488515,0.4858288022281789,7,1.8571428571428568,0.3779644730092273,1.0,2.0,2
S985,2022-11-18,9,0,21:30,06:30,1,1,1,-1,-1,-1,-1,-1,-1.0,-1.0,-1.0,-1,-1.0,-1.0,-1.0,2,1,60,0,50,7,1,3,1,2,1290.0,390.0,9.0,9.0,0.0,1,1.0,60.0,60.0,-0.271472992759604,-0.2592252328488515,-0.0122477599107524,7,2.142857142857143,0.3779644730092273,2.0,3.0,2
S985,2022-11-19,6,58,23:00,18:00,1,1,1,-1,-1,-1,-1,-1,-1.0,-1.0,-1.0,-1,-1.0,-1.0,-1.0,2,1,60,1,0,8,1,3,1,2,,,19.0,6.966666666666667,12.033333333333331,1,1.0,60.0,60.0,-0.271472992759604,-0.2592252328488515,-0.0122477599107524,7,2.142857142857143,0.3779644730092272,2.0,3.0,2
S985,2022-11-28,6,30,01:00,07:30,1,1,1,-1,-1,-1,-1,-1,-1.0,-1.0,-1.0,-1,-1.0,-1.0,-1.0,2,2,60,1,0,6,1,3,1,1,60.0,450.0,6.5,6.5,0.0,1,2.0,60.0,120.0,-0.614775910907982,-0.2592252328488515,-0.3555506780591304,7,2.4285714285714284,0.7867957924694432,2.0,4.0,2
S986,2022-09-17,7,0,02:00,10:00,1,1,2,헬스,3,1,-1,0,,,,0,,,,2,3,15,1,0,6,1,4,3,2,120.0,600.0,8.0,7.0,1.0,1,3.0,15.0,45.0,-0.628483256102977,-0.3922090645925966,-0.2362741915103803,2,1.75,1.0606601717798212,1.0,2.5,1
S986,2022-09-25,7,0,03:00,10:00,1,1,2,헬스,3,1,-1,0,,,,0,,,,1,-1,-1,1,0,4,1,4,3,1,180.0,600.0,7.0,7.0,0.0,0,0.0,,0.0,-0.9717861742513548,-0.3922090645925966,-0.5795771096587583,7,1.0,0.0,1.0,1.0,1
S986,2022-10-01,6,30,03:00,09:00,1,1,2,헬스,3,1,-1,0,,,,0,,,,1,-1,-1,0,30,3,1,4,3,1,180.0,540.0,6.0,6.5,0.5,0,0.0,,0.0,-0.9717861742513548,-0.3922090645925966,-0.5795771096587583,7,1.0,0.0,1.0,1.0,1
S986,2022-10-08,6,2,15:02,22:03,1,1,2,헬스,2,1,-1,0,,,,0,,,,1,-1,-1,0,50,9,1,4,1,2,902.0,1323.0,7.016666666666667,6.033333333333333,0.9833333333333334,0,0.0,,0.0,-0.628483256102977,-0.3922090645925966,-0.2362741915103803,7,1.0,0.0,1.0,1.0,1
S986,2022-10-15,6,59,03:00,09:00,2,1,2,헬스,2,1,-1,0,,,,0,,,,1,-1,-1,1,0,10,1,4,3,2,180.0,540.0,6.0,6.983333333333333,0.9833333333333334,0,0.0,,0.0,-0.628483256102977,-0.3922090645925966,-0.2362741915103803,7,1.7142857142857142,0.951189731211342,1.0,3.0,1
S986,2022-10-22,7,39,04:30,22:30,1,1,2,헬스,2,1,-1,0,,,,0,,,,1,-1,-1,1,0,9,1,4,2,3,,,18.0,7.65,10.35,0,0.0,,0.0,-0.2851803379545989,-0.3922090645925966,0.1070287266379976,7,1.1428571428571428,0.3779644730092272,1.0,2.0,1
S986,2022-10-29,6,28,22:00,06:00,1,1,1,-1,-1,-1,-1,-1,-1.0,-1.0,-1.0,-1,-1.0,-1.0,-1.0,1,-1,-1,1,0,9,1,1,3,1,1320.0,360.0,8.0,6.466666666666667,1.5333333333333332,0,0.0,,0.0,0.0992446157787639,-0.3922090645925966,0.4914536803713605,7,1.5714285714285714,1.511857892036909,1.0,5.0,1
S986,2022-11-05,6,14,21:08,06:00,1,1,1,-1,-1,-1,-1,-1,-1.0,-1.0,-1.0,-1,-1.0,-1.0,-1.0,1,-1,-1,1,0,9,1,4,1,1,1268.0,360.0,8.866666666666667,6.233333333333333,2.6333333333333337,0,0.0,,0.0,-0.9717861742513548,-0.3922090645925966,-0.5795771096587583,7,1.0,0.0,1.0,1.0,1
S986,2022-11-13,6,0,02:55,08:51,1,1,2,헬스,1,1,-1,0,,,,0,,,,1,-1,-1,1,0,9,1,4,4,4,175.0,531.0,5.933333333333334,6.0,0.0666666666666664,0,0.0,,0.0,0.0581225801937791,-0.3922090645925966,0.4503316447863756,7,1.5714285714285714,1.511857892036909,1.0,5.0,1
S986,2022-11-20,6,0,03:00,09:00,1,1,2,헬스,2,1,-1,0,,,,0,,,,1,-1,-1,1,0,9,1,4,4,4,180.0,540.0,6.0,6.0,0.0,0,0.0,,0.0,0.0581225801937791,-0.3922090645925966,0.4503316447863756,7,1.2857142857142858,0.7559289460184545,1.0,3.0,1
S986,2022-11-27,6,0,03:06,09:06,1,1,2,헬스,1,1,-1,0,,,,0,,,,1,-1,-1,0,30,9,2,4,4,4,186.0,546.0,6.0,6.0,0.0,0,0.0,,0.0,0.5561991423327105,-0.3922090645925966,0.948408206925307,7,1.4285714285714286,1.1338934190276817,1.0,4.0,1
S987,2022-10-21,8,30,03:00,10:05,2,1,2,기타,0,0,-1,기타,0.0,0.0,0.0,기타,0.0,0.0,0.0,2,1,10,20,0,1,2,2,2,4,180.0,605.0,7.083333333333333,8.5,1.416666666666667,1,1.0,10.0,10.0,1.2702196690194565,0.9971141348173868,0.2731055342020695,7,1.4285714285714286,0.5345224838248488,1.0,2.0,2
S987,2022-10-24,7,0,03:06,09:06,2,1,1,-1,-1,-1,-1,-1,-1.0,-1.0,-1.0,-1,-1.0,-1.0,-1.0,1,-1,-1,1,0,0,2,2,2,4,186.0,546.0,6.0,7.0,1.0,0,0.0,,0.0,1.2702196690194565,0.9971141348173868,0.2731055342020695,7,1.5714285714285714,0.5345224838248488,1.0,2.0,2
S987,2022-10-30,8,0,02:15,10:15,2,1,1,-1,-1,-1,-1,-1,-1.0,-1.0,-1.0,-1,-1.0,-1.0,-1.0,1,-1,-1,0,20,2,2,2,2,4,135.0,615.0,8.0,8.0,0.0,0,0.0,,0.0,1.2702196690194565,0.9971141348173868,0.2731055342020695,7,1.8571428571428568,0.6900655593423541,1.0,3.0,2
S987,2022-11-02,5,0,12:20,09:21,2,1,1,-1,-1,-1,-1,-1,-1.0,-1.0,-1.0,-1,-1.0,-1.0,-1.0,1,-1,-1,0,30,1,3,2,2,3,,,21.016666666666666,5.0,16.016666666666666,0,0.0,,0.0,1.4249933130100096,0.9971141348173868,0.4278791781926229,7,1.8571428571428568,0.8997354108424372,1.0,3.0,2
S987,2022-11-15,5,0,05:05,11:05,2,2,1,-1,-1,-1,-1,-1,-1.0,-1.0,-1.0,-1,-1.0,-1.0,-1.0,2,1,10,0,10,0,3,2,2,2,305.0,665.0,6.0,5.0,1.0,1,1.0,10.0,10.0,1.0816903948616314,0.9971141348173868,0.0845762600442446,3,2.6666666666666665,0.5773502691896258,2.0,3.0,2
S987,2022-12-01,6,0,02:36,07:37,1,1,1,-1,-1,-1,-1,-1,-1.0,-1.0,-1.0,-1,-1.0,-1.0,-1.0,1,-1,-1,0,10,1,3,2,2,4,156.0,457.0,5.016666666666667,6.0,0.9833333333333334,0,0.0,,0.0,1.7682962311583876,0.9971141348173868,0.7711820963410009,7,1.7142857142857142,0.7559289460184545,1.0,3.0,2
S987,2022-12-05,9,0,02:20,11:20,2,1,1,-1,-1,-1,-1,-1,-1.0,-1.0,-1.0,-1,-1.0,-1.0,-1.0,1,-1,-1,0,20,0,1,3,2,4,140.0,680.0,9.0,9.0,0.0,0,0.0,,0.0,0.415132843537152,0.9971141348173868,-0.5819812912802347,6,1.3333333333333333,0.5163977794943223,1.0,2.0,2
S987,2022-12-14,10,0,01:22,12:22,1,2,1,-1,-1,-1,-1,-1,-1.0,-1.0,-1.0,-1,-1.0,-1.0,-1.0,2,1,20,0,5,1,1,4,4,4,82.0,742.0,11.0,10.0,1.0,1,1.0,20.0,20.0,0.0581225801937791,0.9971141348173868,-0.9389915546236076,6,1.5,0.5477225575051661,1.0,2.0,2
S987,2022-12-24,8,0,01:01,08:01,2,1,1,-1,-1,-1,-1,-1,-1.0,-1.0,-1.0,-1,-1.0,-1.0,-1.0,2,1,10,0,10,1,1,3,2,4,61.0,481.0,7.0,8.0,1.0,1,1.0,10.0,10.0,0.415132843537152,0.9971141348173868,-0.5819812912802347,5,1.2,0.447213595499958,1.0,2.0,2
S988,2022-09-17,5,0,01:00,06:00,4,4,2,헬스,4,1,-1,0,,,,0,,,,2,4,20,1,0,30,2,2,4,3,60.0,360.0,5.0,5.0,0.0,1,4.0,20.0,80.0,0.9269167508710782,1.316017668238894,-0.3891009173678158,2,3.0,0.0,3.0,3.0,1
S988,2022-09-24,4,0,03:30,07:15,3,3,2,헬스,3,1,-1,0,,,,0,,,,2,5,30,2,0,30,3,1,3,3,210.0,435.0,3.75,4.0,0.25,1,5.0,30.0,150.0,1.7820035763533824,1.316017668238894,0.4659859081144883,7,3.0,0.0,3.0,3.0,1
S988,2022-10-01,4,0,02:00,06:00,3,3,2,헬스,5,1,-1,0,,,,0,,,,2,5,20,2,0,30,2,2,4,3,120.0,360.0,4.0,4.0,0.0,1,5.0,20.0,100.0,0.9269167508710782,1.316017668238894,-0.3891009173678158,7,3.0,0.0,3.0,3.0,1
S988,2022-10-08,6,0,01:00,07:00,3,3,2,헬스,5,1,-1,0,,,,0,,,,2,5,30,5,0,30,2,3,3,3,60.0,420.0,6.0,6.0,0.0,1,5.0,30.0,150.0,0.5699064875277053,1.316017668238894,-0.7461111807111886,7,3.0,0.0,3.0,3.0,1
S988,2022-10-15,7,0,12:00,07:00,3,3,2,헬스,5,1,-1,0,,,,0,,,,2,5,30,2,0,30,2,3,3,3,,,19.0,7.0,12.0,1,5.0,30.0,150.0,0.5699064875277053,1.316017668238894,-0.7461111807111886,7,3.0,0.0,3.0,3.0,1
S988,2022-10-25,5,0,01:00,06:02,4,4,2,헬스,5,1,-1,0,,,,0,,,,2,5,40,2,0,30,3,2,4,4,60.0,362.0,5.033333333333333,5.0,0.0333333333333332,1,5.0,40.0,200.0,1.7682962311583876,1.316017668238894,0.4522785629194936,7,3.0,0.0,3.0,3.0,1
S988,2022-10-30,6,0,01:00,07:00,3,3,2,헬스,5,1,-1,0,,,,0,,,,2,5,60,2,0,30,3,1,4,4,60.0,420.0,6.0,6.0,0.0,1,5.0,60.0,300.0,2.125306494501761,1.316017668238894,0.8092888262628666,7,3.0,0.0,3.0,3.0,1
S988,2022-11-05,6,0,01:00,07:00,3,3,2,헬스,5,1,-1,0,,,,0,,,,2,5,30,2,0,30,3,1,4,4,60.0,420.0,6.0,6.0,0.0,1,5.0,30.0,150.0,2.125306494501761,1.316017668238894,0.8092888262628666,7,3.0,0.0,3.0,3.0,1
S988,2022-11-13,6,0,01:05,07:05,3,3,2,헬스,5,1,-1,0,,,,0,,,,2,5,30,8,30,30,3,1,3,3,65.0,425.0,6.0,6.0,0.0,1,5.0,30.0,150.0,1.7820035763533824,1.316017668238894,0.4659859081144883,7,3.857142857142857,0.6900655593423541,3.0,5.0,1
S988,2022-11-19,6,0,01:00,07:00,3,3,2,헬스,5,1,-1,0,,,,0,,,,2,5,30,1,0,30,2,2,3,2,60.0,420.0,6.0,6.0,0.0,1,5.0,30.0,150.0,0.5836138327227002,1.316017668238894,-0.7324038355161938,7,4.0,0.5773502691896257,3.0,5.0,1
S989,2022-09-17,7,10,23:20,06:50,2,2,1,-1,-1,-1,-1,-1,-1.0,-1.0,-1.0,-1,-1.0,-1.0,-1.0,1,-1,-1,0,20,2,2,1,4,2,1400.0,410.0,7.5,7.166666666666667,0.333333333333333,0,0.0,,0.0,0.9406240960660732,0.9997606518113288,-0.0591365557452556,2,2.0,0.0,2.0,2.0,2
S989,2022-09-25,7,15,22:30,06:30,2,3,1,-1,-1,-1,-1,-1,-1.0,-1.0,-1.0,-1,-1.0,-1.0,-1.0,1,-1,-1,0,30,2,2,2,3,2,1350.0,390.0,8.0,7.25,0.75,0,0.0,,0.0,0.5836138327227002,0.9997606518113288,-0.4161468190886286,7,2.7142857142857144,0.7559289460184545,2.0,4.0,2
S989,2022-10-02,6,56,00:40,07:00,2,3,1,-1,-1,-1,-1,-1,-1.0,-1.0,-1.0,-1,-1.0,-1.0,-1.0,2,4,10,0,15,5,2,2,4,2,40.0,420.0,6.333333333333333,6.933333333333334,0.6000000000000005,1,4.0,10.0,40.0,0.5836138327227002,0.9997606518113288,-0.4161468190886286,7,2.571428571428572,0.9759000729485332,1.0,4.0,2
S989,2022-10-09,7,48,23:04,07:33,2,3,1,-1,-1,-1,-1,-1,-1.0,-1.0,-1.0,-1,-1.0,-1.0,-1.0,2,4,10,0,37,6,3,2,3,2,1384.0,453.0,8.483333333333333,7.8,0.6833333333333327,1,4.0,10.0,40.0,1.0816903948616314,0.9997606518113288,0.0819297430503026,7,2.4285714285714284,0.5345224838248487,2.0,3.0,2
S989,2022-10-18,8,12,01:07,07:41,2,3,1,-1,-1,-1,-1,-1,-1.0,-1.0,-1.0,-1,-1.0,-1.0,-1.0,2,4,15,0,10,2,3,1,3,4,67.0,461.0,6.566666666666666,8.2,1.6333333333333329,1,4.0,15.0,60.0,2.125306494501761,0.9997606518113288,1.125545842690432,7,4.0,0.5773502691896257,3.0,5.0,2
S989,2022-10-24,7,7,22:40,06:40,2,3,1,-1,-1,-1,-1,-1,-1.0,-1.0,-1.0,-1,-1.0,-1.0,-1.0,2,4,10,0,15,2,3,2,3,2,1360.0,400.0,8.0,7.116666666666666,0.8833333333333337,1,4.0,10.0,40.0,1.0816903948616314,0.9997606518113288,0.0819297430503026,7,2.571428571428572,1.1338934190276817,2.0,5.0,2
S989,2022-10-29,6,58,00:05,07:43,2,3,1,-1,-1,-1,-1,-1,-1.0,-1.0,-1.0,-1,-1.0,-1.0,-1.0,1,-1,-1,0,20,2,2,2,3,2,5.0,463.0,7.633333333333334,6.966666666666667,0.666666666666667,0,0.0,,0.0,0.5836138327227002,0.9997606518113288,-0.4161468190886286,7,2.142857142857143,0.3779644730092272,2.0,3.0,2
S989,2022-11-06,6,56,00:07,07:30,2,2,1,-1,-1,-1,-1,-1,-1.0,-1.0,-1.0,-1,-1.0,-1.0,-1.0,1,-1,-1,0,30,4,2,2,3,2,7.0,450.0,7.383333333333334,6.933333333333334,0.4500000000000002,0,0.0,,0.0,0.5836138327227002,0.9997606518113288,-0.4161468190886286,7,2.857142857142857,0.8997354108424372,2.0,4.0,2
S989,2022-11-12,6,58,00:40,08:30,1,1,1,-1,-1,-1,-1,-1,-1.0,-1.0,-1.0,-1,-1.0,-1.0,-1.0,2,4,10,0,20,5,3,2,4,3,40.0,510.0,7.833333333333333,6.966666666666667,0.8666666666666663,1,4.0,10.0,40.0,1.4249933130100096,0.9997606518113288,0.4252326611986808,7,2.2857142857142856,0.4879500364742665,2.0,3.0,2
S989,2022-11-21,6,36,00:33,08:01,1,2,1,-1,-1,-1,-1,-1,-1.0,-1.0,-1.0,-1,-1.0,-1.0,-1.0,1,-1,-1,0,15,3,3,2,2,3,33.0,481.0,7.466666666666667,6.6,0.8666666666666671,0,0.0,,0.0,1.4249933130100096,0.9997606518113288,0.4252326611986808,7,2.571428571428572,0.9759000729485332,1.0,4.0,2
S989,2022-11-26,7,21,00:30,07:40,2,2,1,-1,-1,-1,-1,-1,-1.0,-1.0,-1.0,-1,-1.0,-1.0,-1.0,2,3,10,0,15,3,2,2,3,2,30.0,460.0,7.166666666666667,7.35,0.1833333333333326,1,3.0,10.0,30.0,0.5836138327227002,0.9997606518113288,-0.4161468190886286,7,3.0,0.816496580927726,2.0,4.0,2
S991,2022-09-18,6,30,02:20,08:00,1,1,2,달리기,3,0,-1,0,,,,0,,,,2,3,20,1,0,10,1,4,1,1,140.0,480.0,5.666666666666667,6.5,0.833333333333333,1,3.0,20.0,60.0,-0.9717861742513548,-0.9031255906216794,-0.0686605836296755,3,1.0,0.0,1.0,1.0,2
S991,2022-09-25,7,0,01:30,20:00,1,1,2,달리기,1,1,-1,0,,,,0,,,,1,-1,-1,1,0,20,1,4,1,1,,,18.5,7.0,11.5,0,0.0,,0.0,-0.9717861742513548,-0.9031255906216794,-0.0686605836296755,7,1.0,0.0,1.0,1.0,2
S991,2022-10-02,7,0,00:45,08:46,1,1,1,-1,-1,-1,-1,-1,-1.0,-1.0,-1.0,-1,-1.0,-1.0,-1.0,1,-1,-1,1,0,10,1,4,1,1,45.0,526.0,8.016666666666667,7.0,1.0166666666666675,0,0.0,,0.0,-0.9717861742513548,-0.9031255906216794,-0.0686605836296755,6,1.0,0.0,1.0,1.0,2
S991,2022-10-08,7,0,02:00,08:00,1,1,1,-1,-1,-1,-1,-1,-1.0,-1.0,-1.0,-1,-1.0,-1.0,-1.0,1,-1,-1,1,0,10,1,4,1,1,120.0,480.0,6.0,7.0,1.0,0,0.0,,0.0,-0.9717861742513548,-0.9031255906216794,-0.0686605836296755,7,1.0,0.0,1.0,1.0,2
S991,2022-10-15,8,0,01:30,08:15,1,1,1,-1,-1,-1,-1,-1,-1.0,-1.0,-1.0,-1,-1.0,-1.0,-1.0,1,-1,-1,2,0,10,1,4,1,1,90.0,495.0,6.75,8.0,1.25,0,0.0,,0.0,-0.9717861742513548,-0.9031255906216794,-0.0686605836296755,7,1.0,0.0,1.0,1.0,2
S991,2022-10-22,8,0,01:30,09:00,1,1,1,-1,-1,-1,-1,-1,-1.0,-1.0,-1.0,-1,-1.0,-1.0,-1.0,1,-1,-1,1,30,10,1,4,1,1,90.0,540.0,7.5,8.0,0.5,0,0.0,,0.0,-0.9717861742513548,-0.9031255906216794,-0.0686605836296755,7,1.0,0.0,1.0,1.0,2
S991,2022-10-29,8,0,02:00,08:10,1,1,1,-1,-1,-1,-1,-1,-1.0,-1.0,-1.0,-1,-1.0,-1.0,-1.0,1,-1,-1,2,0,10,1,4,1,1,120.0,490.0,6.166666666666667,8.0,1.833333333333333,0,0.0,,0.0,-0.9717861742513548,-0.9031255906216794,-0.0686605836296755,7,1.0,0.0,1.0,1.0,2
S991,2022-11-06,8,0,01:22,08:20,1,1,1,-1,-1,-1,-1,-1,-1.0,-1.0,-1.0,-1,-1.0,-1.0,-1.0,1,-1,-1,2,0,10,1,4,1,1,82.0,500.0,6.966666666666667,8.0,1.0333333333333332,0,0.0,,0.0,-0.9717861742513548,-0.9031255906216794,-0.0686605836296755,7,1.0,0.0,1.0,1.0,2
S991,2022-11-12,8,0,01:30,08:10,1,1,1,-1,-1,-1,-1,-1,-1.0,-1.0,-1.0,-1,-1.0,-1.0,-1.0,1,-1,-1,2,0,10,1,4,1,1,90.0,490.0,6.666666666666667,8.0,1.333333333333333,0,0.0,,0.0,-0.9717861742513548,-0.9031255906216794,-0.0686605836296755,7,1.0,0.0,1.0,1.0,2
S991,2022-11-19,8,0,01:10,08:15,1,1,1,-1,-1,-1,-1,-1,-1.0,-1.0,-1.0,-1,-1.0,-1.0,-1.0,1,-1,-1,1,30,10,1,4,1,3,70.0,495.0,7.083333333333333,8.0,0.916666666666667,0,0.0,,0.0,-0.2851803379545989,-0.9031255906216794,0.6179452526670804,7,1.0,0.0,1.0,1.0,2
S992,2022-09-17,5,0,02:30,20:00,1,1,2,골프,7,1,-1,0,,,,0,,,,1,-1,-1,1,0,1,1,2,2,4,,,17.5,5.0,12.5,0,0.0,,0.0,0.772143106880525,0.1886057592840898,0.5835373475964352,4,3.083333333333333,0.8333333333333333,2.0,4.0,1
S992,2022-09-25,6,46,02:50,08:30,1,1,2,골프,4,1,-1,0,,,,0,,,,2,1,40,0,30,5,2,2,4,2,170.0,510.0,5.666666666666667,6.766666666666667,1.0999999999999996,1,1.0,40.0,40.0,0.5836138327227002,0.1886057592840898,0.3950080734386103,7,3.571428571428572,1.1338934190276817,2.0,5.0,1
S992,2022-10-02,6,2,01:50,08:40,1,1,2,골프,2,1,-1,0,,,,0,,,,2,1,30,0,30,3,1,3,3,1,110.0,520.0,6.833333333333333,6.033333333333333,0.7999999999999998,1,1.0,30.0,30.0,-0.614775910907982,0.1886057592840898,-0.8033816701920719,7,2.7142857142857144,0.951189731211342,1.0,4.0,1
S992,2022-10-08,7,11,02:00,08:30,1,1,2,골프,2,1,-1,0,,,,0,,,,1,-1,-1,1,30,3,1,4,4,4,120.0,510.0,6.5,7.183333333333334,0.6833333333333336,0,0.0,,0.0,0.0581225801937791,0.1886057592840898,-0.1304831790903107,7,4.0,1.0,3.0,5.0,1
S992,2022-10-15,6,51,02:15,08:23,2,1,2,골프,4,1,-1,0,,,,0,,,,1,-1,-1,0,25,5,1,4,4,4,135.0,503.0,6.133333333333334,6.85,0.7166666666666659,0,0.0,,0.0,0.0581225801937791,0.1886057592840898,-0.1304831790903107,7,2.857142857142857,0.3779644730092272,2.0,3.0,1
S992,2022-10-22,6,35,01:30,07:30,1,1,2,골프,2,1,-1,0,,,,0,,,,1,-1,-1,0,30,1,1,2,3,1,90.0,450.0,6.0,6.583333333333333,0.583333333333333,0,0.0,,0.0,-0.2577656475646091,0.1886057592840898,-0.4463714068486989,7,2.857142857142857,0.3779644730092273,2.0,3.0,1
S992,2022-10-30,6,18,02:25,07:57,1,1,2,골프,3,1,-1,0,,,,0,,,,1,-1,-1,0,30,2,1,2,2,2,145.0,477.0,5.533333333333333,6.3,0.7666666666666666,0,0.0,,0.0,0.0855372705837688,0.1886057592840898,-0.1030684887003209,6,3.583333333333333,0.9174239296348592,2.5,5.0,1
S992,2022-11-06,6,23,02:21,19:22,1,1,1,-1,-1,-1,-1,-1,-1.0,-1.0,-1.0,-1,-1.0,-1.0,-1.0,1,-1,-1,0,30,4,2,2,3,1,,,17.016666666666666,6.383333333333334,10.633333333333333,0,0.0,,0.0,0.2403109145743222,0.1886057592840898,0.0517051552902323,7,3.0,1.1547005383792517,2.0,5.0,1
S992,2022-11-13,6,50,01:00,07:01,1,1,1,-1,-1,-1,-1,-1,-1.0,-1.0,-1.0,-1,-1.0,-1.0,-1.0,1,-1,-1,0,50,6,1,2,4,4,60.0,421.0,6.016666666666667,6.833333333333333,0.8166666666666664,0,0.0,,0.0,0.772143106880525,0.1886057592840898,0.5835373475964352,7,3.0,0.816496580927726,2.0,4.0,1
S993,2022-09-17,8,0,02:00,11:00,1,1,2,달리기,3,2,-1,0,,,,0,,,,1,-1,-1,2,0,3,1,4,2,1,120.0,660.0,9.0,8.0,1.0,0,0.0,,0.0,-0.9717861742513548,-0.8430475799457132,-0.1287385943056417,2,1.0,0.0,1.0,1.0,1
S993,2022-09-25,7,0,02:00,09:30,1,1,2,달리기,3,2,-1,0,,,,0,,,,1,-1,-1,3,0,3,1,4,2,1,120.0,570.0,7.5,7.0,0.5,0,0.0,,0.0,-0.9717861742513548,-0.8430475799457132,-0.1287385943056417,7,1.0,0.0,1.0,1.0,1
S993,2022-10-01,5,0,03:00,10:30,1,1,2,달리기,3,2,-1,요가(또는 필라테스),1.0,1.0,0.0,0,,,,1,-1,-1,4,0,3,1,4,2,1,180.0,630.0,7.5,5.0,2.5,0,0.0,,0.0,-0.9717861742513548,-0.8430475799457132,-0.1287385943056417,7,1.0,0.0,1.0,1.0,1
S993,2022-10-15,7,0,02:00,10:00,1,1,2,달리기,2,2,-1,0,,,,0,,,,1,-1,-1,2,0,3,1,4,4,4,120.0,600.0,8.0,7.0,1.0,0,0.0,,0.0,0.0581225801937791,-0.8430475799457132,0.9011701601394924,7,1.0,0.0,1.0,1.0,1
S993,2022-10-26,8,0,02:00,10:00,1,1,1,-1,-1,-1,-1,-1,-1.0,-1.0,-1.0,-1,-1.0,-1.0,-1.0,1,-1,-1,1,0,3,1,4,2,1,120.0,600.0,8.0,8.0,0.0,0,0.0,,0.0,-0.9717861742513548,-0.8430475799457132,-0.1287385943056417,7,1.2857142857142858,0.4879500364742666,1.0,2.0,1
S993,2022-11-15,6,0,03:00,09:00,1,2,2,달리기,2,2,-1,0,,,,0,,,,1,-1,-1,3,0,3,1,4,1,1,180.0,540.0,6.0,6.0,0.0,0,0.0,,0.0,-0.9717861742513548,-0.8430475799457132,-0.1287385943056417,3,1.0,0.0,1.0,1.0,1
S993,2022-11-18,7,0,03:00,10:00,1,1,2,달리기,2,2,-1,0,,,,0,,,,1,-1,-1,3,0,3,1,4,1,1,180.0,600.0,7.0,7.0,0.0,0,0.0,,0.0,-0.9717861742513548,-0.8430475799457132,-0.1287385943056417,4,1.0,0.0,1.0,1.0,1
S993,2022-11-19,7,0,02:30,09:30,1,1,2,달리기,3,2,-1,0,,,,0,,,,1,-1,-1,2,0,3,1,4,1,1,150.0,570.0,7.0,7.0,0.0,0,0.0,,0.0,-0.9717861742513548,-0.8430475799457132,-0.1287385943056417,5,1.0,0.0,1.0,1.0,1
S994,2022-09-17,6,0,03:00,20:40,1,2,2,헬스,5,1,-1,0,,,,0,,,,2,2,30,2,0,6,1,4,2,1,,,17.666666666666668,6.0,11.666666666666668,1,2.0,30.0,60.0,-0.9717861742513548,-0.6830066068497789,-0.288779567401576,2,1.75,0.3535533905932738,1.5,2.0,1
S994,2022-09-25,6,30,02:30,09:20,1,1,2,헬스,5,1,-1,0,,,,0,,,,1,-1,-1,2,0,10,1,4,2,2,150.0,560.0,6.833333333333333,6.5,0.333333333333333,0,0.0,,0.0,-0.628483256102977,-0.6830066068497789,0.0545233507468019,7,1.2857142857142858,0.4879500364742666,1.0,2.0,1
S994,2022-10-03,6,50,02:40,09:25,1,1,2,헬스,5,1,-1,0,,,,0,,,,1,-1,-1,2,0,6,1,4,2,2,160.0,565.0,6.75,6.833333333333333,0.083333333333333,0,0.0,,0.0,-0.628483256102977,-0.6830066068497789,0.0545233507468019,7,2.4285714285714284,1.8126539343499315,1.0,5.0,1
S994,2022-10-09,6,30,02:00,09:00,1,1,2,헬스,5,1,-1,0,,,,0,,,,1,-1,-1,1,30,20,1,4,2,1,120.0,540.0,7.0,6.5,0.5,0,0.0,,0.0,-0.9717861742513548,-0.6830066068497789,-0.288779567401576,7,1.5714285714285714,0.7867957924694431,1.0,3.0,1
S994,2022-10-15,6,50,03:00,09:40,1,1,2,헬스,5,1,-1,0,,,,0,,,,1,-1,-1,2,0,38,1,4,2,2,180.0,580.0,6.666666666666667,6.833333333333333,0.166666666666666,0,0.0,,0.0,-0.628483256102977,-0.6830066068497789,0.0545233507468019,7,1.8571428571428568,0.6900655593423541,1.0,3.0,1
S994,2022-10-23,6,50,03:40,09:12,1,1,2,헬스,4,1,-1,0,,,,0,,,,1,-1,-1,2,0,26,1,3,2,1,220.0,552.0,5.533333333333333,6.833333333333333,1.2999999999999998,0,0.0,,0.0,-0.614775910907982,-0.6830066068497789,0.0682306959417968,6,1.8333333333333333,0.408248290463863,1.0,2.0,1
S994,2022-10-31,7,26,03:30,10:24,1,1,2,헬스,4,1,-1,0,,,,0,,,,1,-1,-1,3,0,20,1,3,3,1,210.0,624.0,6.9,7.433333333333334,0.5333333333333332,0,0.0,,0.0,-0.614775910907982,-0.6830066068497789,0.0682306959417968,7,1.5714285714285714,0.7867957924694431,1.0,3.0,1
S994,2022-11-05,8,1,04:04,23:04,1,1,2,헬스,4,1,-1,0,,,,0,,,,1,-1,-1,4,0,18,1,4,2,1,,,19.0,8.016666666666667,10.983333333333333,0,0.0,,0.0,-0.9717861742513548,-0.6830066068497789,-0.288779567401576,7,2.4285714285714284,0.9759000729485332,1.0,4.0,1
S994,2022-11-13,5,32,04:10,09:30,1,1,2,헬스,4,1,-1,0,,,,0,,,,1,-1,-1,3,0,22,2,3,2,1,250.0,570.0,5.333333333333333,5.533333333333333,0.2000000000000001,0,0.0,,0.0,-0.1166993487690506,-0.6830066068497789,0.5663072580807282,7,2.2857142857142856,1.2535663410560174,1.0,4.0,1
