week,"지난 일주일 동안 한번에 적어도 10분 이상 걷는 날은 며칠입니까?※ 출퇴근 또는 등하교, 이동 및 운동을 위해 걷는 것을 모두 포함하여 대답해 주십시오.","지난 일주일 동안 팔굽혀펴기, 윗몸일으키기, 아령, 역기, 철봉 등의 근력 운동을 한 날은 며칠입니까?","지난 일주일 동안 최소 10분 이상 계속 숨이 약간 차거나 심장이 약간 빠르게 뛰는 중강도의 스포츠, 운동 및 여가 활동을 일주일 동안 며칠 하십니까? (예: 빠르게 걷기, 가볍게 뛰기(조깅), 웨이트 트레이닝(근력 운동), 골프, 댄스스포츠, 필라테스 등)일주일에 __일",하루에 보통 몇 시간 주무십니까?_주중(또는 일하는 날)  ___시간,"하루에 보통 몇 시간 주무십니까?_주말(또는 일하지 않는 날, 일하지 않는 전날)  ___시간",전반적인 수면이 질이 어느 정도라고 평가하십니까?,귀하는 운전하거나 식사 때 혹은 사회활동을 하는 동안 얼마나 자주 졸음을 느꼈습니까?,귀하는 일에 열중하는데 얼마나 많은 문제가 있었습니까?,당신은 다음의 이유로 잠자는데 얼마나 자주 문제가 있었습니까?_취침 후 30분 이내 잠들 수 없었다,당신은 다음의 이유로 잠자는데 얼마나 자주 문제가 있었습니까?_한밤중이나 새벽에 깼다,당신은 다음의 이유로 잠자는데 얼마나 자주 문제가 있었습니까?_화장실에 가려고 일어나야 했다,당신은 다음의 이유로 잠자는데 얼마나 자주 문제가 있었습니까?_편안하게 숨 쉴 수가 없었다,당신은 다음의 이유로 잠자는데 얼마나 자주 문제가 있었습니까?_기침을 하거나 시끄럽게 코를 골았다,당신은 다음의 이유로 잠자는데 얼마나 자주 문제가 있었습니까?_너무 춥다고 느꼈다,당신은 다음의 이유로 잠자는데 얼마나 자주 문제가 있었습니까?_너무 덥다고 느꼈다,당신은 다음의 이유로 잠자는데 얼마나 자주 문제가 있었습니까?_나쁜 꿈을 꾸었다,당신은 다음의 이유로 잠자는데 얼마나 자주 문제가 있었습니까?_통증이 있었다,"당신은 다음의 이유로 잠자는데 얼마나 자주 문제가 있었습니까?_그 외에 다른 이유가 있다면 기타 기입해주세요. 지난 한달 동안, 당신은 기타의 이유들 때문에 잠자는 데 얼마나 자주 어려움이 있었습니까?",당신은 다음의 이유로 잠자는데 얼마나 자주 문제가 있었습니까?_기타(구체적으로 명시),지난 일주일 간의 경험을 바탕으로 아래의 문항에 표시하십시오._전반적으로 건강 상태가 어떻다고 생각하십니까?,지난 일주일 간의 경험을 바탕으로 아래의 문항에 표시하십시오._전반적으로 삶의 질이 어떻다고 생각하십니까?,지난 일주일 간의 경험을 바탕으로 아래의 문항에 표시하십시오._전반적으로 신체적 건강이 어떻다고 생각하십니까?,지난 7일 동안_일반적으로 피로 정도를 어떻게 평가하시겠습니까?,지난 일주일 동안 한번에 적어도 10분 이상 걸은 날 중 하루 동안 걷는 시간은 보통 얼마나 됩니까?하루에 _시간 _분※ 첫번째 행에는 시간    두번째 행에는 분_총_분,"지난 일주일 동안 하루에 운동과 관련된 중강도의 스포츠, 운동 및 여가 활동을 몇 시간 하십니까?_총_분",id,survey_date,gender,stress,cesd_total,cesd_n_answered,cesd_prorated_flag
1,5.0,0.0,2.0,6.0,8.0,3.0,3.0,2.0,1.0,3.0,1.0,1.0,1.0,1.0,1.0,3.0,1.0,1.0,0,3.0,3.0,3.0,2.0,30.0,10.0,1,2021-08-31,2.0,2.0,20.0,20,0
2,5.0,1.0,2.0,6.0,9.0,3.0,3.0,3.0,1.0,1.0,1.0,1.0,3.0,3.0,3.0,3.0,1.0,1.0,0,3.0,3.0,3.0,3.0,60.0,15.0,1,2021-09-06,2.0,3.0,23.0,20,0
3,4.0,0.0,0.0,8.0,10.0,4.0,3.0,2.0,1.0,1.0,1.0,1.0,1.0,1.0,3.0,3.0,1.0,1.0,0,3.0,3.0,3.0,3.0,30.0,0.0,1,2021-09-13,2.0,2.0,16.0,20,0
4,3.0,0.0,0.0,8.0,10.0,3.0,1.0,2.0,1.0,3.0,1.0,1.0,1.0,1.0,1.0,3.0,1.0,1.0,0,3.0,3.0,3.0,2.0,60.0,0.0,1,2021-09-22,2.0,2.0,14.0,20,0
1,4.0,0.0,3.0,6.0,9.0,4.0,3.0,1.0,1.0,3.0,3.0,1.0,1.0,1.0,1.0,1.0,1.0,1.0,0,3.0,3.0,3.0,3.0,40.0,40.0,2,2021-08-31,2.0,2.0,6.0,20,0
2,3.0,1.0,2.0,8.0,9.0,4.0,1.0,1.0,1.0,3.0,3.0,1.0,1.0,1.0,1.0,1.0,1.0,1.0,0,4.0,4.0,3.0,2.0,40.0,30.0,2,2021-09-06,2.0,2.0,8.0,20,0
3,4.0,1.0,4.0,7.0,9.0,4.0,1.0,1.0,3.0,1.0,3.0,1.0,1.0,1.0,1.0,3.0,1.0,3.0,1,3.0,3.0,3.0,2.0,80.0,60.0,2,2021-09-17,2.0,2.0,7.0,20,0
4,7.0,0.0,2.0,8.0,8.0,4.0,1.0,1.0,1.0,3.0,3.0,1.0,1.0,1.0,1.0,1.0,1.0,1.0,0,4.0,4.0,3.0,2.0,60.0,10.0,2,2021-09-23,2.0,1.0,9.0,20,0
1,5.0,0.0,0.0,9.0,10.0,2.0,3.0,2.0,1.0,4.0,3.0,1.0,1.0,1.0,3.0,4.0,1.0,1.0,0,3.0,2.0,2.0,4.0,40.0,0.0,3,2021-08-31,2.0,3.0,25.0,20,0
2,3.0,3.0,0.0,6.0,8.0,2.0,4.0,3.0,3.0,4.0,3.0,1.0,1.0,1.0,3.0,4.0,1.0,3.0,0,2.0,2.0,2.0,3.0,30.0,0.0,3,2021-09-06,2.0,2.0,22.0,20,0
3,3.0,2.0,0.0,6.0,6.0,1.0,3.0,4.0,3.0,3.0,3.0,1.0,1.0,1.0,4.0,4.0,1.0,3.0,0,3.0,2.0,3.0,3.0,39.0,0.0,3,2021-09-13,2.0,3.0,24.0,20,0
4,3.0,3.0,3.0,8.0,8.0,3.0,3.0,2.0,3.0,3.0,3.0,3.0,3.0,1.0,3.0,3.0,1.0,1.0,0,3.0,3.0,3.0,3.0,20.0,30.0,3,2021-09-20,2.0,2.0,21.0,20,0
2,7.0,2.0,2.0,6.0,8.0,4.0,3.0,2.0,1.0,1.0,1.0,1.0,1.0,1.0,1.0,1.0,1.0,1.0,0,3.0,3.0,3.0,2.0,130.0,20.0,4,2021-09-06,2.0,1.0,4.0,20,0
3,7.0,1.0,0.0,7.0,9.0,3.0,3.0,2.0,1.0,1.0,1.0,1.0,1.0,1.0,1.0,1.0,1.0,1.0,0,3.0,3.0,3.0,2.0,210.0,0.0,4,2021-09-13,2.0,1.0,4.0,20,0
4,7.0,1.0,0.0,7.0,6.0,3.0,3.0,2.0,1.0,3.0,1.0,3.0,1.0,1.0,1.0,1.0,1.0,3.0,1,3.0,3.0,3.0,3.0,150.0,0.0,4,2021-09-20,2.0,1.0,3.0,20,0
1,7.0,4.0,4.0,7.0,8.0,5.0,1.0,1.0,3.0,1.0,3.0,1.0,1.0,1.0,1.0,1.0,1.0,1.0,0,5.0,4.0,5.0,2.0,70.0,35.0,6,2021-08-31,1.0,2.0,5.0,20,0
2,7.0,4.0,4.0,6.0,7.0,5.0,3.0,1.0,1.0,1.0,3.0,1.0,1.0,1.0,1.0,1.0,1.0,1.0,0,5.0,3.0,5.0,2.0,90.0,45.0,6,2021-09-06,1.0,2.0,3.0,20,0
3,7.0,4.0,4.0,6.0,8.0,5.0,3.0,1.0,3.0,3.0,3.0,1.0,1.0,1.0,1.0,1.0,1.0,1.0,0,5.0,3.0,5.0,2.0,60.0,40.0,6,2021-09-13,1.0,2.0,2.0,20,0
4,7.0,4.0,4.0,7.0,8.0,5.0,1.0,1.0,1.0,1.0,3.0,1.0,1.0,1.0,1.0,1.0,1.0,1.0,0,5.0,5.0,5.0,2.0,50.0,40.0,6,2021-09-21,1.0,2.0,4.0,20,0
1,7.0,0.0,0.0,6.0,9.0,3.0,4.0,2.0,1.0,3.0,3.0,1.0,1.0,3.0,1.0,3.0,1.0,1.0,0,3.0,3.0,3.0,3.0,30.0,0.0,9,2021-08-31,2.0,3.0,6.0,20,0
2,7.0,0.0,1.0,6.0,9.0,3.0,4.0,2.0,1.0,3.0,3.0,1.0,1.0,1.0,1.0,3.0,1.0,1.0,0,3.0,3.0,3.0,2.0,60.0,20.0,9,2021-09-06,2.0,2.0,5.0,20,0
3,6.0,0.0,0.0,6.0,10.0,3.0,4.0,3.0,1.0,3.0,1.0,1.0,1.0,1.0,1.0,3.0,1.0,1.0,0,3.0,3.0,3.0,4.0,30.0,0.0,9,2021-09-14,2.0,2.0,9.0,20,0
4,7.0,0.0,0.0,4.0,12.0,3.0,4.0,3.0,1.0,3.0,3.0,1.0,1.0,1.0,1.0,3.0,1.0,1.0,0,3.0,3.0,3.0,4.0,60.0,0.0,9,2021-09-20,2.0,2.0,6.0,20,0
1,7.0,0.0,2.0,8.0,8.0,4.0,1.0,1.0,1.0,1.0,1.0,1.0,1.0,3.0,1.0,3.0,1.0,1.0,0,3.0,3.0,3.0,2.0,60.0,10.0,11,2021-08-31,2.0,2.0,2.0,20,0
2,4.0,0.0,3.0,8.0,8.0,4.0,1.0,1.0,3.0,3.0,1.0,1.0,1.0,1.0,1.0,1.0,1.0,1.0,0,4.0,4.0,4.0,2.0,60.0,60.0,11,2021-09-06,2.0,2.0,5.0,20,0
3,4.0,0.0,3.0,8.0,8.0,4.0,1.0,1.0,3.0,3.0,1.0,1.0,1.0,1.0,1.0,3.0,1.0,1.0,0,4.0,4.0,4.0,2.0,30.0,10.0,11,2021-09-13,2.0,2.0,2.0,20,0
4,5.0,0.0,0.0,8.0,8.0,4.0,1.0,1.0,3.0,3.0,1.0,1.0,1.0,1.0,1.0,1.0,1.0,1.0,0,4.0,4.0,4.0,2.0,30.0,0.0,11,2021-09-20,2.0,2.0,2.0,20,0
1,4.0,0.0,1.0,6.0,9.0,3.0,1.0,2.0,1.0,3.0,1.0,1.0,1.0,1.0,1.0,3.0,1.0,1.0,0,4.0,5.0,4.0,2.0,20.0,50.0,12,2021-08-31,2.0,2.0,0.0,19,1
2,7.0,0.0,2.0,6.0,9.0,4.0,1.0,1.0,1.0,3.0,1.0,1.0,1.0,1.0,1.0,1.0,1.0,1.0,0,5.0,5.0,5.0,2.0,20.0,60.0,12,2021-09-06,2.0,2.0,0.0,20,0
3,5.0,0.0,3.0,8.0,8.0,3.0,3.0,1.0,1.0,3.0,1.0,1.0,1.0,1.0,1.0,1.0,1.0,1.0,0,5.0,5.0,5.0,2.0,20.0,50.0,12,2021-09-13,2.0,2.0,0.0,20,0
4,4.0,0.0,0.0,6.0,9.0,3.0,3.0,2.0,1.0,3.0,1.0,1.0,1.0,1.0,1.0,1.0,1.0,1.0,0,5.0,5.0,5.0,2.0,20.0,0.0,12,2021-09-21,2.0,2.0,0.0,20,0
1,5.0,0.0,0.0,7.0,8.0,3.0,3.0,1.0,1.0,3.0,1.0,1.0,1.0,1.0,1.0,1.0,1.0,1.0,0,4.0,3.0,4.0,2.0,20.0,0.0,13,2021-08-31,1.0,1.0,7.0,20,0
2,7.0,2.0,2.0,7.0,8.0,4.0,1.0,1.0,3.0,3.0,1.0,1.0,1.0,1.0,1.0,1.0,1.0,1.0,0,4.0,4.0,4.0,2.0,40.0,30.0,13,2021-09-06,1.0,1.0,3.0,20,0
3,7.0,2.0,3.0,7.0,8.0,4.0,3.0,1.0,1.0,3.0,1.0,1.0,1.0,1.0,1.0,1.0,1.0,1.0,0,4.0,4.0,4.0,2.0,30.0,30.0,13,2021-09-13,1.0,1.0,4.0,20,0
4,5.0,2.0,3.0,7.0,8.0,4.0,3.0,1.0,1.0,1.0,3.0,1.0,1.0,1.0,1.0,1.0,1.0,1.0,0,4.0,4.0,5.0,2.0,40.0,30.0,13,2021-09-20,1.0,1.0,2.0,20,0
1,7.0,3.0,2.0,7.0,8.0,4.0,1.0,1.0,3.0,1.0,1.0,1.0,1.0,1.0,1.0,1.0,1.0,1.0,0,4.0,4.0,4.0,2.0,60.0,60.0,14,2021-08-31,2.0,1.0,6.0,20,0
2,7.0,3.0,2.0,6.0,8.0,4.0,1.0,1.0,1.0,1.0,1.0,1.0,1.0,1.0,1.0,1.0,1.0,1.0,0,4.0,3.0,4.0,2.0,60.0,30.0,14,2021-09-06,2.0,1.0,3.0,20,0
3,7.0,2.0,2.0,6.0,8.0,4.0,1.0,2.0,3.0,3.0,1.0,1.0,1.0,3.0,1.0,3.0,1.0,1.0,0,4.0,4.0,4.0,2.0,60.0,30.0,14,2021-09-13,2.0,3.0,23.0,20,0
4,7.0,2.0,2.0,6.0,8.0,4.0,1.0,2.0,3.0,1.0,1.0,1.0,1.0,1.0,1.0,1.0,1.0,1.0,0,4.0,4.0,4.0,2.0,60.0,30.0,14,2021-09-20,2.0,1.0,7.0,20,0
1,5.0,0.0,2.0,9.0,9.0,4.0,1.0,3.0,3.0,3.0,3.0,1.0,1.0,1.0,1.0,1.0,1.0,1.0,0,2.0,2.0,2.0,2.0,60.0,30.0,16,2021-08-31,2.0,2.0,20.0,20,0
2,5.0,0.0,2.0,9.0,9.0,4.0,1.0,2.0,1.0,1.0,1.0,1.0,1.0,1.0,1.0,1.0,1.0,1.0,0,1.0,3.0,1.0,3.0,40.0,60.0,16,2021-09-06,2.0,2.0,22.0,20,0
3,5.0,0.0,1.0,8.0,8.0,4.0,1.0,3.0,1.0,1.0,1.0,1.0,1.0,1.0,1.0,1.0,1.0,1.0,0,2.0,2.0,1.0,3.0,60.0,10.0,16,2021-09-13,2.0,2.0,22.0,20,0
4,6.0,0.0,1.0,9.0,9.0,4.0,1.0,3.0,1.0,1.0,1.0,1.0,1.0,1.0,1.0,1.0,1.0,1.0,0,2.0,3.0,2.0,3.0,30.0,5.0,16,2021-09-20,2.0,2.0,20.0,20,0
1,4.0,0.0,3.0,5.0,7.0,2.0,1.0,2.0,1.0,4.0,1.0,1.0,1.0,1.0,1.0,1.0,1.0,1.0,1,3.0,2.0,3.0,4.0,20.0,10.0,18,2021-09-22,2.0,3.0,12.0,20,0
2,5.0,0.0,2.0,5.0,6.0,2.0,3.0,3.0,1.0,4.0,1.0,1.0,1.0,1.0,1.0,1.0,1.0,1.0,0,3.0,2.0,3.0,4.0,20.0,20.0,18,2021-09-26,2.0,3.0,14.0,20,0
3,3.0,0.0,3.0,5.0,7.0,1.0,1.0,2.0,1.0,4.0,1.0,1.0,3.0,1.0,1.0,1.0,1.0,1.0,0,3.0,2.0,3.0,4.0,20.0,10.0,18,2021-10-04,2.0,4.0,22.0,20,0
4,4.0,0.0,0.0,5.0,7.0,1.0,3.0,3.0,1.0,4.0,1.0,1.0,1.0,1.0,1.0,1.0,1.0,1.0,0,2.0,2.0,2.0,4.0,30.0,0.0,18,2021-10-12,2.0,3.0,23.0,20,0
1,7.0,0.0,7.0,6.0,7.0,4.0,4.0,3.0,1.0,1.0,1.0,1.0,1.0,1.0,1.0,1.0,1.0,1.0,0,3.0,3.0,3.0,3.0,17.0,15.0,19,2021-09-06,2.0,2.0,0.0,20,0
2,7.0,0.0,6.0,6.0,7.0,4.0,3.0,2.0,1.0,1.0,1.0,1.0,1.0,1.0,1.0,1.0,1.0,1.0,0,3.0,3.0,3.0,2.0,35.0,35.0,19,2021-09-13,2.0,2.0,1.0,20,0
3,7.0,0.0,5.0,6.0,7.0,4.0,3.0,2.0,1.0,1.0,1.0,1.0,1.0,1.0,1.0,1.0,1.0,1.0,0,3.0,5.0,3.0,2.0,45.0,30.0,19,2021-09-21,2.0,1.0,3.0,20,0
4,7.0,0.0,4.0,6.0,7.0,4.0,3.0,2.0,1.0,1.0,1.0,1.0,1.0,1.0,1.0,1.0,1.0,1.0,0,3.0,3.0,3.0,2.0,15.0,10.0,19,2021-09-27,2.0,2.0,0.0,20,0
1,4.0,1.0,2.0,5.0,6.0,3.0,3.0,3.0,1.0,1.0,3.0,1.0,1.0,1.0,1.0,1.0,3.0,1.0,0,3.0,2.0,2.0,4.0,20.0,60.0,20,2021-08-31,2.0,3.0,15.0,20,0
2,5.0,0.0,1.0,6.0,6.0,3.0,4.0,2.0,1.0,1.0,1.0,1.0,1.0,3.0,1.0,1.0,1.0,1.0,0,2.0,2.0,2.0,4.0,20.0,60.0,20,2021-09-06,2.0,3.0,8.0,20,0
3,4.0,0.0,1.0,6.0,6.0,3.0,3.0,3.0,1.0,1.0,1.0,1.0,1.0,1.0,1.0,1.0,1.0,1.0,0,3.0,2.0,2.0,4.0,30.0,60.0,20,2021-09-13,2.0,4.0,23.0,20,0
4,4.0,0.0,2.0,6.0,7.0,3.0,3.0,2.0,1.0,3.0,1.0,1.0,1.0,1.0,1.0,3.0,1.0,1.0,0,3.0,3.0,3.0,3.0,30.0,60.0,20,2021-09-23,2.0,3.0,17.0,20,0
1,1.0,0.0,0.0,6.0,0.0,2.0,3.0,3.0,4.0,3.0,1.0,1.0,1.0,4.0,1.0,1.0,1.0,1.0,0,2.0,2.0,2.0,4.0,10.0,0.0,21,2021-09-06,1.0,3.0,25.0,20,0
2,0.0,0.0,0.0,7.0,0.0,2.0,4.0,3.0,4.0,3.0,1.0,1.0,1.0,1.0,1.0,1.0,1.0,1.0,0,1.0,1.0,1.0,4.0,0.0,0.0,21,2021-09-13,1.0,3.0,27.0,20,0
3,1.0,0.0,0.0,7.0,7.0,2.0,3.0,3.0,3.0,3.0,1.0,1.0,1.0,3.0,1.0,1.0,3.0,1.0,0,2.0,2.0,2.0,3.0,10.0,0.0,21,2021-09-20,1.0,3.0,22.0,20,0
4,1.0,0.0,0.0,6.0,6.0,2.0,3.0,3.0,4.0,4.0,1.0,1.0,1.0,3.0,1.0,1.0,3.0,1.0,0,1.0,1.0,1.0,2.0,10.0,0.0,21,2021-09-27,1.0,3.0,27.0,20,0
1,7.0,0.0,0.0,5.0,7.0,3.0,4.0,3.0,4.0,3.0,3.0,3.0,1.0,1.0,1.0,3.0,4.0,4.0,1,2.0,2.0,2.0,4.0,20.0,0.0,23,2021-09-06,2.0,3.0,53.0,20,0
2,7.0,0.0,0.0,5.0,8.0,3.0,4.0,3.0,4.0,1.0,3.0,1.0,1.0,1.0,1.0,3.0,4.0,4.0,1,2.0,2.0,2.0,4.0,20.0,0.0,23,2021-09-13,2.0,3.0,49.0,20,0
3,7.0,0.0,0.0,4.0,8.0,3.0,4.0,3.0,4.0,1.0,1.0,1.0,1.0,1.0,1.0,3.0,3.0,4.0,1,2.0,1.0,2.0,4.0,20.0,0.0,23,2021-09-20,2.0,3.0,46.0,20,0
4,7.0,0.0,0.0,6.0,8.0,3.0,4.0,4.0,4.0,1.0,1.0,3.0,1.0,1.0,1.0,3.0,3.0,4.0,1,2.0,2.0,2.0,4.0,20.0,0.0,23,2021-09-27,2.0,4.0,56.0,20,0
1,7.0,0.0,1.0,6.0,10.0,3.0,3.0,2.0,1.0,1.0,1.0,1.0,1.0,1.0,1.0,1.0,1.0,1.0,0,3.0,2.0,3.0,3.0,300.0,120.0,24,2021-09-02,2.0,3.0,17.0,20,0
2,6.0,0.0,0.0,6.0,10.0,3.0,3.0,2.0,1.0,1.0,1.0,1.0,1.0,1.0,1.0,1.0,1.0,1.0,0,3.0,2.0,3.0,4.0,300.0,0.0,24,2021-09-06,2.0,3.0,19.0,20,0
3,7.0,0.0,0.0,6.0,8.0,3.0,3.0,2.0,1.0,1.0,1.0,1.0,1.0,1.0,1.0,1.0,3.0,1.0,0,3.0,2.0,3.0,3.0,180.0,0.0,24,2021-09-13,2.0,3.0,16.0,20,0
4,6.0,0.0,0.0,6.0,9.0,3.0,3.0,2.0,1.0,1.0,1.0,1.0,1.0,1.0,1.0,1.0,1.0,1.0,0,2.0,2.0,3.0,4.0,180.0,0.0,24,2021-09-23,2.0,3.0,26.0,20,0
1,7.0,5.0,5.0,8.0,8.0,4.0,1.0,2.0,3.0,3.0,1.0,1.0,1.0,1.0,1.0,1.0,1.0,1.0,0,3.0,4.0,4.0,3.0,90.0,60.0,25,2021-09-01,1.0,3.0,16.0,20,0
2,5.0,5.0,5.0,7.0,7.0,4.0,1.0,2.0,3.0,1.0,1.0,1.0,1.0,1.0,1.0,1.0,1.0,1.0,0,4.0,4.0,5.0,3.0,60.0,90.0,25,2021-09-06,1.0,2.0,13.0,20,0
3,6.0,5.0,0.0,7.0,7.0,4.0,1.0,2.0,3.0,1.0,1.0,1.0,1.0,1.0,1.0,1.0,1.0,1.0,0,5.0,5.0,5.0,2.0,60.0,0.0,25,2021-09-14,1.0,2.0,5.0,20,0
4,7.0,5.0,5.0,7.0,7.0,4.0,3.0,2.0,3.0,1.0,1.0,1.0,1.0,1.0,1.0,1.0,1.0,1.0,0,3.0,3.0,3.0,3.0,60.0,90.0,25,2021-09-21,1.0,2.0,15.0,20,0
1,7.0,0.0,5.0,7.0,10.0,3.0,3.0,2.0,4.0,3.0,1.0,1.0,1.0,1.0,1.0,1.0,,4.0,1,4.0,4.0,4.0,2.0,60.0,60.0,26,2021-09-08,2.0,2.0,16.0,20,0
2,7.0,0.0,5.0,7.0,10.0,3.0,1.0,1.0,4.0,1.0,1.0,1.0,1.0,1.0,1.0,1.0,1.0,1.0,0,4.0,4.0,4.0,2.0,50.0,60.0,26,2021-09-13,2.0,1.0,11.0,20,0
3,4.0,0.0,4.0,8.0,11.0,3.0,1.0,1.0,4.0,3.0,1.0,1.0,1.0,1.0,1.0,1.0,1.0,1.0,0,4.0,4.0,5.0,3.0,30.0,30.0,26,2021-09-21,2.0,1.0,10.0,20,0
4,6.0,2.0,6.0,7.0,10.0,3.0,1.0,1.0,3.0,3.0,1.0,1.0,1.0,1.0,1.0,3.0,1.0,1.0,0,4.0,4.0,5.0,2.0,60.0,40.0,26,2021-09-28,2.0,2.0,9.0,20,0
1,5.0,0.0,0.0,8.0,8.0,3.0,4.0,3.0,3.0,3.0,1.0,1.0,1.0,3.0,3.0,3.0,4.0,1.0,0,2.0,2.0,2.0,3.0,40.0,0.0,28,2021-08-31,2.0,3.0,19.0,20,0
2,6.0,0.0,0.0,8.0,9.0,3.0,4.0,3.0,3.0,3.0,1.0,1.0,1.0,3.0,1.0,3.0,4.0,1.0,0,2.0,2.0,2.0,4.0,60.0,0.0,28,2021-09-09,2.0,3.0,18.0,20,0
3,5.0,1.0,0.0,8.0,9.0,3.0,3.0,3.0,3.0,1.0,1.0,1.0,1.0,1.0,1.0,1.0,4.0,1.0,0,2.0,3.0,2.0,3.0,60.0,0.0,28,2021-09-13,2.0,3.0,10.0,20,0
4,5.0,0.0,0.0,8.0,10.0,3.0,4.0,3.0,3.0,1.0,1.0,1.0,1.0,3.0,1.0,3.0,3.0,1.0,0,2.0,2.0,2.0,3.0,60.0,0.0,28,2021-09-29,2.0,3.0,25.0,20,0
1,7.0,3.0,2.0,7.0,8.0,3.0,1.0,1.0,1.0,4.0,4.0,1.0,1.0,1.0,1.0,1.0,1.0,1.0,0,3.0,3.0,3.0,2.0,60.0,60.0,29,2021-09-13,1.0,1.0,2.0,20,0
2,7.0,3.0,3.0,7.0,8.0,3.0,1.0,1.0,1.0,4.0,4.0,1.0,1.0,1.0,1.0,1.0,1.0,1.0,0,3.0,3.0,3.0,2.0,60.0,30.0,29,2021-09-20,1.0,1.0,2.0,20,0
3,4.0,1.0,1.0,7.0,8.0,3.0,1.0,1.0,1.0,3.0,4.0,1.0,1.0,1.0,1.0,1.0,1.0,1.0,0,3.0,4.0,3.0,2.0,30.0,40.0,29,2021-09-27,1.0,1.0,3.0,20,0
4,5.0,2.0,1.0,6.0,8.0,3.0,1.0,1.0,3.0,4.0,3.0,1.0,3.0,1.0,1.0,1.0,1.0,1.0,0,3.0,3.0,3.0,2.0,50.0,30.0,29,2021-10-04,1.0,1.0,4.0,20,0
1,6.0,5.0,0.0,6.0,7.0,3.0,3.0,2.0,3.0,3.0,1.0,1.0,1.0,1.0,1.0,3.0,1.0,1.0,0,4.0,4.0,4.0,3.0,50.0,0.0,30,2021-09-13,1.0,2.0,8.421052631578947,19,1
2,7.0,4.0,1.0,4.0,5.0,3.0,3.0,2.0,1.0,3.0,1.0,1.0,1.0,1.0,3.0,1.0,1.0,1.0,0,4.0,4.0,3.0,3.0,40.0,60.0,30,2021-09-20,1.0,2.0,8.0,20,0
3,7.0,5.0,2.0,5.0,6.0,3.0,3.0,2.0,4.0,3.0,1.0,1.0,1.0,1.0,1.0,3.0,1.0,1.0,0,3.0,3.0,4.0,3.0,20.0,60.0,30,2021-09-27,1.0,2.0,9.0,20,0
4,7.0,5.0,2.0,5.0,6.0,3.0,1.0,2.0,1.0,1.0,1.0,1.0,1.0,3.0,1.0,1.0,,1.0,0,4.0,4.0,4.0,3.0,50.0,10.0,30,2021-10-04,1.0,2.0,4.0,20,0
1,3.0,0.0,1.0,8.0,8.0,3.0,3.0,2.0,3.0,3.0,1.0,1.0,3.0,1.0,1.0,3.0,1.0,1.0,0,3.0,2.0,3.0,4.0,60.0,30.0,34,2021-09-13,2.0,3.0,23.0,20,0
2,4.0,2.0,2.0,7.0,9.0,3.0,4.0,3.0,1.0,3.0,1.0,1.0,1.0,1.0,1.0,3.0,1.0,1.0,0,3.0,2.0,3.0,4.0,60.0,60.0,34,2021-09-21,2.0,3.0,19.0,20,0
3,4.0,1.0,1.0,7.0,10.0,2.0,3.0,2.0,3.0,3.0,3.0,3.0,3.0,1.0,1.0,1.0,1.0,1.0,0,2.0,2.0,2.0,3.0,60.0,30.0,34,2021-09-27,2.0,2.0,10.0,20,0
4,5.0,2.0,2.0,7.0,9.0,4.0,3.0,2.0,1.0,3.0,3.0,1.0,3.0,1.0,1.0,1.0,1.0,1.0,0,2.0,3.0,2.0,3.0,60.0,40.0,34,2021-10-04,2.0,2.0,12.0,20,0
1,3.0,0.0,1.0,5.0,9.0,4.0,3.0,2.0,1.0,1.0,1.0,1.0,1.0,1.0,3.0,3.0,1.0,1.0,0,3.0,3.0,3.0,2.0,30.0,30.0,35,2021-09-13,2.0,1.0,4.0,20,0
2,3.0,0.0,3.0,6.0,9.0,4.0,3.0,2.0,1.0,1.0,1.0,1.0,1.0,1.0,1.0,4.0,1.0,1.0,0,4.0,4.0,3.0,2.0,35.0,30.0,35,2021-09-20,2.0,2.0,6.0,20,0
3,3.0,0.0,2.0,4.5,9.0,4.0,3.0,2.0,1.0,1.0,1.0,1.0,1.0,1.0,1.0,3.0,1.0,1.0,0,3.0,4.0,3.0,2.0,30.0,12.0,35,2021-09-27,2.0,1.0,7.0,20,0
4,3.0,0.0,2.0,6.0,12.0,4.0,3.0,2.0,1.0,1.0,1.0,1.0,1.0,1.0,1.0,1.0,1.0,1.0,0,4.0,4.0,4.0,2.0,30.0,20.0,35,2021-10-04,2.0,1.0,4.0,20,0
1,6.0,1.0,3.0,6.0,7.0,4.0,1.0,1.0,1.0,3.0,3.0,1.0,3.0,3.0,3.0,1.0,1.0,1.0,0,3.0,3.0,3.0,2.0,30.0,15.0,36,2021-09-13,1.0,2.0,13.0,20,0
2,5.0,3.0,3.0,6.0,8.0,4.0,3.0,2.0,1.0,3.0,3.0,1.0,4.0,1.0,1.0,1.0,1.0,1.0,0,3.0,3.0,3.0,2.0,15.0,30.0,36,2021-09-20,1.0,3.0,9.0,20,0
3,7.0,3.0,2.0,5.0,7.0,4.0,3.0,2.0,1.0,3.0,1.0,1.0,3.0,3.0,1.0,1.0,1.0,1.0,0,3.0,3.0,2.0,1.0,30.0,30.0,36,2021-09-27,1.0,2.0,3.0,20,0
4,6.0,3.0,3.0,6.0,7.0,4.0,3.0,2.0,1.0,3.0,3.0,1.0,3.0,1.0,1.0,1.0,1.0,1.0,0,3.0,3.0,3.0,3.0,30.0,30.0,36,2021-10-05,1.0,2.0,7.0,20,0
1,6.0,0.0,3.0,8.0,8.0,3.0,3.0,2.0,1.0,3.0,1.0,1.0,1.0,1.0,3.0,3.0,1.0,3.0,1,3.0,2.0,3.0,2.0,60.0,60.0,40,2021-09-06,2.0,2.0,8.0,20,0
2,4.0,0.0,0.0,7.0,10.0,3.0,3.0,2.0,1.0,3.0,3.0,1.0,1.0,1.0,1.0,3.0,1.0,,1,2.0,2.0,2.0,5.0,30.0,0.0,40,2021-09-13,2.0,3.0,15.0,20,0
3,5.0,0.0,3.0,7.5,10.0,3.0,3.0,2.0,3.0,3.0,3.0,1.0,1.0,1.0,1.0,1.0,1.0,3.0,1,3.0,2.0,2.0,3.0,60.0,44.0,40,2021-09-20,2.0,3.0,14.0,20,0
4,7.0,0.0,0.0,8.0,9.0,3.0,3.0,2.0,1.0,3.0,3.0,1.0,1.0,1.0,1.0,4.0,1.0,3.0,1,3.0,1.0,1.0,5.0,60.0,0.0,40,2021-09-29,2.0,3.0,18.0,20,0
1,7.0,0.0,0.0,7.0,7.0,4.0,3.0,2.0,1.0,1.0,1.0,1.0,1.0,3.0,1.0,3.0,1.0,1.0,0,2.0,3.0,3.0,3.0,10.0,0.0,41,2021-09-09,2.0,1.0,4.0,20,0
2,7.0,0.0,0.0,7.0,7.0,4.0,3.0,2.0,1.0,1.0,1.0,1.0,1.0,1.0,1.0,1.0,1.0,1.0,0,3.0,3.0,3.0,3.0,30.0,0.0,41,2021-09-13,2.0,2.0,8.421052631578947,19,1
3,7.0,0.0,0.0,7.0,7.0,4.0,4.0,2.0,1.0,3.0,3.0,1.0,1.0,1.0,1.0,1.0,1.0,1.0,0,3.0,3.0,3.0,3.0,30.0,0.0,41,2021-09-20,2.0,2.0,8.0,20,0
4,7.0,0.0,0.0,7.0,7.0,4.0,3.0,3.0,1.0,3.0,3.0,1.0,1.0,3.0,1.0,1.0,1.0,1.0,0,2.0,3.0,2.0,4.0,20.0,0.0,41,2021-09-29,2.0,2.0,14.736842105263158,19,1
1,0.0,0.0,0.0,6.0,7.0,3.0,4.0,3.0,3.0,3.0,3.0,1.0,1.0,1.0,1.0,3.0,1.0,1.0,0,3.0,3.0,2.0,4.0,60.0,0.0,44,2021-09-23,2.0,3.0,25.0,20,0
2,6.0,1.0,3.0,6.0,6.0,3.0,3.0,2.0,3.0,1.0,1.0,1.0,1.0,1.0,1.0,3.0,1.0,1.0,0,3.0,3.0,3.0,4.0,180.0,30.0,44,2021-09-30,2.0,3.0,27.0,20,0
3,7.0,1.0,2.0,6.0,8.0,3.0,4.0,3.0,3.0,3.0,3.0,1.0,1.0,3.0,1.0,3.0,1.0,1.0,0,2.0,3.0,2.0,4.0,180.0,60.0,44,2021-10-07,2.0,3.0,25.0,20,0
4,7.0,0.0,2.0,6.0,8.0,3.0,4.0,2.0,3.0,3.0,3.0,1.0,1.0,3.0,1.0,3.0,1.0,1.0,0,2.0,2.0,2.0,4.0,90.0,60.0,44,2021-10-13,2.0,3.0,26.31578947368421,19,1
1,4.0,0.0,0.0,6.0,7.0,4.0,3.0,2.0,3.0,1.0,1.0,1.0,1.0,1.0,1.0,1.0,1.0,1.0,0,2.0,3.0,2.0,3.0,20.0,0.0,45,2021-09-23,2.0,2.0,6.0,20,0
2,4.0,0.0,2.0,6.0,7.0,3.0,4.0,2.0,1.0,1.0,1.0,1.0,1.0,1.0,1.0,1.0,1.0,1.0,0,2.0,3.0,1.0,3.0,30.0,40.0,45,2021-09-30,2.0,2.0,14.736842105263158,19,1
3,6.0,0.0,3.0,7.0,7.0,3.0,4.0,2.0,1.0,1.0,1.0,1.0,1.0,1.0,1.0,1.0,1.0,1.0,0,2.0,2.0,2.0,3.0,30.0,20.0,45,2021-10-11,2.0,2.0,17.0,20,0
4,7.0,0.0,0.0,6.0,7.0,3.0,4.0,3.0,1.0,1.0,1.0,1.0,1.0,1.0,1.0,1.0,1.0,1.0,0,2.0,3.0,2.0,4.0,30.0,0.0,45,2021-10-13,2.0,2.0,14.0,20,0
1,3.0,0.0,1.0,7.0,8.0,3.0,3.0,2.0,1.0,4.0,3.0,1.0,4.0,1.0,3.0,1.0,1.0,1.0,0,3.0,2.0,2.0,4.0,60.0,30.0,49,2021-08-31,1.0,3.0,22.0,20,0
2,2.0,3.0,0.0,6.0,7.0,3.0,3.0,3.0,1.0,3.0,3.0,1.0,4.0,3.0,1.0,1.0,3.0,1.0,0,2.0,2.0,2.0,3.0,20.0,0.0,49,2021-09-06,1.0,3.0,25.0,20,0
3,5.0,2.0,2.0,6.0,7.0,2.0,4.0,3.0,1.0,4.0,3.0,3.0,4.0,3.0,3.0,1.0,3.0,3.0,1,2.0,2.0,2.0,4.0,40.0,20.0,49,2021-09-13,1.0,3.0,24.0,20,0
4,7.0,1.0,1.0,6.0,7.0,3.0,4.0,3.0,1.0,4.0,3.0,3.0,3.0,1.0,3.0,3.0,3.0,1.0,0,2.0,2.0,2.0,4.0,40.0,30.0,49,2021-09-22,1.0,3.0,25.0,20,0
1,0.0,5.0,4.0,8.0,8.0,4.0,3.0,3.0,1.0,4.0,1.0,1.0,1.0,1.0,1.0,1.0,1.0,1.0,0,4.0,3.0,3.0,2.0,60.0,20.0,52,2021-09-23,1.0,2.0,28.0,20,0
2,4.0,5.0,0.0,8.0,8.0,3.0,3.0,3.0,4.0,4.0,1.0,1.0,1.0,1.0,1.0,1.0,1.0,,0,3.0,2.0,3.0,2.0,30.0,0.0,52,2021-09-30,1.0,3.0,30.526315789473685,19,1
3,7.0,5.0,1.0,7.0,7.0,3.0,3.0,3.0,4.0,4.0,1.0,1.0,1.0,1.0,1.0,1.0,1.0,,0,4.0,3.0,4.0,2.0,20.0,60.0,52,2021-10-10,1.0,2.0,21.052631578947366,19,1
4,5.0,5.0,0.0,0.0,8.0,3.0,3.0,3.0,1.0,4.0,1.0,1.0,1.0,1.0,1.0,1.0,1.0,1.0,0,4.0,3.0,4.0,2.0,15.0,0.0,52,2021-10-16,1.0,2.0,22.0,20,0
1,2.0,1.0,0.0,6.0,8.0,4.0,3.0,3.0,1.0,4.0,1.0,1.0,1.0,1.0,3.0,1.0,1.0,4.0,1,4.0,4.0,4.0,3.0,30.0,0.0,55,2021-09-30,2.0,2.0,5.263157894736842,19,1
2,3.0,2.0,2.0,6.0,8.0,3.0,3.0,2.0,1.0,3.0,1.0,1.0,1.0,3.0,3.0,1.0,1.0,3.0,1,3.0,4.0,3.0,3.0,20.0,50.0,55,2021-10-07,2.0,1.0,12.0,20,0
3,3.0,1.0,1.0,6.0,8.0,3.0,3.0,2.0,1.0,4.0,1.0,1.0,1.0,1.0,1.0,1.0,1.0,4.0,1,3.0,3.0,3.0,2.0,30.0,50.0,55,2021-10-14,2.0,2.0,4.0,20,0
4,3.0,0.0,2.0,8.0,8.0,4.0,3.0,1.0,1.0,4.0,1.0,1.0,1.0,3.0,1.0,1.0,1.0,4.0,1,4.0,4.0,4.0,2.0,30.0,50.0,55,2021-10-20,2.0,2.0,7.0,20,0
1,5.0,1.0,,6.0,8.0,3.0,4.0,3.0,3.0,3.0,3.0,1.0,1.0,1.0,1.0,4.0,1.0,1.0,0,3.0,2.0,3.0,4.0,30.0,0.0,56,2021-10-01,1.0,2.0,15.0,20,0
2,5.0,1.0,1.0,6.0,10.0,3.0,3.0,2.0,3.0,3.0,3.0,1.0,1.0,1.0,1.0,3.0,1.0,1.0,0,3.0,3.0,3.0,3.0,30.0,30.0,56,2021-10-10,1.0,2.0,16.0,20,0
3,2.0,0.0,0.0,8.0,10.0,3.0,3.0,2.0,3.0,3.0,3.0,1.0,1.0,1.0,1.0,1.0,1.0,1.0,0,3.0,3.0,3.0,3.0,30.0,0.0,56,2021-10-14,1.0,2.0,10.0,20,0
4,4.0,1.0,1.0,8.0,10.0,4.0,4.0,3.0,3.0,3.0,3.0,1.0,1.0,1.0,1.0,3.0,1.0,1.0,0,3.0,3.0,3.0,4.0,30.0,30.0,56,2021-10-20,1.0,3.0,17.0,20,0
1,7.0,5.0,7.0,4.0,8.0,4.0,3.0,1.0,1.0,1.0,1.0,1.0,1.0,1.0,1.0,1.0,1.0,1.0,0,4.0,4.0,4.0,3.0,70.0,90.0,58,2021-09-23,2.0,2.0,1.0,20,0
2,5.0,4.0,4.0,5.0,7.0,3.0,4.0,2.0,1.0,3.0,1.0,1.0,1.0,1.0,1.0,1.0,1.0,,1,3.0,3.0,3.0,4.0,,90.0,58,2021-09-30,2.0,3.0,15.0,20,0
3,4.0,2.0,0.0,6.0,7.0,4.0,3.0,2.0,1.0,1.0,1.0,1.0,1.0,1.0,1.0,1.0,1.0,1.0,0,4.0,4.0,3.0,4.0,40.0,0.0,58,2021-10-07,2.0,2.0,3.0,20,0
4,7.0,1.0,0.0,7.0,7.0,3.0,3.0,4.0,1.0,1.0,1.0,1.0,1.0,1.0,1.0,1.0,1.0,1.0,0,2.0,2.0,2.0,4.0,80.0,0.0,58,2021-10-14,2.0,2.0,25.0,20,0
1,7.0,1.0,5.0,5.5,7.0,3.0,3.0,2.0,1.0,3.0,1.0,1.0,1.0,1.0,1.0,1.0,1.0,1.0,0,4.0,4.0,3.0,2.0,40.0,30.0,59,2021-09-30,1.0,1.0,3.0,20,0
2,5.0,0.0,1.0,5.0,6.0,4.0,3.0,2.0,1.0,1.0,1.0,1.0,1.0,1.0,1.0,1.0,1.0,1.0,0,4.0,4.0,4.0,2.0,30.0,10.0,59,2021-10-07,1.0,1.0,5.0,20,0
3,7.0,3.0,4.0,6.0,7.5,4.0,3.0,1.0,1.0,1.0,1.0,1.0,1.0,1.0,1.0,1.0,1.0,1.0,0,4.0,4.0,4.0,2.0,30.0,30.0,59,2021-10-15,1.0,2.0,4.0,20,0
4,6.0,2.0,2.0,6.0,6.0,4.0,1.0,2.0,1.0,1.0,1.0,1.0,1.0,1.0,1.0,1.0,1.0,1.0,0,4.0,4.0,4.0,1.0,20.0,20.0,59,2021-10-21,1.0,2.0,5.0,20,0
1,7.0,1.0,5.0,6.0,7.0,3.0,3.0,2.0,1.0,3.0,1.0,1.0,1.0,1.0,1.0,3.0,1.0,1.0,0,4.0,5.0,3.0,2.0,60.0,60.0,61,2021-09-30,2.0,2.0,3.0,20,0
2,7.0,0.0,5.0,6.0,6.0,2.0,3.0,2.0,1.0,3.0,4.0,1.0,1.0,1.0,1.0,1.0,1.0,1.0,0,3.0,3.0,4.0,2.0,60.0,50.0,61,2021-10-07,2.0,2.0,13.0,20,0
3,7.0,1.0,5.0,6.0,6.0,2.0,3.0,2.0,1.0,1.0,3.0,1.0,1.0,1.0,1.0,1.0,1.0,1.0,0,3.0,3.0,4.0,2.0,40.0,0.5,61,2021-10-13,2.0,2.0,12.0,20,0
4,7.0,0.0,2.0,6.0,6.0,3.0,3.0,2.0,1.0,1.0,3.0,1.0,1.0,1.0,1.0,1.0,1.0,,0,4.0,4.0,4.0,2.0,30.0,20.0,61,2021-10-21,2.0,1.0,7.0,20,0
1,7.0,0.0,5.0,6.0,7.0,3.0,3.0,3.0,3.0,1.0,1.0,1.0,1.0,1.0,1.0,1.0,1.0,1.0,0,2.0,2.0,2.0,3.0,90.0,40.0,62,2021-10-01,2.0,2.0,18.0,20,0
2,7.0,1.0,1.0,4.0,8.0,2.0,3.0,3.0,3.0,3.0,3.0,1.0,1.0,1.0,1.0,1.0,1.0,1.0,0,2.0,2.0,2.0,4.0,50.0,120.0,62,2021-10-09,2.0,2.0,24.0,20,0
3,7.0,2.0,3.0,6.0,7.0,2.0,3.0,3.0,4.0,4.0,4.0,1.0,1.0,1.0,1.0,1.0,1.0,1.0,0,2.0,2.0,2.0,3.0,60.0,60.0,62,2021-10-14,2.0,2.0,13.0,20,0
4,7.0,3.0,5.0,8.0,8.0,3.0,3.0,2.0,3.0,1.0,1.0,1.0,1.0,1.0,1.0,1.0,1.0,1.0,0,2.0,2.0,2.0,3.0,90.0,90.0,62,2021-10-22,2.0,2.0,14.0,20,0
1,4.0,1.0,3.0,6.0,7.0,2.0,4.0,3.0,4.0,1.0,1.0,4.0,4.0,3.0,3.0,3.0,1.0,1.0,0,2.0,2.0,2.0,4.0,30.0,30.0,66,2021-10-04,1.0,3.0,23.0,20,0
2,4.0,3.0,3.0,5.0,5.0,3.0,3.0,3.0,4.0,1.0,1.0,4.0,4.0,1.0,1.0,1.0,1.0,1.0,0,2.0,2.0,2.0,3.0,30.0,30.0,66,2021-10-11,1.0,3.0,30.0,20,0
3,5.0,2.0,5.0,1.0,1.0,3.0,4.0,3.0,4.0,1.0,1.0,4.0,3.0,4.0,1.0,1.0,1.0,1.0,0,3.0,3.0,3.0,3.0,60.0,60.0,66,2021-10-18,1.0,3.0,23.0,20,0
4,7.0,0.0,4.0,6.0,7.0,3.0,3.0,3.0,4.0,3.0,1.0,1.0,1.0,3.0,1.0,1.0,1.0,1.0,0,3.0,3.0,3.0,3.0,90.0,60.0,66,2021-10-26,1.0,2.0,11.0,20,0
1,7.0,2.0,2.0,4.0,8.0,3.0,3.0,2.0,4.0,1.0,1.0,1.0,1.0,3.0,1.0,1.0,1.0,1.0,0,2.0,3.0,2.0,4.0,90.0,60.0,67,2021-10-11,2.0,3.0,10.0,20,0
2,4.0,2.0,3.0,3.0,9.0,3.0,3.0,2.0,4.0,1.0,1.0,1.0,1.0,3.0,1.0,1.0,1.0,1.0,0,2.0,3.0,2.0,4.0,80.0,30.0,67,2021-10-11,2.0,3.0,8.0,20,0
3,7.0,1.0,0.0,4.5,8.0,2.0,1.0,2.0,4.0,1.0,1.0,1.0,1.0,3.0,1.0,3.0,1.0,1.0,0,2.0,2.0,2.0,4.0,90.0,0.0,67,2021-10-18,2.0,3.0,4.0,20,0
4,7.0,0.0,0.0,4.0,6.0,1.0,4.0,3.0,4.0,4.0,1.0,1.0,1.0,1.0,1.0,1.0,1.0,3.0,0,2.0,2.0,2.0,4.0,90.0,0.0,67,2021-10-26,2.0,3.0,11.0,20,0
1,7.0,5.0,7.0,5.0,7.0,3.0,3.0,1.0,3.0,3.0,3.0,1.0,1.0,1.0,1.0,1.0,1.0,,0,5.0,5.0,5.0,2.0,40.0,150.0,69,2021-10-04,2.0,2.0,3.0,20,0
2,7.0,5.0,7.0,5.0,7.0,3.0,3.0,1.0,1.0,3.0,3.0,1.0,1.0,1.0,1.0,1.0,1.0,1.0,0,5.0,5.0,5.0,2.0,60.0,120.0,69,2021-10-11,2.0,2.0,1.0,20,0
3,7.0,5.0,7.0,5.0,7.0,3.0,4.0,2.0,1.0,4.0,3.0,1.0,1.0,1.0,1.0,1.0,1.0,,0,4.0,5.0,4.0,3.0,40.0,120.0,69,2021-10-19,2.0,1.0,1.0,20,0
4,7.0,5.0,7.0,4.0,6.0,3.0,3.0,1.0,1.0,4.0,4.0,1.0,1.0,1.0,1.0,1.0,1.0,1.0,0,5.0,5.0,5.0,3.0,40.0,40.0,69,2021-10-26,2.0,2.0,0.0,20,0
1,7.0,2.0,7.0,5.0,5.0,3.0,3.0,2.0,1.0,1.0,1.0,1.0,1.0,1.0,1.0,1.0,1.0,1.0,0,3.0,3.0,3.0,3.0,50.0,40.0,71,2021-10-04,1.0,2.0,13.0,20,0
2,7.0,1.0,5.0,6.0,8.0,2.0,4.0,2.0,1.0,1.0,1.0,1.0,1.0,1.0,1.0,1.0,1.0,4.0,1,4.0,3.0,4.0,4.0,40.0,30.0,71,2021-10-13,1.0,3.0,22.0,20,0
3,7.0,2.0,4.0,6.0,8.0,3.0,4.0,3.0,1.0,1.0,1.0,1.0,1.0,1.0,1.0,1.0,1.0,4.0,1,3.0,3.0,3.0,4.0,60.0,40.0,71,2021-10-18,1.0,3.0,24.0,20,0
4,7.0,2.0,4.0,5.0,0.0,1.0,4.0,2.0,4.0,3.0,1.0,1.0,1.0,1.0,1.0,1.0,1.0,4.0,1,2.0,2.0,3.0,4.0,40.0,40.0,71,2021-10-26,1.0,3.0,28.0,20,0
1,5.0,5.0,7.0,7.0,9.0,4.0,1.0,2.0,3.0,1.0,1.0,1.0,1.0,1.0,1.0,3.0,1.0,1.0,0,4.0,4.0,4.0,2.0,60.0,40.0,72,2021-10-04,1.0,2.0,3.0,20,0
2,3.0,5.0,7.0,7.0,9.0,4.0,1.0,2.0,3.0,1.0,1.0,1.0,1.0,1.0,1.0,1.0,1.0,1.0,0,4.0,4.0,4.0,2.0,90.0,40.0,72,2021-10-12,1.0,1.0,3.0,20,0
3,3.0,5.0,7.0,8.0,9.0,4.0,1.0,2.0,3.0,1.0,1.0,1.0,1.0,1.0,1.0,1.0,1.0,1.0,0,4.0,4.0,4.0,2.0,50.0,50.0,72,2021-10-18,1.0,1.0,1.0526315789473684,19,1
4,6.0,5.0,7.0,7.0,9.0,4.0,1.0,2.0,3.0,1.0,1.0,1.0,1.0,1.0,1.0,1.0,1.0,1.0,0,4.0,4.0,4.0,2.0,60.0,40.0,72,2021-10-26,1.0,2.0,0.0,20,0
1,7.0,0.0,1.0,5.0,5.0,5.0,3.0,1.0,4.0,3.0,3.0,1.0,1.0,1.0,1.0,1.0,1.0,1.0,0,3.0,4.0,3.0,4.0,60.0,10.0,73,2021-10-04,1.0,2.0,8.421052631578947,19,1
2,5.0,0.0,4.0,5.0,7.0,5.0,1.0,1.0,1.0,1.0,1.0,1.0,1.0,1.0,1.0,1.0,1.0,1.0,0,5.0,4.0,3.0,2.0,60.0,30.0,73,2021-10-11,1.0,1.0,0.0,20,0
3,7.0,0.0,2.0,6.0,6.0,5.0,1.0,1.0,1.0,1.0,1.0,1.0,1.0,1.0,1.0,1.0,1.0,1.0,0,5.0,5.0,5.0,1.0,60.0,60.0,73,2021-10-18,1.0,1.0,0.0,20,0
4,7.0,0.0,3.0,5.0,8.0,4.0,1.0,1.0,1.0,1.0,1.0,1.0,1.0,1.0,1.0,1.0,1.0,1.0,0,5.0,5.0,5.0,3.0,60.0,20.0,73,2021-10-27,1.0,2.0,0.0,20,0
1,7.0,0.0,3.0,6.0,8.0,3.0,3.0,2.0,1.0,1.0,3.0,1.0,1.0,1.0,1.0,1.0,1.0,1.0,0,2.0,2.0,2.0,3.0,60.0,30.0,74,2021-10-05,1.0,2.0,14.0,20,0
2,7.0,0.0,3.0,7.0,9.0,3.0,4.0,3.0,1.0,3.0,3.0,1.0,1.0,1.0,1.0,1.0,1.0,1.0,0,3.0,2.0,3.0,3.0,60.0,20.0,74,2021-10-11,1.0,3.0,14.0,20,0
3,6.0,0.0,3.0,7.0,9.0,3.0,3.0,3.0,1.0,1.0,3.0,1.0,1.0,3.0,1.0,3.0,1.0,1.0,0,2.0,3.0,2.0,3.0,40.0,30.0,74,2021-10-20,1.0,3.0,17.0,20,0
4,7.0,0.0,3.0,6.0,8.0,3.0,4.0,3.0,1.0,1.0,1.0,1.0,1.0,1.0,1.0,1.0,1.0,1.0,0,3.0,2.0,2.0,3.0,120.0,30.0,74,2021-10-27,1.0,2.0,12.0,20,0
1,7.0,1.0,0.0,7.0,9.0,4.0,1.0,2.0,3.0,1.0,1.0,1.0,1.0,3.0,3.0,1.0,1.0,,0,5.0,5.0,4.0,2.0,60.0,0.0,78,2021-10-05,1.0,2.0,6.0,20,0
2,7.0,0.0,3.0,6.5,8.0,3.0,1.0,2.0,1.0,1.0,1.0,1.0,1.0,3.0,3.0,1.0,1.0,1.0,0,5.0,4.0,4.0,2.0,40.0,0.0,78,2021-10-12,1.0,2.0,2.0,20,0
3,7.0,0.0,4.0,6.5,8.0,4.0,1.0,1.0,1.0,1.0,1.0,1.0,1.0,1.0,1.0,1.0,1.0,1.0,0,4.0,4.0,3.0,3.0,60.0,15.0,78,2021-10-18,1.0,2.0,0.0,20,0
4,7.0,0.0,1.0,6.0,8.0,4.0,1.0,1.0,1.0,1.0,1.0,1.0,1.0,1.0,1.0,1.0,1.0,1.0,0,5.0,4.0,5.0,2.0,60.0,30.0,78,2021-10-27,1.0,1.0,0.0,20,0
1,4.0,0.0,0.0,6.0,8.0,4.0,3.0,2.0,3.0,1.0,1.0,1.0,1.0,1.0,1.0,1.0,1.0,1.0,0,3.0,4.0,4.0,3.0,20.0,0.0,79,2021-10-06,2.0,2.0,6.0,20,0
2,1.0,0.0,0.0,7.0,7.0,4.0,3.0,2.0,3.0,1.0,1.0,1.0,1.0,1.0,1.0,1.0,1.0,1.0,0,4.0,3.0,4.0,3.0,20.0,0.0,79,2021-10-10,2.0,2.0,12.0,20,0
3,2.0,0.0,0.0,6.0,7.0,5.0,3.0,1.0,3.0,1.0,1.0,1.0,1.0,1.0,1.0,1.0,1.0,1.0,0,4.0,4.0,4.0,3.0,20.0,0.0,79,2021-10-17,2.0,2.0,9.0,20,0
4,4.0,0.0,0.0,6.0,7.0,5.0,3.0,1.0,1.0,1.0,1.0,1.0,1.0,1.0,1.0,1.0,1.0,1.0,0,4.0,4.0,4.0,2.0,40.0,0.0,79,2021-10-27,2.0,2.0,1.0,20,0
1,3.0,2.0,2.0,4.0,6.0,3.0,4.0,3.0,1.0,1.0,1.0,1.0,1.0,1.0,1.0,1.0,1.0,1.0,0,2.0,2.0,2.0,4.0,30.0,15.0,80,2021-10-21,,3.0,30.0,20,0
2,7.0,2.0,0.0,4.0,7.0,3.0,1.0,3.0,1.0,1.0,1.0,1.0,1.0,1.0,1.0,1.0,1.0,1.0,0,2.0,2.0,2.0,4.0,40.0,0.0,80,2021-10-10,,3.0,23.0,20,0
3,4.0,2.0,,4.0,6.0,3.0,4.0,4.0,1.0,1.0,1.0,1.0,1.0,1.0,1.0,1.0,1.0,4.0,1,2.0,2.0,2.0,4.0,30.0,15.0,80,2021-10-21,,2.0,16.0,20,0
4,3.0,2.0,,6.0,8.0,3.0,4.0,4.0,1.0,1.0,1.0,1.0,1.0,3.0,1.0,1.0,1.0,,0,2.0,2.0,2.0,4.0,30.0,15.0,80,2021-10-21,,3.0,24.0,20,0
1,7.0,0.0,3.0,6.0,,2.0,4.0,2.0,3.0,1.0,1.0,1.0,1.0,1.0,1.0,1.0,1.0,1.0,0,2.0,2.0,2.0,4.0,40.0,60.0,82,2021-10-13,1.0,3.0,23.157894736842103,19,1
2,5.0,0.0,1.0,6.0,8.0,3.0,4.0,2.0,3.0,1.0,1.0,1.0,1.0,3.0,1.0,1.0,1.0,1.0,0,2.0,2.0,2.0,4.0,30.0,30.0,82,2021-10-20,1.0,3.0,24.0,20,0
3,3.0,0.0,0.0,5.0,7.0,2.0,4.0,2.0,3.0,1.0,1.0,1.0,1.0,3.0,1.0,1.0,1.0,1.0,0,3.0,2.0,2.0,4.0,10.0,0.0,82,2021-10-28,1.0,3.0,24.0,20,0
4,4.0,0.0,0.0,6.0,8.0,3.0,4.0,2.0,1.0,1.0,1.0,1.0,1.0,1.0,1.0,1.0,1.0,1.0,0,2.0,2.0,2.0,4.0,30.0,0.0,82,2021-11-03,1.0,3.0,22.0,20,0
1,7.0,0.0,4.0,7.0,10.0,4.0,3.0,2.0,1.0,3.0,3.0,1.0,1.0,3.0,1.0,1.0,1.0,1.0,0,4.0,4.0,4.0,1.0,14.0,50.0,84,2021-10-13,2.0,2.0,3.0,20,0
2,6.0,1.0,1.0,7.0,10.0,5.0,3.0,2.0,1.0,3.0,1.0,1.0,1.0,1.0,1.0,1.0,1.0,1.0,0,3.0,3.0,3.0,1.0,27.0,50.0,84,2021-10-20,2.0,1.0,3.0,20,0
3,7.0,0.0,3.0,6.0,9.5,4.0,3.0,1.0,1.0,4.0,1.0,1.0,1.0,1.0,1.0,1.0,1.0,1.0,0,3.0,4.0,4.0,3.0,25.0,50.0,84,2021-10-27,2.0,2.0,2.0,20,0
4,7.0,0.0,1.0,7.0,14.0,4.0,3.0,1.0,1.0,3.0,1.0,1.0,1.0,1.0,1.0,1.0,1.0,,0,3.0,3.0,3.0,3.0,15.0,50.0,84,2021-11-03,2.0,1.0,1.0,20,0
1,7.0,0.0,1.0,5.0,7.0,3.0,4.0,3.0,3.0,4.0,1.0,1.0,3.0,3.0,1.0,3.0,1.0,1.0,0,3.0,2.0,3.0,4.0,60.0,90.0,89,2021-10-14,1.0,2.0,20.0,20,0
2,5.0,0.0,0.0,6.0,8.0,2.0,4.0,3.0,1.0,3.0,1.0,1.0,1.0,3.0,1.0,1.0,1.0,1.0,0,3.0,2.0,3.0,4.0,25.0,0.0,89,2021-10-21,1.0,3.0,28.0,20,0
3,7.0,0.0,1.0,5.0,7.0,2.0,4.0,3.0,1.0,3.0,1.0,1.0,1.0,1.0,1.0,1.0,1.0,1.0,1,2.0,2.0,2.0,4.0,30.0,40.0,89,2021-10-28,1.0,3.0,33.0,20,0
4,6.0,1.0,0.0,4.0,5.0,2.0,4.0,3.0,1.0,3.0,1.0,1.0,1.0,3.0,1.0,1.0,1.0,1.0,1,2.0,1.0,2.0,4.0,130.0,0.0,89,2021-11-05,1.0,3.0,36.0,20,0
1,4.0,2.0,2.0,5.5,7.0,3.0,4.0,2.0,1.0,3.0,1.0,1.0,1.0,1.0,3.0,1.0,1.0,1.0,0,3.0,2.0,2.0,3.0,40.0,30.0,90,2021-10-11,1.0,2.0,7.0,20,0
2,6.0,1.0,2.0,6.5,8.0,3.0,3.0,2.0,1.0,1.0,1.0,1.0,1.0,1.0,1.0,1.0,1.0,1.0,0,2.0,2.0,2.0,3.0,50.0,30.0,90,2021-10-21,1.0,2.0,5.0,20,0
3,7.0,1.0,1.0,6.0,8.0,3.0,4.0,2.0,1.0,1.0,1.0,1.0,3.0,1.0,1.0,1.0,1.0,1.0,0,2.0,2.0,3.0,3.0,40.0,30.0,90,2021-10-27,1.0,2.0,8.0,20,0
4,7.0,1.0,2.0,6.5,7.0,3.0,3.0,2.0,1.0,3.0,1.0,1.0,3.0,1.0,1.0,1.0,1.0,1.0,0,3.0,2.0,3.0,3.0,40.0,30.0,90,2021-11-05,1.0,2.0,9.0,20,0
1,4.0,0.0,0.0,5.5,8.0,3.0,3.0,2.0,3.0,3.0,1.0,1.0,1.0,1.0,1.0,1.0,1.0,1.0,0,4.0,4.0,4.0,3.0,20.0,0.0,92,2021-10-11,2.0,2.0,2.0,20,0
2,4.0,0.0,3.0,5.5,8.0,3.0,4.0,2.0,3.0,3.0,3.0,1.0,1.0,3.0,1.0,1.0,1.0,1.0,0,4.0,4.0,3.0,3.0,20.0,10.0,92,2021-10-20,2.0,2.0,3.0,20,0
3,6.0,0.0,3.0,5.5,7.0,3.0,3.0,2.0,3.0,3.0,3.0,1.0,1.0,3.0,1.0,1.0,1.0,1.0,0,4.0,4.0,4.0,2.0,30.0,10.0,92,2021-10-27,2.0,2.0,3.0,20,0
4,5.0,0.0,4.0,5.0,8.0,3.0,3.0,2.0,3.0,3.0,3.0,1.0,1.0,1.0,1.0,3.0,3.0,1.0,0,4.0,4.0,3.0,3.0,20.0,15.0,92,2021-11-07,2.0,2.0,4.0,20,0
1,7.0,3.0,3.0,6.0,8.0,3.0,3.0,2.0,3.0,1.0,1.0,1.0,1.0,1.0,1.0,1.0,1.0,1.0,0,3.0,3.0,3.0,3.0,60.0,180.0,93,2021-10-16,1.0,2.0,7.0,20,0
2,5.0,3.0,4.0,6.0,8.0,3.0,3.0,2.0,3.0,1.0,1.0,1.0,1.0,1.0,3.0,1.0,1.0,1.0,0,2.0,3.0,2.0,3.0,60.0,30.0,93,2021-10-24,1.0,3.0,12.0,20,0
3,5.0,3.0,2.0,5.0,8.0,3.0,3.0,2.0,3.0,1.0,1.0,1.0,1.0,1.0,1.0,1.0,1.0,1.0,0,3.0,4.0,4.0,3.0,60.0,60.0,93,2021-10-29,1.0,2.0,9.0,20,0
4,6.0,4.0,3.0,6.0,8.0,3.0,3.0,2.0,3.0,1.0,1.0,1.0,1.0,1.0,1.0,1.0,1.0,1.0,0,2.0,3.0,2.0,3.0,60.0,30.0,93,2021-11-03,1.0,2.0,7.0,20,0
1,7.0,3.0,2.0,6.0,7.0,4.0,3.0,2.0,3.0,1.0,1.0,1.0,1.0,1.0,1.0,1.0,1.0,1.0,0,5.0,4.0,4.0,3.0,30.0,60.0,94,2021-10-16,1.0,2.0,10.0,20,0
2,7.0,3.0,3.0,6.0,7.0,4.0,4.0,2.0,1.0,1.0,1.0,1.0,1.0,1.0,1.0,1.0,1.0,1.0,0,4.0,5.0,5.0,2.0,15.0,50.0,94,2021-10-22,1.0,1.0,5.0,20,0
3,7.0,4.0,4.0,6.0,7.0,4.0,3.0,2.0,1.0,1.0,1.0,1.0,1.0,1.0,1.0,1.0,1.0,1.0,0,4.0,4.0,4.0,3.0,15.0,60.0,94,2021-10-28,1.0,1.0,7.0,20,0
4,7.0,4.0,4.0,5.0,6.0,4.0,3.0,2.0,3.0,1.0,1.0,1.0,1.0,1.0,1.0,1.0,1.0,1.0,0,3.0,4.0,4.0,3.0,15.0,50.0,94,2021-11-03,1.0,2.0,16.0,20,0
1,7.0,3.0,3.0,8.0,8.0,3.0,3.0,2.0,,1.0,1.0,1.0,4.0,3.0,1.0,3.0,3.0,1.0,0,3.0,3.0,3.0,2.0,45.0,60.0,98,2021-10-20,1.0,3.0,12.0,20,0
2,0.0,2.0,2.0,8.0,8.0,3.0,1.0,2.0,1.0,1.0,1.0,1.0,1.0,3.0,1.0,1.0,3.0,1.0,0,3.0,3.0,3.0,2.0,60.0,30.0,98,2021-10-27,1.0,3.0,10.0,20,0
3,2.0,2.0,2.0,9.0,9.0,3.0,1.0,1.0,1.0,1.0,1.0,1.0,1.0,3.0,1.0,1.0,1.0,1.0,0,2.0,3.0,3.0,4.0,30.0,50.0,98,2021-11-03,1.0,2.0,10.0,20,0
4,5.0,4.0,4.0,9.0,9.0,3.0,1.0,2.0,1.0,1.0,1.0,1.0,1.0,1.0,1.0,1.0,1.0,4.0,1,3.0,3.0,3.0,2.0,30.0,60.0,98,2021-11-12,1.0,3.0,7.0,20,0
1,5.0,0.0,5.0,7.0,8.0,2.0,3.0,2.0,3.0,4.0,3.0,1.0,1.0,1.0,1.0,4.0,3.0,3.0,1,2.0,3.0,2.0,4.0,50.0,30.0,99,2021-10-20,2.0,3.0,16.0,20,0
2,7.0,0.0,0.0,7.0,8.0,2.0,3.0,2.0,3.0,3.0,3.0,1.0,1.0,1.0,1.0,4.0,1.0,3.0,1,2.0,3.0,2.0,4.0,50.0,0.0,99,2021-10-20,2.0,3.0,15.0,20,0
3,6.0,0.0,3.0,7.0,8.0,3.0,3.0,1.0,3.0,3.0,3.0,1.0,1.0,1.0,1.0,3.0,3.0,3.0,1,2.0,3.0,2.0,4.0,50.0,20.0,99,2021-10-30,2.0,3.0,18.0,20,0
4,6.0,0.0,2.0,7.5,8.5,2.0,3.0,2.0,3.0,4.0,4.0,1.0,1.0,1.0,1.0,4.0,3.0,,0,2.0,3.0,2.0,4.0,20.0,20.0,99,2021-11-10,2.0,3.0,16.0,20,0
1,6.0,3.0,4.0,8.0,8.0,3.0,3.0,1.0,1.0,4.0,1.0,1.0,1.0,3.0,1.0,3.0,1.0,4.0,1,4.0,3.0,4.0,2.0,60.0,90.0,100,2021-10-13,2.0,1.0,17.0,20,0
2,7.0,3.0,3.0,7.0,10.0,3.0,1.0,2.0,1.0,4.0,1.0,1.0,1.0,3.0,1.0,3.0,1.0,1.0,0,3.0,3.0,3.0,3.0,60.0,70.0,100,2021-10-20,2.0,1.0,13.0,20,0
3,5.0,0.0,3.0,5.0,,4.0,1.0,2.0,1.0,4.0,1.0,1.0,1.0,1.0,1.0,1.0,1.0,1.0,0,3.0,3.0,2.0,3.0,60.0,40.0,100,2021-11-12,2.0,1.0,10.0,20,0
4,4.0,0.0,2.0,7.0,,4.0,1.0,1.0,1.0,4.0,1.0,1.0,1.0,1.0,1.0,3.0,1.0,1.0,0,2.0,4.0,2.0,2.0,40.0,60.0,100,2021-11-12,2.0,1.0,12.0,20,0
1,7.0,0.0,7.0,7.0,8.0,3.0,1.0,1.0,1.0,1.0,1.0,1.0,1.0,3.0,1.0,1.0,1.0,1.0,0,3.0,3.0,3.0,2.0,30.0,30.0,101,2021-10-04,2.0,2.0,15.0,20,0
2,7.0,2.0,7.0,6.0,9.0,3.0,1.0,2.0,1.0,1.0,1.0,1.0,1.0,1.0,1.0,1.0,1.0,1.0,0,3.0,3.0,3.0,2.0,30.0,30.0,101,2021-10-15,2.0,2.0,9.0,20,0
3,7.0,0.0,7.0,6.0,9.0,3.0,3.0,2.0,1.0,1.0,1.0,1.0,1.0,1.0,1.0,1.0,1.0,1.0,0,3.0,3.0,3.0,2.0,30.0,30.0,101,2021-10-19,2.0,2.0,12.0,20,0
4,7.0,0.0,7.0,5.0,,5.0,1.0,2.0,1.0,1.0,1.0,1.0,1.0,1.0,1.0,1.0,1.0,1.0,0,3.0,3.0,3.0,2.0,30.0,30.0,101,2021-10-31,2.0,2.0,15.0,20,0
