id,n_weekday_nights_total,n_weekend_nights_total,main_weekday_flag,main_weekend_flag,D_weekday,D_weekend
1,11,6,True,True,1.128787878787878,3.075
2,11,5,True,True,2.47121212121212,3.576666666666667
3,8,4,False,True,2.78125,5.758333333333333
4,9,4,False,False,-0.1870370370370375,2.145833333333334
6,0,1,False,False,,5.3
9,16,7,True,True,-0.4187499999999993,0.2333333333333342
11,19,8,True,True,-0.4552631578947377,-0.3604166666666675
12,17,6,True,True,0.707843137254903,0.0944444444444432
13,16,8,True,True,0.453125,0.2833333333333332
14,18,6,True,True,-0.458333333333333,0.3833333333333328
16,17,8,True,True,0.1274509803921564,-0.3854166666666678
18,14,4,True,True,0.2309523809523801,-1.0791666666666655
19,18,8,True,True,-0.0296296296296292,0.635416666666667
20,15,6,True,True,-1.311111111111111,-1.1722222222222216
21,15,4,True,True,0.8866666666666676,-4.170833333333333
23,19,8,True,True,-1.2473684210526308,1.3520833333333329
24,17,6,True,True,-0.9715686274509814,2.811111111111111
25,8,3,False,False,2.8354166666666663,2.338888888888889
26,16,8,True,True,-1.036458333333334,1.6520833333333336
28,4,0,False,False,0.9458333333333327,
29,16,7,True,True,0.442708333333333,1.0142857142857142
30,15,6,True,True,-0.655555555555555,1.272222222222222
34,15,5,True,True,0.384444444444445,1.8066666666666664
35,19,8,True,True,-1.7942982456140353,2.0
36,12,7,True,True,-0.2236111111111114,0.21904761904762
40,13,7,True,True,0.0096153846153859,4.145238095238095
41,16,6,True,True,-0.8979166666666671,-1.3166666666666682
44,19,8,True,True,-1.390350877192982,-1.8458333333333328
45,9,3,False,False,0.9759259259259254,1.7333333333333334
49,15,7,True,True,0.4199999999999999,2.6000000000000005
52,11,4,True,False,0.7530303030303029,1.7166666666666668
55,17,8,True,True,-0.6107843137254898,1.7062499999999998
56,10,2,True,False,-0.625,1.625
58,16,6,True,True,-0.7802083333333325,1.0388888888888888
59,13,6,True,True,-0.2249999999999996,2.2250000000000005
61,17,8,True,True,0.9186274509803924,-0.6583333333333332
62,16,7,True,True,-0.6802083333333329,0.3476190476190472
66,15,7,True,True,-1.4322222222222225,-1.4428571428571422
67,14,4,True,False,-2.1047619047619053,-0.9249999999999988
69,19,8,True,True,0.0807017543859656,1.1083333333333334
71,15,8,True,True,-0.2266666666666656,-0.8854166666666661
72,14,8,True,True,0.3821428571428571,0.8416666666666668
73,14,7,True,True,-0.2976190476190492,-0.0547619047619045
74,15,7,True,True,1.4955555555555549,1.3809523809523814
78,10,5,True,True,0.7466666666666661,2.1500000000000004
79,13,5,True,True,-0.9102564102564096,0.0433333333333338
80,2,2,False,False,1.7249999999999996,3.3583333333333334
82,19,6,True,True,-1.0131578947368425,1.158333333333334
84,20,8,True,True,0.3174999999999999,1.568749999999998
89,19,8,True,True,-0.7359649122807017,0.2062499999999998
90,19,7,True,True,-0.1978070175438597,1.0357142857142856
92,1,2,False,False,4.358333333333333,5.608333333333333
93,3,3,False,False,1.033333333333334,5.4944444444444445
94,11,5,True,True,-0.1393939393939396,2.0200000000000005
98,1,0,False,False,6.383333333333333,
99,0,0,False,False,,
100,14,6,True,False,-0.78095238095238,
101,1,0,False,False,4.416666666666667,
