id,week,match_quality,w_sleep_score,w_awake_sleep,w_weekday_sleep_hr,w_weekend_sleep_hr,w_weekday_sleep_hr_pure,w_weekend_sleep_hr_pure,walk_days_10min,walk_time_10min,eligible_session_count,pedometer_record_days,n_empty_record_in_window,n_low_step_in_window,main_analysis_flag,sensitivity_full_flag,sensitivity_loose_flag,night_ratio_weekday,night_ratio_weekend
1,1,2,72.5,29.5,5.583333333333333,,5.091666666666667,,3,24.666666666666668,4,7,0,0,True,True,True,0.4,0.0
1,2,4,57.0,41.75,2.941666666666667,4.516666666666667,2.0583333333333336,4.008333333333333,4,18.25,5,7,0,0,True,True,True,0.4,1.0
1,3,6,60.361111111666666,51.66666666666666,7.179166666666666,6.583333333333333,6.4,5.558333333333334,1,26.0,2,7,0,0,True,True,True,0.8,1.0
1,4,5,60.3,63.0,6.272222222222222,7.425000000000001,5.349999999999999,6.183333333333334,2,20.5,2,7,0,0,True,True,True,0.6,1.0
2,1,4,80.0,28.5,5.222222222222222,6.5,4.888888888888888,5.6,7,24.714285714285715,11,6,0,0,True,False,True,0.6,0.5
2,2,4,80.625,25.75,2.966666666666667,5.6,2.65,5.058333333333334,1,27.0,2,6,0,0,True,False,True,0.4,1.0
2,3,3,58.5,33.0,4.033333333333333,1.4666666666666666,3.3916666666666666,1.1,4,64.0,6,7,0,0,True,True,True,0.4,0.5
2,4,5,67.5,34.8,5.7250000000000005,6.7,5.166666666666666,6.033333333333333,3,50.66666666666666,5,7,0,0,True,True,True,0.8,0.5
3,1,1,74.0,3.0,2.333333333333333,,2.283333333333333,,3,41.66666666666666,7,7,0,1,True,True,True,0.2,0.0
3,2,3,50.222222223333326,21.0,3.3916666666666666,1.9,2.8833333333333333,1.8666666666666667,4,28.75,7,7,0,0,True,True,True,0.4,0.5
3,3,5,55.8,29.0,7.216666666666666,3.333333333333333,6.772222222222222,2.7916666666666665,3,27.0,6,7,0,0,True,True,True,0.6,1.0
3,4,3,52.0,12.333333333333334,2.4916666666666667,0.4,2.208333333333333,0.35,3,26.0,3,7,0,0,True,True,True,0.4,0.5
4,2,2,71.75,41.5,5.9833333333333325,,5.291666666666666,,5,64.0,11,7,0,0,True,True,True,0.4,0.0
4,3,5,77.9,46.2,7.555555555555554,8.141666666666666,6.838888888888889,7.291666666666667,7,113.0,28,7,0,0,True,True,True,0.6,1.0
4,4,6,72.66666666666667,28.83333333333333,6.7625,2.9,6.175000000000001,2.6333333333333333,5,97.8,16,7,0,0,True,True,True,0.8,1.0
6,1,0,,,,,,,7,169.85714285714286,20,7,0,0,True,True,True,0.0,0.0
6,2,0,,,,,,,5,38.4,9,7,0,0,True,True,True,0.0,0.0
6,3,1,53.0,21.0,,2.45,,2.1,7,31.285714285714285,13,7,0,0,True,True,True,0.0,0.5
6,4,0,,,,,,,5,41.0,11,7,0,0,True,True,True,0.0,0.0
9,1,6,68.0,34.666666666666664,7.183333333333333,6.833333333333333,6.609999999999999,6.233333333333333,4,23.75,6,7,0,0,True,True,True,1.0,0.5
9,2,6,60.833333333333336,42.16666666666666,4.870833333333334,10.8,4.445833333333333,9.541666666666668,5,35.8,8,7,0,0,True,True,True,0.8,1.0
9,3,6,66.41666666666667,43.5,6.641666666666668,8.675,6.054166666666667,7.675000000000001,5,22.2,8,7,0,0,True,True,True,0.8,1.0
9,4,7,57.04761904714286,36.57142857142857,4.68,11.291666666666666,4.193333333333333,10.375,4,14.5,4,7,0,0,True,True,True,1.0,1.0
11,1,7,73.0,50.57142857142857,7.823333333333332,8.858333333333334,7.043333333333334,7.858333333333334,0,,0,7,0,0,True,True,True,1.0,1.0
11,2,7,61.642857142857146,62.57142857142857,8.733333333333333,7.116666666666667,7.51,6.525,3,54.333333333333336,8,7,0,0,True,True,True,1.0,1.0
11,3,7,66.52380952428571,62.57142857142857,8.620000000000001,8.183333333333334,7.510000000000001,7.308333333333334,1,15.0,1,7,0,0,True,True,True,1.0,1.0
11,4,7,64.78571428571429,72.14285714285714,8.716666666666665,9.283333333333331,7.513333333333334,8.083333333333334,2,12.0,2,7,0,0,True,True,True,1.0,1.0
12,1,6,66.41666666666667,40.16666666666666,4.804166666666667,8.858333333333334,4.2875000000000005,7.883333333333333,3,29.0,5,7,0,0,True,True,True,0.8,1.0
12,2,5,61.0,35.2,4.4375,8.633333333333333,3.9625,7.6,2,40.0,2,7,0,0,True,True,True,0.8,0.5
12,3,7,64.04761904714286,76.85714285714286,7.006666666666666,9.275,5.846666666666666,7.691666666666666,3,40.333333333333336,6,7,0,0,True,True,True,1.0,1.0
12,4,6,67.66666666666667,46.66666666666666,6.5,7.033333333333333,5.779999999999999,5.966666666666667,5,29.0,6,7,0,0,True,True,True,1.0,0.5
13,1,7,61.97619047571429,61.85714285714285,7.463333333333333,8.283333333333333,6.506666666666666,7.066666666666666,7,50.57142857142857,20,7,0,0,True,True,True,1.0,1.0
13,2,6,62.083333333333336,56.66666666666666,5.879166666666666,7.483333333333333,5.004166666666666,6.4,4,39.5,8,7,0,0,True,True,True,0.8,1.0
13,3,6,70.41666666666667,59.16666666666666,6.545833333333333,8.825,5.616666666666666,7.725,5,51.6,13,7,0,0,True,True,True,0.8,1.0
13,4,6,63.333333333333336,49.16666666666666,5.8375,6.275,5.054166666666667,5.383333333333333,7,35.285714285714285,16,7,0,0,True,True,True,0.8,1.0
14,1,6,68.36111111166666,49.833333333333336,7.1875,7.983333333333333,6.454166666666667,6.958333333333334,7,50.85714285714285,18,7,0,0,True,True,True,0.8,1.0
14,2,6,76.66666666666667,39.5,6.909999999999999,7.333333333333333,6.293333333333334,6.466666666666667,6,39.333333333333336,11,7,0,0,True,True,True,1.0,0.5
14,3,6,73.66666666666667,40.833333333333336,6.623333333333332,7.883333333333334,5.92,7.316666666666666,5,36.0,9,7,0,0,True,True,True,1.0,0.5
14,4,7,72.14285714285714,40.285714285714285,6.460000000000001,7.258333333333333,5.776666666666666,6.616666666666667,7,57.71428571428572,21,7,0,0,True,True,True,1.0,1.0
16,1,6,78.58333333333333,32.666666666666664,8.954166666666667,8.875,8.408333333333333,8.333333333333332,4,40.25,7,7,0,0,True,True,True,0.8,1.0
16,2,7,72.14285714285714,30.142857142857142,7.473333333333334,9.566666666666666,7.06,8.841666666666667,3,132.0,3,7,0,0,True,True,True,1.0,1.0
16,3,7,77.71428571428571,43.285714285714285,9.433333333333334,8.991666666666667,8.65,8.425,4,133.25,5,7,0,0,True,True,True,1.0,1.0
16,4,6,79.75,44.16666666666666,8.708333333333334,9.108333333333334,7.920833333333333,8.475,6,98.66666666666669,11,7,0,0,True,True,True,0.8,1.0
18,1,6,59.611111111666666,47.66666666666666,4.973333333333334,7.8,4.266666666666667,6.566666666666666,3,17.666666666666668,3,7,0,0,True,True,True,1.0,0.5
18,2,7,55.85714285714285,49.142857142857146,4.7,6.416666666666666,4.073333333333333,5.116666666666666,1,27.0,1,3,0,0,False,False,False,1.0,1.0
18,3,2,52.5,48.5,3.6166666666666663,7.883333333333334,3.15,6.733333333333333,0,,0,0,0,0,False,False,False,0.2,0.5
18,4,6,50.91666666666666,49.833333333333336,4.746666666666667,10.6,4.096666666666667,8.866666666666667,0,,0,0,0,0,False,False,False,1.0,0.5
19,1,6,75.66666666666667,25.166666666666668,6.029166666666667,6.933333333333334,5.620833333333334,6.491666666666667,5,28.4,10,7,0,0,True,True,True,0.8,1.0
19,2,7,71.85714285714286,31.285714285714285,5.776666666666666,5.075,5.2700000000000005,4.516666666666667,7,31.714285714285715,12,7,0,0,True,True,True,1.0,1.0
19,3,7,68.85714285714286,31.285714285714285,5.776666666666666,8.058333333333334,5.326666666666666,7.358333333333333,6,39.333333333333336,15,7,0,0,True,True,True,1.0,1.0
19,4,7,71.35714285714286,33.285714285714285,6.736666666666667,5.391666666666667,6.17,4.866666666666667,4,24.0,6,7,0,0,True,True,True,1.0,1.0
20,1,5,54.7,62.0,5.016666666666667,7.800000000000001,4.4,6.141666666666667,1,26.0,2,7,0,0,True,True,True,0.6,1.0
20,2,4,64.75,66.0,8.477777777777778,6.683333333333334,7.172222222222222,6.2,1,26.0,2,7,0,0,True,True,True,0.6,0.5
20,3,6,73.77777777833333,38.333333333333336,5.796666666666667,8.316666666666666,5.136666666666666,7.783333333333333,0,,0,7,0,0,True,True,True,1.0,0.5
20,4,6,67.55555555666666,47.333333333333336,9.1125,6.966666666666667,8.2125,6.4,1,20.0,1,7,0,0,True,True,True,0.8,1.0
21,1,3,68.0,25.0,6.455555555555556,,6.038888888888889,,2,11.0,2,7,0,0,True,True,True,0.6,0.0
21,2,6,75.16666666666667,35.833333333333336,6.487500000000001,9.683333333333334,6.0125,8.841666666666667,1,11.0,1,7,0,0,True,True,True,0.8,1.0
21,3,5,64.3,34.0,6.283333333333333,5.766666666666667,5.670833333333333,5.383333333333334,3,169.0,3,7,0,0,True,True,True,0.8,0.5
21,4,5,66.2,9.6,3.4375,4.55,3.2375,4.55,2,13.0,2,7,0,0,True,True,True,0.8,0.5
23,1,6,71.77777777833333,16.333333333333332,5.291666666666667,5.641666666666667,4.991666666666667,5.425000000000001,6,27.5,11,7,0,0,True,True,True,0.8,1.0
23,2,7,62.46190476142857,23.0,5.33,7.475,5.026666666666666,6.891666666666668,6,25.166666666666668,10,7,0,0,True,True,True,1.0,1.0
23,3,7,67.41666666714285,25.857142857142858,7.05,5.191666666666666,6.6,4.808333333333334,6,25.5,10,7,0,0,True,True,True,1.0,1.0
23,4,7,59.14523809571429,41.71428571428572,7.126666666666667,7.283333333333333,6.493333333333334,6.433333333333334,6,23.33333333333333,9,7,0,0,True,True,True,1.0,1.0
24,1,7,56.285714285714285,49.285714285714285,6.886666666666668,7.6,5.953333333333333,7.058333333333334,4,28.0,6,7,0,0,True,True,True,1.0,1.0
24,2,6,56.611111111666666,36.66666666666666,7.08,1.2666666666666666,6.380000000000001,1.1,1,13.0,1,7,0,0,True,True,True,1.0,0.5
24,3,6,58.75,40.66666666666666,8.836666666666666,9.216666666666669,8.22,8.233333333333333,1,14.0,1,7,0,0,True,True,True,1.0,0.5
24,4,7,57.95238095285714,27.428571428571427,5.546666666666667,6.475,5.226666666666667,5.675,3,18.33333333333333,3,7,0,0,True,True,True,1.0,1.0
25,1,1,89.0,8.0,0.35,,0.2166666666666666,,4,66.75,8,7,0,0,True,True,True,0.2,0.0
25,2,2,72.0,35.0,6.633333333333334,6.333333333333333,5.916666666666667,5.883333333333334,5,27.4,7,7,0,0,True,True,True,0.2,0.5
25,3,5,62.7,24.4,4.027777777777778,4.2,3.605555555555556,3.816666666666667,4,44.0,10,7,0,0,True,True,True,0.6,1.0
25,4,3,72.5,42.66666666666666,5.416666666666667,,4.705555555555555,,3,39.66666666666666,5,7,0,0,True,True,True,0.6,0.0
26,1,6,67.16666666666667,74.16666666666667,8.4375,9.075,7.35,7.541666666666667,5,50.8,9,7,0,0,True,True,True,0.8,1.0
26,2,6,69.58333333333333,56.66666666666666,7.933333333333334,9.008333333333333,7.0875,7.866666666666666,4,49.0,6,7,0,0,True,True,True,0.8,1.0
26,3,7,67.19047619,56.142857142857146,8.629999999999999,8.775,7.703333333333333,7.816666666666666,6,47.16666666666666,10,7,0,0,True,True,True,1.0,1.0
26,4,7,60.85714285714285,60.285714285714285,8.11,7.533333333333333,7.093333333333334,6.558333333333334,6,47.66666666666666,9,7,0,0,True,True,True,1.0,1.0
28,1,4,72.25,39.25,7.054166666666667,,6.4,,3,15.0,3,7,0,0,True,True,True,0.8,0.0
28,2,0,,,,,,,0,,0,7,0,0,True,True,True,0.0,0.0
28,3,0,,,,,,,1,24.0,2,7,0,0,True,True,True,0.0,0.0
28,4,2,28.0,,,,,,0,,0,7,0,0,True,True,True,0.0,0.0
29,1,6,66.0,50.16666666666666,6.945833333333333,8.766666666666667,6.158333333333333,7.833333333333333,0,,0,6,0,0,True,False,True,0.8,1.0
29,2,6,70.25,44.66666666666666,5.763333333333334,7.783333333333333,5.046666666666667,6.9,3,23.666666666666668,5,7,0,0,True,True,True,1.0,0.5
29,3,6,60.0,40.6,6.183333333333334,4.725,5.388888888888888,4.225,3,23.0,3,7,0,0,True,True,True,0.6,1.0
29,4,6,69.83333333333333,49.0,6.441666666666667,7.066666666666666,5.658333333333333,6.183333333333334,3,31.666666666666668,4,7,0,0,True,True,True,0.8,1.0
30,1,5,64.433333334,31.2,5.76111111111111,6.458333333333334,5.255555555555556,5.916666666666667,4,25.25,7,6,0,0,True,False,True,0.6,1.0
30,2,5,66.3,25.8,5.629166666666666,0.4333333333333333,5.1125,0.35,5,19.0,6,7,0,0,True,True,True,0.8,0.5
30,3,4,60.0416666675,20.75,4.255555555555556,7.333333333333333,4.011111111111111,6.683333333333334,4,48.0,11,7,0,0,True,True,True,0.6,0.5
30,4,7,56.0,33.142857142857146,6.453333333333333,3.841666666666667,5.910000000000001,3.2666666666666666,3,39.0,8,7,0,0,True,True,True,1.0,1.0
34,1,4,67.5,60.5,7.966666666666668,6.95,6.822222222222223,6.35,3,43.0,5,7,0,0,True,True,True,0.6,0.5
34,2,7,64.85714285714286,43.42857142857143,5.6,6.658333333333333,4.993333333333334,5.641666666666667,5,29.8,8,7,0,0,True,True,True,1.0,1.0
34,3,5,61.1,52.0,6.237500000000001,6.1,5.370833333333334,5.233333333333333,6,30.33333333333333,10,7,0,0,True,True,True,0.8,0.5
34,4,5,56.6,55.0,6.804166666666665,9.6,5.979166666666667,8.316666666666666,5,33.2,9,7,0,0,True,True,True,0.8,0.5
35,1,6,65.66666666666667,25.666666666666668,7.125,7.366666666666667,6.695833333333333,6.941666666666666,3,43.66666666666666,5,6,0,0,True,False,True,0.8,1.0
35,2,7,57.42857142857143,38.0,6.993333333333332,8.7,6.526666666666666,7.65,5,40.0,8,7,0,0,True,True,True,1.0,1.0
35,3,7,61.35714285714285,26.285714285714285,7.890000000000001,7.675000000000001,7.470000000000001,7.191666666666666,2,35.0,2,7,0,0,True,True,True,1.0,1.0
35,4,7,62.85714285714285,27.142857142857142,6.659999999999999,7.258333333333333,6.193333333333333,6.841666666666667,3,64.0,5,7,0,0,True,True,True,1.0,1.0
36,1,5,59.5,64.8,6.76111111111111,7.325,5.733333333333333,6.166666666666667,1,17.0,1,7,0,0,True,True,True,0.6,1.0
36,2,6,64.91666666666667,45.833333333333336,5.479166666666667,7.483333333333333,4.804166666666666,6.541666666666666,4,22.5,6,7,0,0,True,True,True,0.8,1.0
36,3,3,64.83333333333333,45.0,7.883333333333334,4.85,6.816666666666666,4.258333333333333,3,22.666666666666668,4,7,0,0,True,True,True,0.2,1.0
36,4,5,59.7,54.6,5.4,9.9,4.616666666666667,8.483333333333333,2,14.0,2,7,0,0,True,True,True,0.8,0.5
40,1,5,66.2,32.8,6.294444444444444,1.15,5.477777777777778,1.0083333333333333,3,26.0,5,7,0,0,True,True,True,0.6,1.0
40,2,5,68.766666666,56.8,7.572222222222223,9.175,6.561111111111111,8.325,3,24.0,4,6,0,0,True,False,True,0.6,1.0
40,3,7,64.38095238142857,45.16666666666666,8.908333333333333,4.541666666666667,8.008333333333333,4.083333333333333,6,37.5,14,7,0,0,True,True,True,0.8,1.0
40,4,4,65.125,59.75,7.2555555555555555,6.0,6.211111111111111,5.15,4,21.25,6,7,0,0,True,True,True,0.6,0.5
41,1,7,71.92857142857143,39.285714285714285,7.243333333333334,8.166666666666668,6.593333333333334,7.5,3,41.0,5,7,0,0,True,True,True,1.0,1.0
41,2,7,67.28571428571429,46.142857142857146,7.196666666666667,8.816666666666666,6.496666666666667,7.875,2,33.5,3,7,0,0,True,True,True,1.0,1.0
41,3,5,63.9,58.0,8.386666666666667,,7.420000000000002,,2,12.5,2,7,0,0,True,True,True,1.0,0.0
41,4,6,61.5,41.333333333333336,8.120833333333334,7.966666666666667,7.3916666666666675,7.358333333333333,3,23.666666666666668,4,7,0,0,True,True,True,0.8,1.0
44,1,7,74.78571428571429,52.85714285714285,8.07,9.075,7.253333333333333,8.033333333333333,2,32.5,4,7,0,0,True,True,True,1.0,1.0
44,2,7,71.42857142857143,62.71428571428572,6.726666666666667,9.766666666666666,5.846666666666667,8.308333333333334,6,40.5,12,7,0,0,True,True,True,1.0,1.0
44,3,7,70.26190476142857,45.285714285714285,7.173333333333334,7.858333333333333,6.516666666666668,6.858333333333333,7,33.142857142857146,15,7,0,0,True,True,True,1.0,1.0
44,4,7,71.92857142857143,54.0,7.733333333333332,9.683333333333334,6.933333333333333,8.533333333333333,4,32.75,8,7,0,0,True,True,True,1.0,1.0
45,1,6,63.083333333333336,40.0,6.558333333333334,4.066666666666666,5.762500000000001,3.658333333333333,2,78.5,3,7,0,0,True,True,True,0.8,1.0
45,2,4,61.375,53.0,6.991666666666667,7.666666666666667,6.208333333333333,6.583333333333333,5,43.2,9,7,0,0,True,True,True,0.4,0.5
45,3,2,67.25,19.0,3.441666666666667,,3.125,,6,49.833333333333336,14,7,0,0,True,True,True,0.4,0.0
45,4,2,69.5,5.0,0.2583333333333333,,0.175,,6,79.16666666666667,20,7,0,0,True,True,True,0.4,0.0
49,1,7,78.71428571428571,34.142857142857146,6.716666666666667,5.491666666666667,6.180000000000001,4.841666666666667,1,11.0,1,7,0,2,True,True,True,1.0,1.0
49,2,6,70.75,27.5,5.253333333333333,5.266666666666667,4.796666666666667,4.8,0,,0,7,0,7,True,True,True,1.0,0.5
49,3,5,65.7,23.0,4.705555555555556,3.858333333333333,4.288888888888889,3.5250000000000004,1,25.0,2,7,0,3,True,True,True,0.6,1.0
49,4,5,76.5,34.6,6.711111111111111,4.291666666666666,6.194444444444444,3.625,0,,0,6,0,0,True,False,True,0.6,1.0
52,1,6,62.41666666666666,32.5,5.391666666666667,6.800000000000001,4.895833333333333,6.166666666666666,2,60.5,4,7,0,0,True,True,True,0.8,1.0
52,2,5,64.6,21.8,3.0444444444444443,5.266666666666667,2.65,4.95,4,33.5,8,7,0,0,True,True,True,0.6,1.0
52,3,4,63.75,36.25,6.066666666666666,,5.4625,,3,36.66666666666666,7,7,0,0,True,True,True,0.8,0.0
52,4,0,,,,,,,3,25.666666666666668,5,7,0,0,True,True,True,0.0,0.0
55,1,5,72.1,34.4,6.522222222222221,5.991666666666667,6.0,5.341666666666667,0,,0,5,0,0,False,False,True,0.6,1.0
55,2,7,67.54761904714286,44.57142857142857,7.426666666666667,7.058333333333334,6.696666666666667,6.283333333333333,3,35.0,3,7,0,0,True,True,True,1.0,1.0
55,3,7,71.14285714285714,41.57142857142857,7.176666666666667,6.733333333333333,6.4833333333333325,6.041666666666666,0,,0,7,0,0,True,True,True,1.0,1.0
55,4,7,63.71428571428572,41.0,7.073333333333332,5.391666666666667,6.376666666666667,4.741666666666667,0,,0,7,0,0,True,True,True,1.0,1.0
56,1,5,74.46666666600001,47.4,7.275,4.783333333333333,6.433333333333334,4.2,6,43.16666666666666,15,7,0,0,True,True,True,0.8,0.5
56,2,5,70.9,57.4,7.466666666666667,10.966666666666669,6.583333333333333,9.716666666666669,3,64.33333333333333,8,7,0,0,True,True,True,0.8,0.5
56,3,2,72.75,52.0,9.35,,8.483333333333334,,0,,0,7,0,2,True,True,True,0.4,0.0
56,4,1,64.0,26.0,8.0,,7.566666666666666,,1,12.0,1,7,0,2,True,True,True,0.2,0.0
58,1,5,70.6,21.0,5.027777777777778,4.258333333333333,4.644444444444445,3.958333333333333,4,42.75,10,7,0,0,True,True,True,0.6,1.0
58,2,7,73.23809523714286,32.142857142857146,6.286666666666667,7.283333333333333,5.83,6.55,4,30.5,8,7,0,0,True,True,True,1.0,1.0
58,3,4,71.375,24.0,5.6000000000000005,5.233333333333333,5.222222222222222,4.766666666666667,4,63.75,9,7,0,0,True,True,True,0.6,0.5
58,4,6,71.41666666666667,36.5,7.433333333333333,8.95,6.8,8.466666666666667,7,35.285714285714285,14,7,0,0,True,True,True,1.0,0.5
59,1,6,67.33333333333333,39.66666666666666,5.75,6.0,5.0875,5.341666666666667,7,52.142857142857146,15,7,0,0,True,True,True,0.8,1.0
59,2,5,68.6,32.2,5.404166666666667,0.6833333333333333,4.766666666666668,0.55,7,32.857142857142854,14,7,0,0,True,True,True,0.8,0.5
59,3,6,76.08333333333333,31.666666666666668,6.129166666666666,6.416666666666666,5.6375,5.816666666666666,7,32.57142857142857,15,7,0,0,True,True,True,0.8,1.0
59,4,3,83.16666666666667,29.33333333333333,6.341666666666667,0.8833333333333333,5.65,0.8,4,28.25,8,7,0,0,True,True,True,0.4,0.5
61,1,5,66.566666666,39.4,4.6,7.15,4.166666666666667,6.158333333333333,3,47.0,7,6,0,0,True,False,True,0.6,1.0
61,2,7,68.47619047571429,48.285714285714285,5.839999999999999,6.766666666666667,5.086666666666668,5.833333333333334,3,20.33333333333333,4,7,0,0,True,True,True,1.0,1.0
61,3,7,67.54761904714286,37.57142857142857,5.446666666666667,7.266666666666667,4.796666666666667,6.699999999999999,5,34.0,10,7,0,0,True,True,True,1.0,1.0
61,4,7,69.28571428571429,32.42857142857143,4.286666666666666,6.45,3.830000000000001,5.7,5,19.6,6,7,0,0,True,True,True,1.0,1.0
62,1,7,65.07142857142857,42.285714285714285,5.823333333333333,7.975,5.236666666666667,6.975,4,29.75,5,7,0,0,True,True,True,1.0,1.0
62,2,6,61.66666666666666,30.33333333333333,5.241666666666667,5.408333333333333,4.754166666666666,4.866666666666667,1,26.0,2,7,0,0,True,True,True,0.8,1.0
62,3,5,59.2,41.2,7.275,6.466666666666667,6.570833333333334,5.85,1,49.0,1,7,0,0,True,True,True,0.8,0.5
62,4,6,62.52777777833333,44.66666666666666,7.6875,8.416666666666668,6.916666666666666,7.725,5,73.6,13,7,0,0,True,True,True,0.8,1.0
66,1,4,64.5,13.25,4.833333333333333,1.45,4.5888888888888895,1.3,5,36.0,10,7,0,0,True,True,True,0.6,0.5
66,2,6,69.33333333333333,28.0,6.416666666666666,6.991666666666666,5.954166666666667,6.516666666666667,2,19.5,2,7,0,0,True,True,True,0.8,1.0
66,3,5,66.5,25.4,6.711111111111111,6.933333333333334,6.294444444444444,6.5,5,30.6,9,7,0,0,True,True,True,0.6,1.0
66,4,7,75.64285714285714,23.0,5.736666666666666,7.9,5.37,7.475,4,88.75,18,7,0,0,True,True,True,1.0,1.0
67,1,4,64.0,30.0,4.179166666666667,,3.6791666666666663,,3,18.666666666666668,4,7,0,0,True,True,True,0.8,0.0
67,2,4,64.0,30.0,4.179166666666667,,3.6791666666666663,,3,18.666666666666668,4,7,0,0,True,True,True,0.8,0.0
67,3,7,58.142857142857146,57.71428571428572,6.58,10.65,5.83,9.158333333333331,2,30.0,4,7,0,0,True,True,True,1.0,1.0
67,4,7,60.21428571428572,49.42857142857143,6.82,6.7,6.09,5.641666666666667,2,12.0,2,7,0,1,True,True,True,1.0,1.0
69,1,6,73.66666666666667,13.833333333333334,4.375,6.25,4.2125,5.883333333333333,5,23.6,8,7,0,0,True,True,True,0.8,1.0
69,2,7,64.90476190428572,15.142857142857142,5.1066666666666665,6.45,4.883333333333333,6.125,7,50.0,19,7,0,0,True,True,True,1.0,1.0
69,3,7,60.57142857142857,21.857142857142858,4.456666666666667,4.391666666666667,4.136666666666667,3.916666666666667,5,21.8,8,7,0,0,True,True,True,1.0,1.0
69,4,7,64.83333333285715,24.571428571428573,4.68,5.475,4.26,5.091666666666667,6,20.5,9,7,0,0,True,True,True,1.0,1.0
71,1,6,71.66666666666667,30.83333333333333,6.0,5.008333333333333,5.5,4.466666666666667,6,71.16666666666667,21,7,0,0,True,True,True,0.8,1.0
71,2,6,77.08333333333333,35.0,5.491666666666666,7.175000000000001,5.020833333333333,6.366666666666667,6,49.833333333333336,13,7,0,0,True,True,True,0.8,1.0
71,3,6,78.58333333333333,45.5,6.404166666666667,7.258333333333333,5.708333333333334,6.375,6,39.333333333333336,11,7,0,0,True,True,True,0.8,1.0
71,4,7,68.92857142857143,28.142857142857142,5.363333333333333,5.1,4.859999999999999,4.716666666666667,6,56.5,15,7,0,0,True,True,True,1.0,1.0
72,1,4,56.25,65.5,6.783333333333333,8.15,5.666666666666667,7.083333333333334,3,31.0,5,7,0,1,True,True,True,0.4,1.0
72,2,7,49.35714285714285,73.42857142857143,6.703333333333333,7.75,5.476666666666667,6.533333333333333,1,89.0,3,7,0,0,True,True,True,1.0,1.0
72,3,6,61.0,51.0,7.024999999999999,7.166666666666666,6.1125,6.441666666666666,0,,0,7,0,0,True,True,True,0.8,1.0
72,4,6,64.25,51.0,6.3875,9.566666666666666,5.654166666666666,8.483333333333334,6,30.83333333333333,12,7,0,0,True,True,True,0.8,1.0
73,1,4,68.125,26.25,3.991666666666667,5.558333333333334,3.5666666666666664,5.108333333333333,6,31.666666666666668,11,7,0,0,True,True,True,0.4,1.0
73,2,6,58.805555555000005,60.5,6.056666666666667,6.083333333333333,5.043333333333334,5.1,2,34.5,4,7,0,0,True,True,True,1.0,0.5
73,3,5,67.666666666,59.4,6.51111111111111,7.066666666666666,5.661111111111111,5.866666666666667,6,27.666666666666668,9,7,0,0,True,True,True,0.6,1.0
73,4,6,64.83333333333333,44.16666666666666,4.966666666666667,7.275,4.5125,5.975,6,54.833333333333336,13,7,0,0,True,True,True,0.8,1.0
74,1,6,66.80555555666666,53.833333333333336,4.354166666666667,9.75,3.841666666666667,8.083333333333334,6,36.0,13,7,0,0,True,True,True,0.8,1.0
74,2,5,59.4,35.2,4.525,3.7666666666666666,3.895833333333334,3.35,7,53.42857142857143,22,7,0,0,True,True,True,0.8,0.5
74,3,6,73.08333333333333,46.5,6.870833333333334,7.366666666666667,6.058333333333334,6.666666666666667,5,63.8,14,7,0,0,True,True,True,0.8,1.0
74,4,6,69.83333333333333,29.0,4.120833333333334,5.916666666666667,3.75,5.208333333333334,7,65.71428571428571,23,7,0,0,True,True,True,0.8,1.0
78,1,2,68.5,39.0,8.375,,7.725,,5,35.0,11,5,0,0,False,False,True,0.4,0.0
78,2,6,55.111111111666666,23.83333333333333,2.470833333333333,5.375,2.0541666666666667,5.016666666666667,5,42.8,10,7,0,0,True,True,True,0.8,1.0
78,3,4,67.875,50.0,7.061111111111111,8.666666666666666,6.216666666666666,7.866666666666666,5,45.4,14,7,0,0,True,True,True,0.6,0.5
78,4,4,66.75,36.0,7.65,5.541666666666667,6.991666666666667,5.0,4,53.25,15,7,0,0,True,True,True,0.4,1.0
79,1,6,71.41666666666667,50.0,7.591666666666668,7.85,6.866666666666667,6.800000000000001,0,,0,7,0,0,True,True,True,0.8,1.0
79,2,7,73.07142857142857,42.285714285714285,7.633333333333333,6.85,6.95,6.091666666666667,0,,0,7,0,0,True,True,True,1.0,1.0
79,3,7,77.0,47.57142857142857,7.646666666666666,6.9833333333333325,6.836666666666668,6.233333333333333,1,11.0,1,7,0,0,True,True,True,1.0,1.0
79,4,1,29.0,31.0,1.4166666666666667,,0.9,,4,33.25,8,7,0,0,True,True,True,0.2,0.0
80,1,3,49.0,39.333333333333336,2.7750000000000004,3.4833333333333334,2.1416666666666666,2.783333333333333,3,15.666666666666666,3,7,0,0,True,True,True,0.4,0.5
80,2,1,47.0,20.0,,3.3,,2.966666666666667,3,64.66666666666667,9,7,0,0,True,True,True,0.0,0.5
80,3,3,49.0,39.333333333333336,2.7750000000000004,3.4833333333333334,2.1416666666666666,2.783333333333333,3,15.666666666666666,3,7,0,0,True,True,True,0.4,0.5
80,4,3,49.0,39.333333333333336,2.7750000000000004,3.4833333333333334,2.1416666666666666,2.783333333333333,3,15.666666666666666,3,7,0,0,True,True,True,0.4,0.5
82,1,7,50.46428571428572,91.85714285714286,8.206666666666667,7.083333333333333,6.756666666666666,5.35,7,40.57142857142857,17,7,0,0,True,True,True,1.0,1.0
82,2,7,63.33333333285714,52.0,5.926666666666667,5.8,5.126666666666667,4.766666666666667,7,30.428571428571427,14,7,0,0,True,True,True,1.0,1.0
82,3,7,67.69047619,62.85714285714285,6.510000000000001,6.641666666666667,5.516666666666667,5.458333333333334,7,35.142857142857146,16,7,0,0,True,True,True,1.0,1.0
82,4,5,76.0,48.2,6.3500000000000005,,5.546666666666667,,6,54.833333333333336,19,7,0,0,True,True,True,1.0,0.0
84,1,7,72.26190476142857,34.857142857142854,6.936666666666667,8.891666666666667,6.463333333333334,8.041666666666666,7,23.857142857142858,11,7,0,0,True,True,True,1.0,1.0
84,2,7,80.64285714285714,36.85714285714285,6.796666666666667,8.791666666666668,6.226666666666667,8.066666666666666,6,22.33333333333333,9,7,0,0,True,True,True,1.0,1.0
84,3,7,76.02380952428572,26.857142857142858,5.81,7.625,5.356666666666667,7.191666666666666,6,17.833333333333332,7,7,0,0,True,True,True,1.0,1.0
84,4,7,69.71428571428571,38.71428571428572,6.186666666666666,11.916666666666668,5.743333333333333,10.766666666666666,5,19.2,6,7,0,0,True,True,True,1.0,1.0
89,1,7,59.79761904714286,23.0,5.543333333333334,7.4,5.216666666666667,6.875,3,24.0,4,7,0,0,True,True,True,1.0,1.0
89,2,7,60.0,26.571428571428573,7.24,5.533333333333333,6.7,5.333333333333333,6,32.166666666666664,11,7,0,0,True,True,True,1.0,1.0
89,3,7,53.04761904714286,27.428571428571427,5.58,7.983333333333333,5.196666666666667,7.341666666666667,7,51.0,16,7,0,0,True,True,True,1.0,1.0
89,4,6,51.66666666666666,21.83333333333333,4.291666666666667,5.258333333333333,3.958333333333333,4.833333333333334,7,37.142857142857146,17,7,0,0,True,True,True,0.8,1.0
90,1,7,69.07142857142857,53.42857142857143,6.5600000000000005,6.975,5.79,5.783333333333333,0,,0,7,0,0,True,True,True,1.0,1.0
90,2,6,71.16666666666667,46.16666666666666,6.253333333333334,8.85,5.506666666666666,7.966666666666667,3,20.0,3,7,0,0,True,True,True,1.0,0.5
90,3,7,67.78571428571429,37.85714285714285,6.163333333333334,3.875,5.473333333333334,3.3916666666666666,5,19.4,6,7,0,0,True,True,True,1.0,1.0
90,4,7,75.0,45.71428571428572,6.36,7.35,5.593333333333334,6.6,5,24.0,7,7,0,0,True,True,True,1.0,1.0
92,1,1,37.0,23.0,,1.95,,1.5666666666666669,1,14.0,1,7,0,0,True,True,True,0.0,0.5
92,2,0,,,,,,,3,22.33333333333333,4,7,0,0,True,True,True,0.0,0.0
92,3,1,43.0,22.0,,2.333333333333333,,1.9666666666666663,4,13.25,4,7,0,0,True,True,True,0.0,0.5
92,4,1,31.0,9.0,1.0166666666666666,,0.8666666666666667,,2,14.5,2,7,0,0,True,True,True,0.2,0.0
93,1,2,64.5,31.0,5.533333333333333,6.1,5.033333333333333,5.566666666666666,3,22.33333333333333,3,7,0,0,True,True,True,0.2,0.5
93,2,2,55.0,23.5,1.1333333333333333,1.0166666666666666,0.6166666666666667,0.75,5,34.4,10,7,0,0,True,True,True,0.2,0.5
93,3,2,59.0,21.5,1.1333333333333333,0.4,0.6166666666666667,0.2,5,38.8,12,7,0,0,True,True,True,0.2,0.5
93,4,1,74.0,44.0,7.483333333333333,,6.75,,5,37.8,12,7,0,0,True,True,True,0.2,0.0
94,1,3,61.55555555666666,67.66666666666667,6.824999999999999,6.583333333333333,5.733333333333333,5.383333333333334,5,59.0,16,7,0,0,True,True,True,0.4,0.5
94,2,7,61.642857142857146,43.285714285714285,5.946666666666667,4.7333333333333325,5.3,3.825,6,36.333333333333336,13,7,0,0,True,True,True,1.0,1.0
94,3,3,78.33333333333333,36.333333333333336,5.9944444444444445,,5.388888888888888,,6,39.833333333333336,12,7,0,0,True,True,True,0.6,0.0
94,4,5,60.8,45.6,5.633333333333333,3.8,4.783333333333333,3.175,6,60.16666666666666,18,7,0,0,True,True,True,0.6,1.0
98,1,0,,,,,,,2,11.5,2,4,0,0,False,False,True,0.0,0.0
98,2,0,,,,,,,2,14.0,2,7,0,1,True,True,True,0.0,0.0
98,3,0,,,,,,,1,17.0,1,7,0,0,True,True,True,0.0,0.0
98,4,1,61.0,10.0,2.1166666666666667,,1.95,,4,41.25,11,7,0,0,True,True,True,0.2,0.0
99,1,0,,,,,,,0,,0,0,0,0,False,False,False,0.0,0.0
99,2,0,,,,,,,0,,0,0,0,0,False,False,False,0.0,0.0
99,3,0,,,,,,,0,,0,0,0,0,False,False,False,0.0,0.0
99,4,0,,,,,,,4,25.75,8,7,0,0,True,True,True,0.0,0.0
100,1,7,77.78571428571429,40.85714285714285,7.773333333333332,7.275,7.123333333333333,6.516666666666668,4,56.25,12,7,0,0,True,True,True,1.0,1.0
100,2,6,56.583333333333336,52.66666666666666,8.079166666666666,5.158333333333333,7.033333333333334,4.616666666666667,6,26.33333333333333,10,7,0,0,True,True,True,0.8,1.0
100,3,7,75.85714285714286,44.85714285714285,6.85,9.108333333333334,6.156666666666666,8.225,4,20.75,6,7,0,0,True,True,True,1.0,1.0
100,4,7,75.85714285714286,44.85714285714285,6.85,9.108333333333334,6.156666666666666,8.225,4,20.75,6,7,0,0,True,True,True,1.0,1.0
101,1,0,,,,,,,0,,0,0,0,0,False,False,False,0.0,0.0
101,2,0,,,,,,,0,,0,0,0,0,False,False,False,0.0,0.0
101,3,0,,,,,,,0,,0,0,0,0,False,False,False,0.0,0.0
101,4,1,46.0,14.0,1.5833333333333333,,1.35,,1,38.0,2,0,0,0,False,False,False,0.2,0.0
