id,survey_date,q1-1,q1-2,q2,q3,q4,q5,q6,q6-1-1,q6-1-2,q6-1-3,q6-1-4,q6-2-1,q6-2-2,q6-2-3,q6-2-4,q6-3-1,q6-3-2,q6-3-3,q6-3-4,q7,q7-1,q7-2,q8-1,q8-2,q9,mq1,mq2,mq3,mq4,wearable_coverage,w_mean_steps,w_mean_hr,w_mean_sleep_minutes,w_mean_sleep_score,w_sleep_nights_n,w_bedtime_raw,w_waketime_raw,s_bedtime_raw,s_waketime_raw,survey_dur_calc,survey_dur_q1,internal_inconsistency,D_bedtime_hr,D_waketime_hr,absGap_bedtime,absGap_waketime
S001,2022-09-04,5,0,03:00,08:00,1,1,2,요가(또는 필라테스),2,1,-1,0,,,,0,,,,2,1,20,0,30,5,2,2,2,2,1.0,7466.142857142857,71.59884998321249,469.6,80.2,5,28.855319292272217,550.896838238447,180.0,480.0,5.0,5.0,0.0,2.5190780117954623,-1.1816139706407833,2.1927374378508073,1.2136906337462032
S001,2022-09-10,6,0,02:00,08:10,2,2,2,요가(또는 필라테스),2,1,-1,0,,,,0,,,,2,2,30,0,30,5,2,3,2,2,1.0,8502.857142857143,69.0332064451291,423.1428571428572,79.71428571428571,7,48.63582281655016,522.5226215103024,120.0,490.0,6.166666666666667,6.0,0.16666666666666696,1.1894029530574963,-0.5420436918383739,1.0353186251665953,0.5567582714925808
S001,2022-09-17,5,30,02:37,08:10,3,1,2,요가(또는 필라테스),2,1,-1,0,,,,0,,,,2,2,30,0,30,8,2,4,2,2,1.0,7569.0,70.43010537653798,449.5,79.33333333333333,6,32.95126771008138,543.3864479082534,157.0,490.0,5.55,5.5,0.04999999999999982,2.067478871498643,-0.889774131804224,1.7996418936900742,0.9139283697998395
S001,2022-09-24,6,0,01:30,08:00,3,2,2,요가(또는 필라테스),2,1,-1,0,,,,0,,,,2,2,30,0,30,15,2,2,2,1,1.0,8527.0,76.9088957655587,454.3333333333333,81.5,6,7.2646640102077376,505.848500691272,90.0,480.0,6.5,6.0,0.5,1.3789222664965375,-0.43080834485453273,1.2002861616333895,0.442503276096255
S001,2022-10-01,6,0,02:29,08:20,4,2,1,-1,-1,-1,-1,-1,-1.0,-1.0,-1.0,-1,-1.0,-1.0,-1.0,1,-1,-1,1,0,20,2,2,3,2,1.0,9036.714285714286,74.4449270996599,407.57142857142856,74.0,7,75.32814404875093,517.6652483559731,149.0,500.0,5.85,6.0,0.15000000000000036,1.2278642658541514,-0.2944208059328844,1.0687973662310717,0.30241329522108557
S001,2022-10-08,4,0,03:00,07:50,4,3,2,요가(또는 필라테스),3,1,-1,0,,,,0,,,,2,2,60,0,30,15,3,2,2,3,1.0,7195.571428571428,69.12812321001954,395.3333333333333,78.5,6,83.79798420879237,534.4791605960696,180.0,470.0,4.833333333333333,4.0,0.833333333333333,1.60336692985346,-1.0746526766011604,1.3956545518793784,1.103825716798019
S001,2022-10-17,5,0,02:30,08:00,3,3,2,요가(또는 필라테스),3,1,-1,0,,,,0,,,,2,2,60,1,0,20,3,2,2,2,1.0,8759.57142857143,71.81766427156914,485.5,81.5,6,1436.7599958518874,553.0529235892964,150.0,480.0,5.5,5.0,0.5,2.5540000691352094,-1.2175487264882727,2.2231354255975453,1.2506008918183915
S001,2022-10-22,4,0,02:40,07:40,3,3,2,요가(또는 필라테스),2,1,-1,0,,,,0,,,,2,1,30,0,30,10,3,2,4,4,1.0,6800.0,70.14385052925476,385.2,77.8,5,89.10549841277954,517.6169278254251,160.0,460.0,5.0,4.0,1.0,1.1815750264536746,-0.9602821304237523,1.0285047878639888,0.9863504125777399
S001,2022-10-29,4,0,03:47,08:40,1,1,2,요가(또는 필라테스),2,1,-1,0,,,,0,,,,2,1,30,0,30,5,2,2,3,2,1.0,6399.142857142857,66.96527146361105,436.3333333333333,79.16666666666667,6,51.3514416802516,545.2042079433786,227.0,520.0,4.883333333333334,4.0,0.8833333333333337,2.927475971995807,-0.4200701323896434,2.548228412199366,0.4314735589334279
S001,2022-11-05,5,0,02:44,08:00,1,3,2,요가(또는 필라테스),3,1,-1,0,,,,0,,,,2,1,30,0,40,10,2,3,2,2,1.0,9381.285714285714,73.52358659932236,450.8,79.0,5,1383.6507786909954,433.22560426558726,164.0,480.0,5.266666666666667,5.0,0.2666666666666666,3.672487021816744,0.7795732622402132,3.196725049820585,0.8007359342466315
S004,2022-09-04,6,0,05:00,12:00,4,4,1,-1,-1,-1,-1,-1,-1.0,-1.0,-1.0,-1,-1.0,-1.0,-1.0,1,-1,-1,0,30,3,2,2,2,2,0.7142857142857143,5251.4,85.88297916909946,,,0,,,300.0,720.0,7.0,6.0,1.0,,,,
S004,2022-09-10,6,0,05:00,00:00,4,4,1,-1,-1,-1,-1,-1,-1.0,-1.0,-1.0,-1,-1.0,-1.0,-1.0,1,-1,-1,0,20,3,2,3,2,2,0.4285714285714285,2855.333333333333,98.65175011467484,,,0,,,,,19.0,6.0,13.0,,,,
S004,2022-09-20,12,0,05:35,15:35,4,4,1,-1,-1,-1,-1,-1,-1.0,-1.0,-1.0,-1,-1.0,-1.0,-1.0,1,-1,-1,0,10,2,1,4,4,4,1.0,3520.1428571428573,84.3284718364355,,,0,,,335.0,935.0,10.0,12.0,2.0,,,,
S004,2022-09-25,15,0,03:00,10:00,4,4,1,-1,-1,-1,-1,-1,-1.0,-1.0,-1.0,-1,-1.0,-1.0,-1.0,1,-1,-1,0,20,3,2,2,3,2,1.0,4604.0,87.20824144717895,,,0,,,,,7.0,15.0,8.0,,,,
S004,2022-10-02,9,0,03:10,00:05,4,4,1,-1,-1,-1,-1,-1,-1.0,-1.0,-1.0,-1,-1.0,-1.0,-1.0,1,-1,-1,0,20,3,2,2,2,2,1.0,7691.714285714285,89.56520609191658,,,0,,,,,20.916666666666668,9.0,11.916666666666668,,,,
S004,2022-10-09,10,0,02:28,12:28,3,3,1,-1,-1,-1,-1,-1,-1.0,-1.0,-1.0,-1,-1.0,-1.0,-1.0,1,-1,-1,0,20,3,2,2,2,2,1.0,4344.142857142857,88.60945840880302,,,0,,,148.0,748.0,10.0,10.0,0.0,,,,
S004,2022-10-15,10,0,23:09,23:09,4,4,1,-1,-1,-1,-1,-1,-1.0,-1.0,-1.0,-1,-1.0,-1.0,-1.0,1,-1,-1,0,20,3,2,2,2,2,0.8571428571428571,2610.0,83.51026990484775,,,0,,,,,0.0,10.0,10.0,,,,
S004,2022-10-22,5,0,04:49,22:49,4,4,1,-1,-1,-1,-1,-1,-1.0,-1.0,-1.0,-1,-1.0,-1.0,-1.0,1,-1,-1,0,10,3,3,1,1,1,1.0,9513.142857142857,91.80178280802402,,,0,,,,,18.0,5.0,13.0,,,,
S004,2022-10-30,5,0,02:46,14:46,4,4,1,-1,-1,-1,-1,-1,-1.0,-1.0,-1.0,-1,-1.0,-1.0,-1.0,1,-1,-1,0,30,3,2,2,2,2,1.0,11096.857142857143,90.74490786190628,,,0,,,,,12.0,5.0,7.0,,,,
S004,2022-11-06,10,0,23:00,11:00,2,3,1,-1,-1,-1,-1,-1,-1.0,-1.0,-1.0,-1,-1.0,-1.0,-1.0,1,-1,-1,0,30,10,3,2,2,2,1.0,5740.571428571428,93.62449436278858,,,0,,,1380.0,660.0,12.0,10.0,2.0,,,,
S006,2022-09-03,8,0,02:30,10:30,2,2,2,헬스,3,2,-1,경보,4.0,1.0,0.0,달리기,3.0,0.0,30.0,2,5,60,1,30,10,2,3,3,3,0.0,,,,,0,,,150.0,630.0,8.0,8.0,0.0,,,,
S006,2022-09-10,10,0,03:00,13:00,2,2,2,헬스,4,2,-1,경보,3.0,2.0,0.0,달리기,3.0,2.0,0.0,2,5,60,1,0,10,2,3,2,2,0.0,,,,,0,,,180.0,780.0,10.0,10.0,0.0,,,,
S006,2022-09-19,10,0,03:00,13:00,2,2,2,헬스,3,1,-1,달리기,3.0,0.0,30.0,경보,5.0,1.0,0.0,2,5,60,1,0,10,2,3,2,2,0.0,,,,,0,,,180.0,780.0,10.0,10.0,0.0,,,,
S006,2022-09-24,7,0,03:00,10:00,2,2,2,헬스,3,1,-1,경보,3.0,1.0,0.0,달리기,3.0,0.0,30.0,2,5,60,1,0,10,2,3,2,2,0.0,,,,,0,,,180.0,600.0,7.0,7.0,0.0,,,,
S006,2022-10-01,7,0,03:00,10:00,2,2,2,헬스,3,1,-1,경보,3.0,0.0,30.0,달리기,3.0,0.0,30.0,1,-1,-1,1,0,10,1,3,2,1,0.0,,,,,0,,,180.0,600.0,7.0,7.0,0.0,,,,
S006,2022-10-08,8,0,03:00,13:30,2,2,2,헬스,3,1,-1,달리기,3.0,0.0,30.0,경보,5.0,0.0,30.0,2,7,60,1,0,10,2,3,2,2,0.0,,,,,0,,,180.0,810.0,10.5,8.0,2.5,,,,
S006,2022-10-15,10,0,03:00,11:00,2,2,1,-1,-1,-1,-1,-1,-1.0,-1.0,-1.0,-1,-1.0,-1.0,-1.0,2,3,60,1,0,10,2,3,2,2,0.0,,,,,0,,,180.0,660.0,8.0,10.0,2.0,,,,
S006,2022-10-22,9,0,03:30,13:00,2,3,2,헬스,3,1,-1,달리기,3.0,0.0,30.0,0,,,,2,5,60,1,0,10,2,2,3,2,0.0,,,,,0,,,210.0,780.0,9.5,9.0,0.5,,,,
S006,2022-10-29,5,0,05:00,10:00,2,2,2,헬스,2,1,-1,0,,,,0,,,,1,-1,-1,1,0,15,2,2,3,3,0.0,,,,,0,,,300.0,600.0,5.0,5.0,0.0,,,,
S006,2022-11-05,5,0,04:30,09:30,4,4,2,헬스,5,1,-1,0,,,,0,,,,1,-1,-1,1,0,5,2,3,3,2,0.0,,,,,0,,,270.0,570.0,5.0,5.0,0.0,,,,
S006,2022-11-12,5,0,05:00,10:00,4,1,1,-1,-1,-1,-1,-1,-1.0,-1.0,-1.0,-1,-1.0,-1.0,-1.0,1,-1,-1,1,30,10,2,2,3,2,0.0,,,,,0,,,300.0,600.0,5.0,5.0,0.0,,,,
S007,2022-09-03,7,0,02:00,08:00,3,3,2,달리기,1,2,-1,0,,,,0,,,,2,1,60,0,30,6,1,1,4,4,0.0,,,,,0,,,120.0,480.0,6.0,7.0,1.0,,,,
S007,2022-09-10,7,0,02:00,09:00,3,3,2,달리기,1,2,-1,경보,2.0,0.0,30.0,0,,,,2,2,30,0,30,6,1,4,4,4,0.0,,,,,0,,,120.0,540.0,7.0,7.0,0.0,,,,
S007,2022-09-17,7,0,03:00,10:00,2,2,2,달리기,1,2,-1,경보,3.0,1.0,0.0,0,,,,2,3,60,1,0,6,1,4,4,4,0.0,,,,,0,,,180.0,600.0,7.0,7.0,0.0,,,,
S007,2022-09-24,7,0,02:00,09:00,1,1,2,달리기,1,2,-1,경보,3.0,1.0,0.0,0,,,,2,3,60,1,0,6,1,4,4,4,0.0,,,,,0,,,120.0,540.0,7.0,7.0,0.0,,,,
S007,2022-10-01,7,0,02:30,09:30,1,1,1,-1,-1,-1,-1,-1,-1.0,-1.0,-1.0,-1,-1.0,-1.0,-1.0,2,3,60,1,0,6,1,2,2,2,0.0,,,,,0,,,150.0,570.0,7.0,7.0,0.0,,,,
S007,2022-10-08,7,0,03:00,10:00,3,3,2,달리기,1,2,-1,경보,3.0,2.0,0.0,0,,,,2,3,120,1,0,6,1,4,4,4,1.0,11403.0,86.97860442738745,,,0,,,180.0,600.0,7.0,7.0,0.0,,,,
S007,2022-10-15,5,0,05:00,10:00,1,1,1,-1,-1,-1,-1,-1,-1.0,-1.0,-1.0,-1,-1.0,-1.0,-1.0,1,-1,-1,1,0,6,1,4,4,4,0.8571428571428571,8656.5,83.8214028894085,,,0,,,300.0,600.0,5.0,5.0,0.0,,,,
S007,2022-10-22,6,0,05:00,11:00,4,4,1,-1,-1,-1,-1,-1,-1.0,-1.0,-1.0,-1,-1.0,-1.0,-1.0,1,-1,-1,1,0,6,1,4,4,4,0.5714285714285714,7056.0,89.23641756195501,,,0,,,300.0,660.0,6.0,6.0,0.0,,,,
S007,2022-10-29,5,0,04:30,09:30,4,4,2,달리기,1,2,-1,0,,,,0,,,,1,-1,-1,1,30,6,3,1,1,4,0.0,,,,,0,,,270.0,570.0,5.0,5.0,0.0,,,,
S007,2022-11-05,6,0,04:00,11:00,4,4,2,달리기,1,2,-1,0,,,,0,,,,1,-1,-1,1,0,6,1,1,4,4,0.0,,,,,0,,,240.0,660.0,7.0,6.0,1.0,,,,
S008,2022-09-03,7,20,00:30,19:20,1,1,1,-1,-1,-1,-1,-1,-1.0,-1.0,-1.0,-1,-1.0,-1.0,-1.0,1,-1,-1,0,30,10,1,4,2,2,0.7142857142857143,12888.2,84.27349894771571,,,0,,,,,18.833333333333332,7.333333333333333,11.5,,,,
S008,2022-09-10,8,0,00:30,09:00,1,1,1,-1,-1,-1,-1,-1,-1.0,-1.0,-1.0,-1,-1.0,-1.0,-1.0,1,-1,-1,0,50,15,1,4,1,1,0.8571428571428571,11712.333333333334,92.82833630766584,,,0,,,30.0,540.0,8.5,8.0,0.5,,,,
S008,2022-09-19,7,0,12:14,09:04,1,1,1,-1,-1,-1,-1,-1,-1.0,-1.0,-1.0,-1,-1.0,-1.0,-1.0,1,-1,-1,0,30,15,1,4,2,2,0.4285714285714285,6819.333333333333,89.8754311428155,,,0,,,,,20.833333333333332,7.0,13.833333333333332,,,,
S008,2022-09-25,7,0,00:30,21:00,1,1,1,-1,-1,-1,-1,-1,-1.0,-1.0,-1.0,-1,-1.0,-1.0,-1.0,1,-1,-1,0,30,15,1,4,2,2,0.0,,,,,0,,,,,20.5,7.0,13.5,,,,
S008,2022-10-04,8,0,00:30,08:30,1,1,1,-1,-1,-1,-1,-1,-1.0,-1.0,-1.0,-1,-1.0,-1.0,-1.0,1,-1,-1,0,30,9,1,4,2,2,0.8571428571428571,8748.0,87.13072918469392,352.3333333333333,68.33333333333333,3,226.33389649624533,646.4149790362087,30.0,510.0,8.0,8.0,0.0,-3.272231608270755,-2.273582983936812,2.848321774544802,2.3353027648720417
S008,2022-10-08,8,0,00:30,09:00,1,1,1,-1,-1,-1,-1,-1,-1.0,-1.0,-1.0,-1,-1.0,-1.0,-1.0,1,-1,-1,0,30,12,1,4,2,2,1.0,9537.857142857143,80.23416713638014,386.2,72.0,5,154.71704432459086,618.8913705030411,30.0,540.0,8.5,8.0,0.5,-2.0786174054098487,-1.3148561750506853,1.8093374569856562,1.3505498953410013
S008,2022-10-15,8,0,03:00,11:00,1,1,1,-1,-1,-1,-1,-1,-1.0,-1.0,-1.0,-1,-1.0,-1.0,-1.0,1,-1,-1,0,30,12,1,3,2,2,1.0,7802.142857142857,74.8882992623585,398.8333333333333,76.5,6,130.0443844785862,600.6241426687552,180.0,660.0,8.0,8.0,0.0,0.8325935920235641,0.9895976221874131,0.7247330694786699,1.0164617168287589
S008,2022-10-23,8,0,01:00,21:00,1,1,1,-1,-1,-1,-1,-1,-1.0,-1.0,-1.0,-1,-1.0,-1.0,-1.0,1,-1,-1,0,30,15,1,4,2,2,0.0,,,,,0,,,,,20.0,8.0,12.0,,,,
S008,2022-10-29,8,0,02:00,10:00,1,1,1,-1,-1,-1,-1,-1,-1.0,-1.0,-1.0,-1,-1.0,-1.0,-1.0,1,-1,-1,0,30,15,1,4,2,1,0.2857142857142857,14767.5,84.14910790070338,395.0,73.0,1,129.0,602.0,120.0,600.0,8.0,8.0,0.0,-0.15,-0.03333333333333333,0.13056785623053865,0.034238216086991166
S008,2022-11-09,8,0,13:29,10:00,1,1,1,-1,-1,-1,-1,-1,-1.0,-1.0,-1.0,-1,-1.0,-1.0,-1.0,1,-1,-1,0,15,9,1,4,1,1,1.0,9241.0,80.30839720302609,411.1428571428572,77.71428571428571,7,114.82637591220298,587.8521523603729,,,20.516666666666666,8.0,12.516666666666666,,,,
S008,2022-11-15,8,0,02:00,22:00,1,1,1,-1,-1,-1,-1,-1,-1.0,-1.0,-1.0,-1,-1.0,-1.0,-1.0,1,-1,-1,0,30,9,1,4,1,1,1.0,11338.57142857143,84.74448789316486,415.57142857142856,74.42857142857143,7,84.86815503699623,584.0522359366802,,,20.0,8.0,12.0,,,,
S012,2022-09-03,8,0,03:28,12:28,3,2,1,-1,-1,-1,-1,-1,-1.0,-1.0,-1.0,-1,-1.0,-1.0,-1.0,1,-1,-1,2,0,6,1,4,2,1,0.7142857142857143,7651.6,84.59980532558605,546.0,86.0,1,339.0,933.0,208.0,748.0,9.0,8.0,1.0,-2.183333333333333,-3.0833333333333335,1.9004876851333958,3.167034988046683
S012,2022-09-10,7,0,03:00,12:00,3,3,1,-1,-1,-1,-1,-1,-1.0,-1.0,-1.0,-1,-1.0,-1.0,-1.0,1,-1,-1,0,30,5,2,4,2,1,1.0,9420.42857142857,81.81073359001891,368.0,76.33333333333333,6,199.82680573090627,620.4135627975139,180.0,720.0,9.0,7.0,2.0,-0.3304467621817707,1.659773953374768,0.2876381689093096,1.7048309781361473
S012,2022-09-17,5,0,03:18,08:26,2,3,1,-1,-1,-1,-1,-1,-1.0,-1.0,-1.0,-1,-1.0,-1.0,-1.0,1,-1,-1,0,30,5,2,3,2,1,1.0,8198.714285714286,77.04268001888052,289.0,74.33333333333333,3,78.94477158352254,411.3308752211811,198.0,506.0,5.133333333333334,5.0,0.13333333333333375,1.984253806941291,1.5778187463136495,1.7271984385973966,1.6206509754717668
S012,2022-09-24,7,0,00:00,07:00,1,4,1,-1,-1,-1,-1,-1,-1.0,-1.0,-1.0,-1,-1.0,-1.0,-1.0,1,-1,-1,0,30,5,2,2,3,1,0.8571428571428571,7618.333333333333,79.51190767411619,424.0,79.5,2,19.5,499.5,0.0,420.0,7.0,7.0,0.0,-0.325,-1.325,0.2828970218328338,1.3609690894578987
S012,2022-10-01,6,0,01:00,07:00,2,4,1,-1,-1,-1,-1,-1,-1.0,-1.0,-1.0,-1,-1.0,-1.0,-1.0,1,-1,-1,1,0,5,1,3,3,1,0.8571428571428571,7017.666666666667,82.53923346780476,331.0,75.0,2,204.0,574.0,60.0,420.0,6.0,6.0,0.0,-2.4,-2.566666666666667,2.0890856996886185,2.63634263869832
S012,2022-10-08,7,0,02:06,09:07,2,4,1,-1,-1,-1,-1,-1,-1.0,-1.0,-1.0,-1,-1.0,-1.0,-1.0,1,-1,-1,0,30,5,1,3,3,1,0.5714285714285714,4904.0,78.89009945515208,,,0,,,126.0,547.0,7.016666666666667,7.0,0.016666666666666607,,,,
S012,2022-10-15,8,0,03:00,11:00,1,1,1,-1,-1,-1,-1,-1,-1.0,-1.0,-1.0,-1,-1.0,-1.0,-1.0,1,-1,-1,0,20,3,2,3,2,2,0.2857142857142857,1285.5,72.47051020408163,,,0,,,180.0,660.0,8.0,8.0,0.0,,,,
S012,2022-10-23,7,0,03:17,10:54,2,4,1,-1,-1,-1,-1,-1,-1.0,-1.0,-1.0,-1,-1.0,-1.0,-1.0,1,-1,-1,0,20,2,2,3,2,2,0.0,,,,,0,,,197.0,654.0,7.616666666666666,7.0,0.6166666666666663,,,,
S012,2022-10-29,8,0,02:00,22:01,1,2,2,달리기,1,2,-1,0,,,,0,,,,1,-1,-1,0,30,6,2,3,3,1,0.5714285714285714,9736.25,85.68257699459409,,,0,,,,,20.016666666666666,8.0,12.016666666666666,,,,
S012,2022-11-06,5,0,04:00,09:00,1,4,1,-1,-1,-1,-1,-1,-1.0,-1.0,-1.0,-1,-1.0,-1.0,-1.0,1,-1,-1,0,30,6,2,3,3,2,0.1428571428571428,8094.0,84.00016803898504,,,0,,,240.0,540.0,5.0,5.0,0.0,,,,
S013,2022-09-03,9,0,01:00,09:10,1,1,1,-1,-1,-1,-1,-1,-1.0,-1.0,-1.0,-1,-1.0,-1.0,-1.0,1,-1,-1,0,20,2,1,4,1,1,1.0,3980.0,89.86145542454292,425.7142857142857,77.57142857142857,7,162.62268104751516,667.5367701749905,60.0,550.0,8.166666666666666,9.0,0.8333333333333339,-1.7103780174585854,-1.9589461695831745,1.488802607222709,2.012124667709171
S013,2022-09-11,9,0,01:50,09:00,1,1,1,-1,-1,-1,-1,-1,-1.0,-1.0,-1.0,-1,-1.0,-1.0,-1.0,1,-1,-1,0,40,2,1,4,1,1,1.0,6897.0,88.76077542800628,424.0,76.28571428571429,7,226.2782780112852,803.941544829678,110.0,540.0,7.166666666666667,9.0,1.833333333333333,-1.9379713001880874,-4.399025747161301,1.6869117206791218,4.5184438231063915
S013,2022-09-18,8,0,03:00,09:20,1,1,1,-1,-1,-1,-1,-1,-1.0,-1.0,-1.0,-1,-1.0,-1.0,-1.0,1,-1,-1,0,20,2,1,4,1,1,1.0,10024.285714285714,93.08632527520504,358.5,74.83333333333333,6,171.06023404670805,687.7577736910459,180.0,560.0,6.333333333333333,8.0,1.666666666666667,0.14899609922153256,-2.129296228184099,0.1296940084137876,2.187099131213473
S013,2022-09-28,8,0,02:00,09:33,1,1,1,-1,-1,-1,-1,-1,-1.0,-1.0,-1.0,-1,-1.0,-1.0,-1.0,2,1,60,0,40,2,1,4,1,1,0.7142857142857143,8798.6,83.32872716676673,425.5,79.0,2,138.5,650.5000000000001,120.0,573.0,7.55,8.0,0.4500000000000002,-0.30833333333333335,-1.2916666666666685,0.2683894822516628,1.3267308733709096
S013,2022-10-03,8,0,03:00,10:00,1,1,1,-1,-1,-1,-1,-1,-1.0,-1.0,-1.0,-1,-1.0,-1.0,-1.0,2,1,60,0,30,2,1,4,1,1,1.0,8465.714285714286,85.08972856008845,386.0,77.5,2,315.0,759.4999999999999,180.0,600.0,7.0,8.0,1.0,-2.25,-2.6583333333333314,1.9585178434580799,2.7304977329375437
S013,2022-10-19,8,0,04:00,13:20,1,1,1,-1,-1,-1,-1,-1,-1.0,-1.0,-1.0,-1,-1.0,-1.0,-1.0,2,1,30,0,30,2,1,4,1,1,1.0,7085.428571428572,88.37666946311982,404.2857142857143,78.28571428571429,7,232.1251815213716,714.0905340092088,240.0,800.0,9.333333333333334,8.0,1.333333333333334,0.13124697464380689,1.4318244331798533,0.1142442407732382,1.4706934302553638
S013,2022-10-24,8,0,03:21,13:21,1,1,1,-1,-1,-1,-1,-1,-1.0,-1.0,-1.0,-1,-1.0,-1.0,-1.0,1,-1,-1,0,30,2,1,4,1,1,1.0,5551.0,86.89936052890684,437.1666666666667,81.0,6,206.59343746830885,728.0700603394381,201.0,801.0,10.0,8.0,2.0,-0.09322395780514701,1.2154989943426984,0.08114701546629492,1.2484955166547729
S013,2022-10-28,8,0,03:30,09:30,1,1,1,-1,-1,-1,-1,-1,-1.0,-1.0,-1.0,-1,-1.0,-1.0,-1.0,1,-1,-1,0,30,2,1,4,1,1,1.0,5113.0,86.4033326678521,429.0,74.85714285714286,7,199.2526899813624,716.5989606947159,210.0,570.0,6.0,8.0,2.0,0.1791218336439594,-2.4433160115785975,0.1559170254864997,2.509643447197003
S013,2022-11-01,8,0,03:00,09:30,1,1,1,-1,-1,-1,-1,-1,-1.0,-1.0,-1.0,-1,-1.0,-1.0,-1.0,1,-1,-1,0,30,2,1,4,1,1,1.0,6630.857142857143,88.45170487066132,353.42857142857144,69.0,7,194.92719077645657,628.1400336375534,180.0,570.0,6.5,8.0,1.5,-0.24878651294094237,-0.9690005606258902,0.2165568110251334,0.9953055174937444
S013,2022-11-08,8,0,03:00,09:20,1,1,1,-1,-1,-1,-1,-1,-1.0,-1.0,-1.0,-1,-1.0,-1.0,-1.0,1,-1,-1,0,30,2,1,4,1,1,1.0,5330.428571428572,87.70072875344373,401.57142857142856,79.14285714285714,7,246.820016057756,710.9551737500005,180.0,560.0,6.333333333333333,8.0,1.666666666666667,-1.113666934295933,-2.515919562500009,0.9693940277723743,2.5842179291509075
S013,2022-11-12,7,0,03:00,09:00,1,1,1,-1,-1,-1,-1,-1,-1.0,-1.0,-1.0,-1,-1.0,-1.0,-1.0,1,-1,-1,0,30,2,1,4,1,1,1.0,7498.285714285715,88.86704539290224,411.8571428571428,75.0,7,159.83212492226053,653.2419770680425,180.0,540.0,6.0,7.0,1.0,0.33613125129565824,-1.887366284467375,0.29258624595841715,1.938601640486869
S015,2022-09-03,8,0,01:00,09:00,1,1,1,-1,-1,-1,-1,-1,-1.0,-1.0,-1.0,-1,-1.0,-1.0,-1.0,1,-1,-1,1,0,5,1,4,1,1,0.0,,,,,0,,,60.0,540.0,8.0,8.0,0.0,,,,
S015,2022-09-10,9,0,02:00,10:00,1,2,1,-1,-1,-1,-1,-1,-1.0,-1.0,-1.0,-1,-1.0,-1.0,-1.0,1,-1,-1,0,30,2,1,3,2,1,0.0,,,,,0,,,120.0,600.0,8.0,9.0,1.0,,,,
S015,2022-09-18,7,0,03:00,10:00,1,1,1,-1,-1,-1,-1,-1,-1.0,-1.0,-1.0,-1,-1.0,-1.0,-1.0,1,-1,-1,0,30,5,1,4,2,1,0.0,,,,,0,,,180.0,600.0,7.0,7.0,0.0,,,,
S015,2022-09-24,7,0,02:00,09:00,1,1,1,-1,-1,-1,-1,-1,-1.0,-1.0,-1.0,-1,-1.0,-1.0,-1.0,1,-1,-1,0,20,4,1,3,3,2,0.0,,,,,0,,,120.0,540.0,7.0,7.0,0.0,,,,
S015,2022-10-01,8,0,02:00,10:00,1,1,1,-1,-1,-1,-1,-1,-1.0,-1.0,-1.0,-1,-1.0,-1.0,-1.0,1,-1,-1,0,20,4,1,4,2,1,0.0,,,,,0,,,120.0,600.0,8.0,8.0,0.0,,,,
S015,2022-10-08,8,0,01:00,09:00,1,1,1,-1,-1,-1,-1,-1,-1.0,-1.0,-1.0,-1,-1.0,-1.0,-1.0,1,-1,-1,1,0,4,1,4,3,1,0.0,,,,,0,,,60.0,540.0,8.0,8.0,0.0,,,,
S015,2022-10-16,8,0,02:00,10:00,1,2,1,-1,-1,-1,-1,-1,-1.0,-1.0,-1.0,-1,-1.0,-1.0,-1.0,1,-1,-1,0,20,4,2,2,4,2,0.0,,,,,0,,,120.0,600.0,8.0,8.0,0.0,,,,
S015,2022-10-22,8,0,02:00,10:00,1,1,1,-1,-1,-1,-1,-1,-1.0,-1.0,-1.0,-1,-1.0,-1.0,-1.0,1,-1,-1,0,20,4,1,4,2,1,0.0,,,,,0,,,120.0,600.0,8.0,8.0,0.0,,,,
S015,2022-10-29,9,0,01:00,10:00,1,1,1,-1,-1,-1,-1,-1,-1.0,-1.0,-1.0,-1,-1.0,-1.0,-1.0,1,-1,-1,0,30,4,1,4,2,1,0.0,,,,,0,,,60.0,600.0,9.0,9.0,0.0,,,,
S015,2022-11-05,7,0,02:00,09:00,1,1,1,-1,-1,-1,-1,-1,-1.0,-1.0,-1.0,-1,-1.0,-1.0,-1.0,1,-1,-1,0,20,4,1,4,1,1,0.0,,,,,0,,,120.0,540.0,7.0,7.0,0.0,,,,
S016,2022-09-03,8,0,02:00,10:00,2,2,1,-1,-1,-1,-1,-1,-1.0,-1.0,-1.0,-1,-1.0,-1.0,-1.0,1,-1,-1,0,40,3,2,3,3,2,1.0,1423.2857142857142,96.9472818747976,,,0,,,120.0,600.0,8.0,8.0,0.0,,,,
S016,2022-09-11,8,0,00:30,09:40,2,2,1,-1,-1,-1,-1,-1,-1.0,-1.0,-1.0,-1,-1.0,-1.0,-1.0,1,-1,-1,0,30,3,2,3,2,2,0.5714285714285714,2825.75,88.98068594389088,374.5,76.75,4,123.4676876720715,568.654434883317,30.0,580.0,9.166666666666666,8.0,1.166666666666666,-1.5577947945345254,0.189092751944717,1.3559861784631029,0.19422595504701118
S016,2022-09-17,8,0,00:30,09:00,2,1,1,-1,-1,-1,-1,-1,-1.0,-1.0,-1.0,-1,-1.0,-1.0,-1.0,1,-1,-1,0,30,3,3,2,3,3,0.8571428571428571,4347.5,93.80458157527733,460.0,78.0,1,1336.0,436.0,30.0,540.0,8.5,8.0,0.5,2.2333333333333334,1.7333333333333334,1.944010303876909,1.7803872365235407
S016,2022-09-24,8,0,01:00,09:30,2,2,1,-1,-1,-1,-1,-1,-1.0,-1.0,-1.0,-1,-1.0,-1.0,-1.0,1,-1,-1,0,30,3,2,2,2,3,1.0,3433.428571428572,79.54607732696856,429.0,82.4,5,107.71191747214058,597.5349241060818,60.0,570.0,8.5,8.0,0.5,-0.7951986245356769,-0.45891540176803003,0.6921825312206424,0.4713733407414654
S016,2022-10-03,8,0,01:30,10:00,1,2,1,-1,-1,-1,-1,-1,-1.0,-1.0,-1.0,-1,-1.0,-1.0,-1.0,1,-1,-1,0,30,3,2,3,3,2,0.0,,,,,0,,,90.0,600.0,8.5,8.0,0.5,,,,
S016,2022-10-09,8,0,01:00,10:00,1,2,1,-1,-1,-1,-1,-1,-1.0,-1.0,-1.0,-1,-1.0,-1.0,-1.0,1,-1,-1,0,30,3,2,2,1,3,0.0,,,,,0,,,60.0,600.0,9.0,8.0,1.0,,,,
S016,2022-10-15,8,0,00:30,09:00,3,1,1,-1,-1,-1,-1,-1,-1.0,-1.0,-1.0,-1,-1.0,-1.0,-1.0,1,-1,-1,0,30,3,2,3,2,2,0.7142857142857143,2088.8,80.7126676579459,483.3333333333333,78.66666666666667,3,41.02649299930482,613.631573700161,30.0,540.0,8.5,8.0,0.5,-0.18377488332174607,-1.227192895002683,0.1599672836289184,1.2605068655856635
S016,2022-10-23,9,0,01:30,09:30,2,2,1,-1,-1,-1,-1,-1,-1.0,-1.0,-1.0,-1,-1.0,-1.0,-1.0,1,-1,-1,0,30,3,2,3,3,2,1.0,3814.857142857143,79.59325344689496,,,0,,,90.0,570.0,8.0,9.0,1.0,,,,
S016,2022-10-29,8,0,01:00,09:00,3,1,1,-1,-1,-1,-1,-1,-1.0,-1.0,-1.0,-1,-1.0,-1.0,-1.0,1,-1,-1,0,30,3,2,2,3,2,0.2857142857142857,2747.5,76.8978073984994,,,0,,,60.0,540.0,8.0,8.0,0.0,,,,
S016,2022-11-07,8,0,00:00,08:30,3,1,1,-1,-1,-1,-1,-1,-1.0,-1.0,-1.0,-1,-1.0,-1.0,-1.0,1,-1,-1,0,30,3,2,2,3,2,1.0,3576.714285714286,81.15186352913597,487.25,86.75,4,42.0671513819982,596.0435662831162,0.0,510.0,8.5,8.0,0.5,-0.70111918969997,-1.4340594380519367,0.6102908637414497,1.47298910764834
S016,2022-11-12,8,0,01:00,21:00,3,1,1,-1,-1,-1,-1,-1,-1.0,-1.0,-1.0,-1,-1.0,-1.0,-1.0,1,-1,-1,0,30,3,2,3,2,2,1.0,2826.1428571428573,84.35712017064328,467.0,86.33333333333333,3,118.5697431664992,649.60630277813,,,20.0,8.0,12.0,,,,
S019,2022-09-03,8,0,23:30,07:00,1,3,1,-1,-1,-1,-1,-1,-1.0,-1.0,-1.0,-1,-1.0,-1.0,-1.0,1,-1,-1,0,60,15,1,3,2,1,1.0,10147.42857142857,80.45867178438107,422.2857142857143,80.28571428571429,7,30.94277115892393,503.5416305235718,1410.0,420.0,7.5,8.0,0.5,-1.0157128526487365,-1.392360508726197,0.8841296647743369,1.4301581990628145
S019,2022-09-10,8,0,00:00,08:30,1,1,1,-1,-1,-1,-1,-1,-1.0,-1.0,-1.0,-1,-1.0,-1.0,-1.0,1,-1,-1,1,0,20,1,3,2,2,1.0,8708.57142857143,74.83447521586517,452.57142857142856,85.57142857142857,7,28.920316397889856,530.8329344067531,0.0,510.0,8.5,8.0,0.5,-0.4820052732981651,-0.34721557344588516,0.41956263484237544,0.35664125497226307
S019,2022-09-17,8,17,23:30,08:00,1,2,1,-1,-1,-1,-1,-1,-1.0,-1.0,-1.0,-1,-1.0,-1.0,-1.0,1,-1,-1,2,0,20,1,2,3,3,1.0,6232.857142857143,74.91395755008814,482.3333333333333,84.16666666666667,6,3.374446142294635,553.3957981203757,1410.0,480.0,8.5,8.283333333333333,0.21666666666666679,-0.5562407690382467,-1.2232633020062622,0.48418109840900037,1.2564705979613022
S019,2022-09-24,10,0,23:00,09:00,1,1,1,-1,-1,-1,-1,-1,-1.0,-1.0,-1.0,-1,-1.0,-1.0,-1.0,1,-1,-1,1,30,20,1,3,2,2,1.0,8178.142857142857,77.58472597116041,464.2857142857143,81.28571428571429,7,1416.0056302552048,483.62033886960336,1380.0,540.0,10.0,10.0,0.0,-0.6000938375867463,0.939661018839945,0.52235310607239,0.9651695103469294
S019,2022-10-01,7,30,08:00,00:00,1,1,1,-1,-1,-1,-1,-1,-1.0,-1.0,-1.0,-1,-1.0,-1.0,-1.0,1,-1,-1,2,0,20,1,3,2,2,1.0,8951.42857142857,81.39328910943571,460.8571428571428,82.71428571428571,7,1427.9934195646729,500.5084343223586,,,16.0,7.5,8.5,,,,
S019,2022-10-09,6,30,08:00,01:00,1,1,1,-1,-1,-1,-1,-1,-1.0,-1.0,-1.0,-1,-1.0,-1.0,-1.0,1,-1,-1,2,0,20,2,2,2,2,1.0,8606.142857142857,74.67268626534106,303.57142857142856,77.14285714285714,7,124.96002894056352,466.5975779888934,,,17.0,6.5,10.5,,,,
S019,2022-10-15,4,30,02:00,07:30,1,1,1,-1,-1,-1,-1,-1,-1.0,-1.0,-1.0,-1,-1.0,-1.0,-1.0,1,-1,-1,1,30,20,2,2,3,2,1.0,7366.0,74.57899146787993,275.8333333333333,68.16666666666667,6,156.81297312579918,473.7924212201657,120.0,450.0,5.5,4.5,1.0,-0.6135495520966534,-0.3965403536694282,0.5340656647231149,0.40730502948437347
S019,2022-10-22,6,40,08:00,00:00,1,1,1,-1,-1,-1,-1,-1,-1.0,-1.0,-1.0,-1,-1.0,-1.0,-1.0,1,-1,-1,1,30,12,2,3,2,2,1.0,6838.285714285715,78.16878625594863,345.1666666666667,77.0,6,62.48266090541755,450.7415858382512,,,16.0,6.666666666666667,9.333333333333332,,,,
S019,2022-10-30,8,0,09:00,23:30,1,1,1,-1,-1,-1,-1,-1,-1.0,-1.0,-1.0,-1,-1.0,-1.0,-1.0,1,-1,-1,1,0,10,1,3,2,2,1.0,7657.0,73.48437621590948,449.0,83.0,7,1431.032169286816,491.79114016141,,,14.5,8.0,6.5,,,,
S019,2022-11-05,9,0,09:30,23:30,1,2,1,-1,-1,-1,-1,-1,-1.0,-1.0,-1.0,-1,-1.0,-1.0,-1.0,2,3,60,1,0,20,1,3,2,2,1.0,6235.285714285715,73.75328911862643,478.7142857142857,83.28571428571429,7,9.16777712503773,556.134079215609,,,14.0,9.0,5.0,,,,
S019,2022-11-15,8,0,12:00,08:00,1,2,1,-1,-1,-1,-1,-1,-1.0,-1.0,-1.0,-1,-1.0,-1.0,-1.0,1,-1,-1,1,0,10,1,3,2,2,0.0,,,,,0,,,,,20.0,8.0,12.0,,,,
S021,2022-09-03,7,0,02:00,09:07,2,1,1,-1,-1,-1,-1,-1,-1.0,-1.0,-1.0,-1,-1.0,-1.0,-1.0,1,-1,-1,0,20,3,1,3,3,2,0.0,,,,,0,,,120.0,547.0,7.116666666666666,7.0,0.11666666666666625,,,,
S021,2022-09-10,7,0,12:00,20:00,2,2,1,-1,-1,-1,-1,-1,-1.0,-1.0,-1.0,-1,-1.0,-1.0,-1.0,1,-1,-1,0,30,3,1,3,3,3,0.0,,,,,0,,,720.0,1200.0,8.0,7.0,1.0,,,,
S021,2022-09-17,6,0,03:00,10:00,2,1,1,-1,-1,-1,-1,-1,-1.0,-1.0,-1.0,-1,-1.0,-1.0,-1.0,1,-1,-1,0,15,3,1,3,2,1,0.0,,,,,0,,,180.0,600.0,7.0,6.0,1.0,,,,
S021,2022-09-24,6,0,03:00,09:00,1,1,1,-1,-1,-1,-1,-1,-1.0,-1.0,-1.0,-1,-1.0,-1.0,-1.0,1,-1,-1,0,15,6,1,3,3,2,0.0,,,,,0,,,180.0,540.0,6.0,6.0,0.0,,,,
S021,2022-10-09,6,0,03:30,10:30,3,1,1,-1,-1,-1,-1,-1,-1.0,-1.0,-1.0,-1,-1.0,-1.0,-1.0,1,-1,-1,0,15,3,1,4,2,2,0.8571428571428571,5681.833333333333,82.98951572754848,427.1666666666667,74.0,6,173.68416711681823,690.5199941630599,210.0,630.0,7.0,6.0,1.0,0.6052638813863628,-1.0086665693843315,0.5268533829759495,1.0360483188691443
S021,2022-10-15,6,0,02:00,09:03,2,2,1,-1,-1,-1,-1,-1,-1.0,-1.0,-1.0,-1,-1.0,-1.0,-1.0,1,-1,-1,0,15,3,1,3,2,2,0.0,,,,,0,,,120.0,543.0,7.05,6.0,1.0499999999999998,,,,
S021,2022-10-22,7,0,02:00,09:00,2,1,1,-1,-1,-1,-1,-1,-1.0,-1.0,-1.0,-1,-1.0,-1.0,-1.0,1,-1,-1,0,15,3,1,3,2,2,0.0,,,,,0,,,120.0,540.0,7.0,7.0,0.0,,,,
S021,2022-10-29,0,7,02:00,09:00,1,1,1,-1,-1,-1,-1,-1,-1.0,-1.0,-1.0,-1,-1.0,-1.0,-1.0,1,-1,-1,0,15,3,1,3,2,1,0.0,,,,,0,,,,,7.0,0.11666666666666667,6.883333333333334,,,,
S021,2022-11-05,7,0,03:00,10:00,2,1,1,-1,-1,-1,-1,-1,-1.0,-1.0,-1.0,-1,-1.0,-1.0,-1.0,1,-1,-1,0,10,3,1,3,2,2,0.0,,,,,0,,,180.0,600.0,7.0,7.0,0.0,,,,
S021,2022-11-12,7,0,02:00,09:00,1,1,1,-1,-1,-1,-1,-1,-1.0,-1.0,-1.0,-1,-1.0,-1.0,-1.0,1,-1,-1,0,15,3,1,3,2,2,0.0,,,,,0,,,120.0,540.0,7.0,7.0,0.0,,,,
S026,2022-09-03,7,30,00:30,21:10,1,1,2,헬스,3,1,-1,경보,6.0,,30.0,달리기,3.0,,10.0,2,6,30,1,0,5,1,4,2,1,0.5714285714285714,8912.5,98.2645759185112,,,0,,,,,20.666666666666668,7.5,13.166666666666668,,,,
S026,2022-09-10,8,0,01:10,21:00,2,1,2,헬스,4,1,-1,경보,5.0,0.0,30.0,달리기,2.0,0.0,20.0,2,5,30,1,0,5,1,4,2,1,0.8571428571428571,1892.8333333333333,92.44994451915646,,,0,,,,,19.833333333333332,8.0,11.833333333333332,,,,
S026,2022-09-17,7,0,00:30,09:24,1,1,2,경보,4,1,-1,달리기,2.0,0.0,10.0,헬스,3.0,0.0,30.0,1,-1,-1,0,30,5,1,4,2,2,0.7142857142857143,4766.4,89.68852371521905,,,0,,,30.0,564.0,8.9,7.0,1.9000000000000004,,,,
S026,2022-09-24,8,0,00:09,21:00,1,1,1,-1,-1,-1,-1,-1,-1.0,-1.0,-1.0,-1,-1.0,-1.0,-1.0,2,3,20,0,30,5,1,4,1,1,0.8571428571428571,6104.166666666667,91.24528935388771,,,0,,,,,20.85,8.0,12.850000000000001,,,,
S026,2022-10-01,7,0,00:00,09:00,1,1,1,-1,-1,-1,-1,-1,-1.0,-1.0,-1.0,-1,-1.0,-1.0,-1.0,2,3,30,0,40,8,1,3,1,3,1.0,7010.285714285715,95.49281751677152,,,0,,,0.0,540.0,9.0,7.0,2.0,,,,
S026,2022-10-09,6,30,00:50,21:00,2,1,1,-1,-1,-1,-1,-1,-1.0,-1.0,-1.0,-1,-1.0,-1.0,-1.0,2,3,30,1,0,6,1,3,4,2,0.5714285714285714,695.25,96.03785518514104,,,0,,,,,20.166666666666668,6.5,13.666666666666668,,,,
S026,2022-10-15,8,0,02:26,09:00,2,1,1,-1,-1,-1,-1,-1,-1.0,-1.0,-1.0,-1,-1.0,-1.0,-1.0,2,5,30,1,0,7,1,3,3,1,0.0,,,,,0,,,146.0,540.0,6.566666666666666,8.0,1.4333333333333336,,,,
S030,2022-10-01,7,30,00:30,22:00,2,1,1,-1,-1,-1,-1,-1,-1.0,-1.0,-1.0,-1,-1.0,-1.0,-1.0,1,-1,-1,0,30,7,2,2,2,2,0.8571428571428571,8654.333333333334,82.91583879366384,411.5,80.0,4,115.919207777869,584.3882254293649,,,21.5,7.5,14.0,,,,
S030,2022-10-11,7,0,02:02,22:40,2,1,1,-1,-1,-1,-1,-1,-1.0,-1.0,-1.0,-1,-1.0,-1.0,-1.0,1,-1,-1,0,30,10,1,3,2,2,1.0,5098.285714285715,77.02996118836609,417.1666666666667,83.0,6,113.50275345633658,582.5104003584661,,,20.633333333333333,7.0,13.633333333333333,,,,
S030,2022-10-24,7,0,13:30,10:21,2,1,1,-1,-1,-1,-1,-1,-1.0,-1.0,-1.0,-1,-1.0,-1.0,-1.0,1,-1,-1,1,30,5,2,4,2,2,1.0,7779.428571428572,86.76303468835017,342.75,76.75,4,151.0342383254097,529.4791205522953,,,20.85,7.0,13.850000000000001,,,,
S030,2022-11-05,8,0,01:40,22:45,1,1,1,-1,-1,-1,-1,-1,-1.0,-1.0,-1.0,-1,-1.0,-1.0,-1.0,1,-1,-1,0,30,10,1,2,1,2,1.0,3602.5714285714284,80.43051479790583,442.8333333333333,81.33333333333333,6,137.91118809383028,641.0986380804907,,,21.083333333333332,8.0,13.083333333333332,,,,
S030,2022-11-12,9,0,01:20,10:40,1,1,1,-1,-1,-1,-1,-1,-1.0,-1.0,-1.0,-1,-1.0,-1.0,-1.0,1,-1,-1,0,40,10,1,3,2,1,1.0,6543.142857142857,86.90576551138012,430.5,83.0,4,140.56293296039334,625.606488486398,80.0,640.0,9.333333333333334,9.0,0.3333333333333339,-1.0093822160065562,0.23989185856003323,0.8786191470747103,0.24640407872665018
S032,2022-09-03,10,30,00:30,09:00,1,1,1,-1,-1,-1,-1,-1,-1.0,-1.0,-1.0,-1,-1.0,-1.0,-1.0,1,-1,-1,1,0,5,1,4,1,1,0.0,,,,,0,,,30.0,540.0,8.5,10.5,2.0,,,,
S032,2022-09-11,10,30,00:30,09:00,1,1,1,-1,-1,-1,-1,-1,-1.0,-1.0,-1.0,-1,-1.0,-1.0,-1.0,1,-1,-1,1,0,5,1,4,1,1,0.2857142857142857,1092.5,,,,0,,,30.0,540.0,8.5,10.5,2.0,,,,
S032,2022-09-17,10,0,00:30,09:00,1,1,1,-1,-1,-1,-1,-1,-1.0,-1.0,-1.0,-1,-1.0,-1.0,-1.0,1,-1,-1,1,0,5,1,4,1,1,1.0,6848.142857142857,88.48588782716709,,,0,,,30.0,540.0,8.5,10.0,1.5,,,,
S033,2022-09-10,6,0,00:12,06:13,1,1,1,-1,-1,-1,-1,-1,-1.0,-1.0,-1.0,-1,-1.0,-1.0,-1.0,2,1,38,0,15,3,1,2,3,2,0.5714285714285714,4594.25,92.22589433452484,368.0,81.0,1,71.0,475.0,12.0,373.0,6.016666666666667,6.0,0.016666666666666607,-0.9833333333333333,-1.7,0.8559448352890867,1.7461490204365495
S033,2022-09-17,6,0,00:10,06:10,1,1,1,-1,-1,-1,-1,-1,-1.0,-1.0,-1.0,-1,-1.0,-1.0,-1.0,1,-1,-1,0,30,3,1,1,1,4,0.0,,,,,0,,,10.0,370.0,6.0,6.0,0.0,,,,
S033,2022-09-24,6,0,00:40,06:40,1,1,1,-1,-1,-1,-1,-1,-1.0,-1.0,-1.0,-1,-1.0,-1.0,-1.0,1,-1,-1,1,0,3,1,3,4,4,0.0,,,,,0,,,40.0,400.0,6.0,6.0,0.0,,,,
S033,2022-10-07,6,0,00:04,06:04,1,1,1,-1,-1,-1,-1,-1,-1.0,-1.0,-1.0,-1,-1.0,-1.0,-1.0,2,1,30,0,15,3,1,2,4,4,0.0,,,,,0,,,4.0,364.0,6.0,6.0,0.0,,,,
S033,2022-10-08,6,0,23:02,06:02,1,1,2,요가(또는 필라테스),2,1,-1,0,,,,0,,,,1,-1,-1,0,30,3,1,2,2,4,0.0,,,,,0,,,1382.0,362.0,7.0,6.0,1.0,,,,
S033,2022-10-15,6,0,00:00,06:00,1,1,1,-1,-1,-1,-1,-1,-1.0,-1.0,-1.0,-1,-1.0,-1.0,-1.0,1,-1,-1,0,30,3,1,3,2,2,0.0,,,,,0,,,0.0,360.0,6.0,6.0,0.0,,,,
S033,2022-10-23,6,0,00:33,05:33,1,1,1,-1,-1,-1,-1,-1,-1.0,-1.0,-1.0,-1,-1.0,-1.0,-1.0,1,-1,-1,1,0,3,1,4,4,2,0.0,,,,,0,,,33.0,333.0,5.0,6.0,1.0,,,,
S033,2022-11-01,5,0,02:00,06:00,1,1,1,-1,-1,-1,-1,-1,-1.0,-1.0,-1.0,-1,-1.0,-1.0,-1.0,1,-1,-1,0,15,3,1,4,4,4,0.0,,,,,0,,,120.0,360.0,4.0,5.0,1.0,,,,
S033,2022-11-05,3,0,03:00,06:00,1,1,2,요가(또는 필라테스),2,0,-1,0,,,,0,,,,1,-1,-1,0,30,2,1,2,3,2,0.0,,,,,0,,,180.0,360.0,3.0,3.0,0.0,,,,
S033,2022-11-12,5,0,00:34,05:34,1,1,1,-1,-1,-1,-1,-1,-1.0,-1.0,-1.0,-1,-1.0,-1.0,-1.0,1,-1,-1,0,30,2,1,4,4,4,0.0,,,,,0,,,34.0,334.0,5.0,5.0,0.0,,,,
S033,2022-11-20,5,0,01:18,05:18,1,1,1,-1,-1,-1,-1,-1,-1.0,-1.0,-1.0,-1,-1.0,-1.0,-1.0,1,-1,-1,0,30,2,1,4,4,4,0.0,,,,,0,,,78.0,318.0,4.0,5.0,1.0,,,,
S040,2022-09-10,9,0,01:00,09:00,2,2,1,-1,-1,-1,-1,-1,-1.0,-1.0,-1.0,-1,-1.0,-1.0,-1.0,1,-1,-1,0,30,4,3,1,4,3,1.0,7482.428571428572,93.3590156949541,420.0,76.66666666666667,3,121.69974781123514,626.6694770608532,60.0,540.0,8.0,9.0,1.0,-1.0283291301872528,-1.444491284347553,0.8951115335197607,1.4837041418780077
S040,2022-09-17,7,0,02:00,09:30,2,2,2,자전거,3,1,-1,0,,,,0,,,,1,-1,-1,1,30,4,3,1,4,4,1.0,8690.57142857143,93.80446180453472,415.0,74.5,4,58.10031021080894,742.9013099286567,120.0,570.0,7.5,7.0,0.5,1.0316614964865172,-2.881688498810945,0.8980121996788929,2.9599162055305897
S040,2022-09-24,8,0,02:00,21:30,2,2,2,자전거,4,1,-1,0,,,,0,,,,2,2,40,1,30,4,2,2,4,4,1.0,7081.428571428572,95.9454819271008,292.0,65.5,2,223.0,563.0000000000001,,,19.5,8.0,11.5,,,,
S040,2022-10-02,8,0,02:00,09:00,2,3,2,경보,3,1,-1,0,,,,0,,,,2,2,30,0,30,4,2,2,3,4,1.0,11804.285714285714,91.37428058243472,412.0,76.0,2,194.00000000000003,686.5,120.0,540.0,7.0,8.0,1.0,-1.2333333333333334,-2.441666666666667,1.0735579290066513,2.5079493283721033
S040,2022-10-08,8,0,02:00,08:40,2,2,1,-1,-1,-1,-1,-1,-1.0,-1.0,-1.0,-1,-1.0,-1.0,-1.0,1,-1,-1,1,0,4,2,2,3,2,1.0,9095.42857142857,85.098459768092,391.0,78.0,3,155.33292682499643,604.8653092460443,120.0,520.0,6.666666666666667,8.0,1.333333333333333,-0.5888821137499406,-1.4144218207674044,0.512593834432253,1.4528183981276965
S040,2022-10-15,8,0,03:00,08:43,2,2,1,-1,-1,-1,-1,-1,-1.0,-1.0,-1.0,-1,-1.0,-1.0,-1.0,1,-1,-1,1,0,4,2,2,3,2,1.0,9671.57142857143,80.43929984563454,331.6,75.0,5,165.11405160433753,556.851537624451,180.0,523.0,5.716666666666667,8.0,2.283333333333333,0.2480991399277078,-0.56419229374085,0.21595848555334163,0.5795081300314324
S040,2022-10-22,5,0,15:00,10:00,2,2,1,-1,-1,-1,-1,-1,-1.0,-1.0,-1.0,-1,-1.0,-1.0,-1.0,1,-1,-1,1,0,4,2,3,3,3,1.0,8970.142857142857,85.42767721537307,394.75,76.75,4,188.9785117115644,651.745478916685,,,19.0,5.0,14.0,,,,
S040,2022-10-30,8,0,02:10,09:25,2,2,2,기타,2,2,-1,0,,,,0,,,,1,-1,-1,1,0,4,2,2,2,2,1.0,9709.0,92.46982805841546,387.5,76.5,4,141.76566011949842,591.4996478360837,130.0,565.0,7.25,8.0,0.75,-0.19609433532497367,-0.44166079726806134,0.170690779882228,0.45365033442050046
S040,2022-11-12,6,0,02:00,08:30,2,2,2,기타,1,2,-1,0,,,,0,,,,1,-1,-1,1,0,4,2,1,4,2,1.0,10744.857142857143,94.90726931289797,386.0,73.66666666666667,3,103.74726370582684,547.7164719909802,120.0,510.0,6.5,6.0,0.5,0.2708789382362189,-0.6286078665163359,0.2357872150900506,0.6456723590330643
S041,2022-09-10,6,0,01:00,08:25,1,1,1,-1,-1,-1,-1,-1,-1.0,-1.0,-1.0,-1,-1.0,-1.0,-1.0,1,-1,-1,2,0,2,1,4,2,2,0.7142857142857143,9207.8,85.84459593961103,366.0,79.66666666666667,3,106.0,516.6403296415485,60.0,505.0,7.416666666666667,6.0,1.416666666666667,-0.7666666666666667,-0.19400549402580888,0.6673468207338643,0.19927206079557355
S041,2022-09-21,6,0,02:13,08:13,1,1,1,-1,-1,-1,-1,-1,-1.0,-1.0,-1.0,-1,-1.0,-1.0,-1.0,1,-1,-1,3,0,6,1,3,3,1,1.0,10392.0,85.66723626157224,301.75,73.75,4,145.66791036090908,486.84072218897774,133.0,493.0,6.0,6.0,0.0,-0.21113183934848506,0.10265463018370534,0.18378021097161457,0.10544134231679607
S041,2022-09-24,6,0,02:06,08:06,2,1,1,-1,-1,-1,-1,-1,-1.0,-1.0,-1.0,-1,-1.0,-1.0,-1.0,2,1,20,1,0,4,2,4,4,2,1.0,10715.57142857143,85.7683442175748,319.7142857142857,75.0,7,144.22642695305026,505.5207750075368,126.0,486.0,6.0,6.0,0.0,-0.30377378255083726,-0.3253462501256138,0.26442061044469756,0.3341782564467913
S041,2022-10-01,5,49,02:00,08:00,2,1,1,-1,-1,-1,-1,-1,-1.0,-1.0,-1.0,-1,-1.0,-1.0,-1.0,2,1,60,0,30,4,1,3,4,1,1.0,12892.857142857143,84.58851195760168,379.3333333333333,81.16666666666667,6,70.0548032005684,474.7308679483437,120.0,480.0,6.0,5.816666666666666,0.18333333333333357,0.832419946657194,0.08781886752760405,0.7245819194571278,0.09020284088774877
S041,2022-10-08,5,2,02:24,09:03,2,1,1,-1,-1,-1,-1,-1,-1.0,-1.0,-1.0,-1,-1.0,-1.0,-1.0,1,-1,-1,2,0,4,1,4,2,2,1.0,5458.285714285715,77.18476217528432,301.5,81.0,2,137.0,471.5,144.0,543.0,6.65,5.033333333333333,1.6166666666666671,0.11666666666666667,1.1916666666666667,0.10155277706819674,1.2240162251099342
S041,2022-10-15,5,10,02:16,08:16,2,1,1,-1,-1,-1,-1,-1,-1.0,-1.0,-1.0,-1,-1.0,-1.0,-1.0,1,-1,-1,1,0,4,1,3,3,1,1.0,7999.571428571428,82.32557764740808,299.5,75.5,2,225.50000000000003,555.0000000000001,136.0,496.0,6.0,5.166666666666667,0.833333333333333,-1.4916666666666667,-0.9833333333333353,1.2984247925148011,1.0100273745662414
S041,2022-10-22,6,40,02:00,08:00,1,1,1,-1,-1,-1,-1,-1,-1.0,-1.0,-1.0,-1,-1.0,-1.0,-1.0,1,-1,-1,4,0,4,1,4,3,1,1.0,9739.714285714286,85.85615949370958,303.6,75.8,5,276.041761623824,613.4790250043334,120.0,480.0,6.0,6.666666666666667,0.666666666666667,-2.6006960270637327,-2.2246504167388896,2.2637820330732703,2.2850418505896317
S041,2022-10-29,6,53,02:00,09:00,1,1,2,기타,3,2,-1,0,,,,0,,,,1,-1,-1,2,0,4,1,4,3,1,1.0,9992.0,85.88873738127133,381.2857142857143,79.0,7,151.20940697408554,584.4802126476502,120.0,540.0,7.0,6.883333333333333,0.11666666666666714,-0.5201567829014266,-0.7413368774608368,0.4527717069814199,0.7614615661127826
S041,2022-11-06,4,0,04:00,08:34,1,1,1,-1,-1,-1,-1,-1,-1.0,-1.0,-1.0,-1,-1.0,-1.0,-1.0,1,-1,-1,2,0,4,3,2,2,1,1.0,6818.857142857143,83.08586311841472,397.0,77.0,1,133.99999999999997,592.0,240.0,514.0,4.566666666666666,4.0,0.5666666666666664,1.7666666666666666,-1.3,1.537799195604122,1.3352904273926556
S041,2022-11-13,5,45,02:05,08:05,1,1,2,기타,3,2,-1,0,,,,0,,,,1,-1,-1,0,30,4,1,3,3,1,1.0,11836.142857142857,87.66885638033172,414.0,80.75,4,121.24210830500516,579.1744834379922,125.0,485.0,6.0,5.75,0.25,0.06263152824991494,-1.5695747239665365,0.0545177625068921,1.6121831569153737
S041,2022-11-19,6,5,03:12,10:07,1,1,1,-1,-1,-1,-1,-1,-1.0,-1.0,-1.0,-1,-1.0,-1.0,-1.0,1,-1,-1,3,0,12,3,2,3,1,1.0,9276.857142857143,82.96514331380857,377.6,79.8,5,194.1632270633599,619.3394852280684,192.0,607.0,6.916666666666667,6.083333333333333,0.8333333333333339,-0.03605378438933258,-0.20565808713447306,0.03138310224475477,0.2112409808204204
S041,2022-11-27,5,18,03:04,08:49,1,1,1,-1,-1,-1,-1,-1,-1.0,-1.0,-1.0,-1,-1.0,-1.0,-1.0,1,-1,-1,4,50,12,3,1,3,1,1.0,8379.714285714286,85.62792253012212,323.0,78.33333333333333,6,202.8664742744176,565.3499520868259,184.0,529.0,5.75,5.3,0.4500000000000002,-0.31444123790696116,-0.6058325347804309,0.2737061222932581,0.6222787571502595
S041,2022-12-03,5,50,03:44,09:38,2,1,1,-1,-1,-1,-1,-1,-1.0,-1.0,-1.0,-1,-1.0,-1.0,-1.0,1,-1,-1,4,0,12,3,2,3,1,1.0,9056.285714285714,89.49449875014167,378.5,81.16666666666667,6,222.67144977002044,641.5195305731338,224.0,578.0,5.9,5.833333333333333,0.06666666666666732,0.02214250383299259,-1.0586588428855634,0.019273995047002185,1.0873977067535985
S041,2022-12-10,5,55,03:37,09:13,1,1,1,-1,-1,-1,-1,-1,-1.0,-1.0,-1.0,-1,-1.0,-1.0,-1.0,1,-1,-1,5,0,13,3,1,3,2,1.0,6668.571428571428,88.02165097518821,360.8,81.0,5,196.32592045734884,599.1808200541694,217.0,553.0,5.6,5.916666666666667,0.3166666666666673,0.3445679923775193,-0.7696803342361572,0.2999300272692885,0.7905744480445541
S042,2022-09-10,6,0,03:00,09:00,1,1,1,-1,-1,-1,-1,-1,-1.0,-1.0,-1.0,-1,-1.0,-1.0,-1.0,1,-1,-1,1,0,50,1,4,2,2,0.7142857142857143,6754.8,87.0096548671906,,,0,,,180.0,540.0,6.0,6.0,0.0,,,,
S042,2022-09-17,8,0,03:00,09:00,1,2,1,-1,-1,-1,-1,-1,-1.0,-1.0,-1.0,-1,-1.0,-1.0,-1.0,1,-1,-1,1,0,50,1,4,2,1,1.0,5347.285714285715,91.8448604300113,338.0,69.5,2,107.0,514.0000000000001,180.0,540.0,6.0,8.0,2.0,1.2166666666666666,0.43333333333333146,1.0590503894254801,0.44509680913088323
S042,2022-09-24,5,0,02:00,08:00,1,1,1,-1,-1,-1,-1,-1,-1.0,-1.0,-1.0,-1,-1.0,-1.0,-1.0,1,-1,-1,1,0,50,1,4,4,4,1.0,9398.42857142857,92.91570429272323,369.0,71.75,4,111.50697290874244,542.5558318915627,120.0,480.0,6.0,5.0,1.0,0.14155045152095908,-1.0425971981927111,0.12321292669037612,1.070900044902408
S042,2022-10-01,8,0,02:00,08:30,1,2,1,-1,-1,-1,-1,-1,-1.0,-1.0,-1.0,-1,-1.0,-1.0,-1.0,2,2,60,0,30,50,1,3,4,2,1.0,10461.42857142857,91.49879721771973,351.8,67.6,5,89.37376750898905,508.30990732224734,120.0,510.0,6.5,8.0,1.5,0.5104372081835151,0.028168211295877654,0.4443112800854849,0.028932879153968537
S042,2022-10-08,6,0,03:00,09:00,1,2,1,-1,-1,-1,-1,-1,-1.0,-1.0,-1.0,-1,-1.0,-1.0,-1.0,1,-1,-1,0,45,50,1,4,4,1,1.0,5040.571428571428,80.2077507440102,307.3333333333333,69.0,3,223.21414303972128,580.2266027961762,180.0,540.0,6.0,6.0,0.0,-0.7202357173286884,-0.6704433799362695,0.6269308906151405,0.6886435594905214
S042,2022-10-15,5,0,06:00,10:00,1,1,1,-1,-1,-1,-1,-1,-1.0,-1.0,-1.0,-1,-1.0,-1.0,-1.0,1,-1,-1,1,0,50,2,2,3,2,1.0,8411.42857142857,84.75482833146961,338.8333333333333,67.83333333333333,6,217.6543777014644,624.3704583328647,360.0,600.0,4.0,5.0,1.0,2.372427038308926,-0.40617430554774503,2.0650847497024163,0.41720050926981805
S042,2022-10-22,6,0,06:00,10:00,1,1,1,-1,-1,-1,-1,-1,-1.0,-1.0,-1.0,-1,-1.0,-1.0,-1.0,2,3,30,1,30,50,2,2,4,2,1.0,10184.42857142857,89.37693602323195,347.6666666666667,66.66666666666667,6,380.569889765773,921.8013983934574,360.0,600.0,4.0,6.0,2.0,-0.3428314960962174,-5.363356639890956,0.29841848995727593,5.508952907645562
S042,2022-10-29,8,0,03:00,09:00,1,2,2,헬스,3,0,-1,0,,,,0,,,,1,-1,-1,1,0,50,1,3,3,2,0.4285714285714285,8936.333333333334,90.21968110926028,450.3333333333333,77.66666666666667,3,140.73269183220353,657.4404125434517,180.0,540.0,6.0,8.0,2.0,0.6544551361299417,-1.9573402090575276,0.5696720274903455,2.010475111004043
S042,2022-11-05,8,0,01:00,09:00,1,1,1,-1,-1,-1,-1,-1,-1.0,-1.0,-1.0,-1,-1.0,-1.0,-1.0,1,-1,-1,1,0,50,2,4,2,1,0.0,,,,,0,,,60.0,540.0,8.0,8.0,0.0,,,,
S049,2022-10-08,4,0,03:01,21:01,3,4,1,-1,-1,-1,-1,-1,-1.0,-1.0,-1.0,-1,-1.0,-1.0,-1.0,1,-1,-1,0,30,4,2,3,3,2,0.0,,,,,0,,,,,18.0,4.0,14.0,,,,
S049,2022-10-16,6,0,00:00,20:00,2,3,2,헬스,3,1,-1,0,,,,0,,,,2,1,20,0,15,4,2,3,2,3,0.0,,,,,0,,,,,20.0,6.0,14.0,,,,
S049,2022-10-31,6,0,01:00,20:00,2,3,1,-1,-1,-1,-1,-1,-1.0,-1.0,-1.0,-1,-1.0,-1.0,-1.0,1,-1,-1,0,15,4,3,1,3,2,0.0,,,,,0,,,,,19.0,6.0,13.0,,,,
S049,2022-11-02,6,0,02:00,20:03,2,3,1,-1,-1,-1,-1,-1,-1.0,-1.0,-1.0,-1,-1.0,-1.0,-1.0,1,-1,-1,0,30,4,3,1,3,2,0.0,,,,,0,,,,,18.05,6.0,12.05,,,,
S049,2022-11-07,5,0,01:30,21:30,3,4,1,-1,-1,-1,-1,-1,-1.0,-1.0,-1.0,-1,-1.0,-1.0,-1.0,2,1,20,1,15,4,3,1,3,2,0.0,,,,,0,,,,,20.0,5.0,15.0,,,,
S049,2022-11-14,8,0,23:00,10:00,2,2,1,-1,-1,-1,-1,-1,-1.0,-1.0,-1.0,-1,-1.0,-1.0,-1.0,1,-1,-1,0,15,4,2,3,3,3,0.0,,,,,0,,,1380.0,600.0,11.0,8.0,3.0,,,,
S049,2022-11-19,7,0,12:00,07:00,2,2,1,-1,-1,-1,-1,-1,-1.0,-1.0,-1.0,-1,-1.0,-1.0,-1.0,1,-1,-1,0,10,4,2,3,2,2,0.0,,,,,0,,,,,19.0,7.0,12.0,,,,
S069,2022-10-08,4,50,03:00,09:00,2,1,2,달리기,1,0,-1,0,,,,0,,,,1,-1,-1,0,30,15,1,3,2,2,0.5714285714285714,6668.0,74.35613570136154,347.0,80.5,2,122.5,510.0,180.0,540.0,6.0,4.833333333333333,1.166666666666667,0.9583333333333334,0.5,0.8341835259173304,0.5135732413048675
S069,2022-10-18,5,47,15:00,21:30,2,1,2,달리기,1,0,-1,0,,,,0,,,,1,-1,-1,0,30,14,2,2,2,2,1.0,5229.714285714285,74.03407353905423,325.42857142857144,73.57142857142857,7,154.16673178661992,533.1046745122435,900.0,1290.0,6.5,5.783333333333333,0.7166666666666668,-11.569445529777,-11.385077908537392,10.070651337326476,11.69414272799198
S069,2022-10-23,5,42,02:00,09:00,1,2,1,-1,-1,-1,-1,-1,-1.0,-1.0,-1.0,-1,-1.0,-1.0,-1.0,1,-1,-1,0,30,14,1,4,1,1,1.0,5106.571428571428,72.07091609362854,328.2857142857143,75.14285714285714,7,150.18850487346185,530.0505190131552,120.0,540.0,7.0,5.7,1.2999999999999998,-0.5031417478910308,0.16582468311408055,0.4379609293481203,0.17032623999050175
S069,2022-10-31,5,50,02:00,08:30,2,1,1,-1,-1,-1,-1,-1,-1.0,-1.0,-1.0,-1,-1.0,-1.0,-1.0,1,-1,-1,0,30,14,1,4,2,1,1.0,7261.428571428572,76.15264625314228,347.57142857142856,76.85714285714286,7,145.41630194813615,539.8071794747576,120.0,510.0,6.5,5.833333333333333,0.666666666666667,-0.4236050324689359,-0.4967863245792936,0.3687280065195779,0.5102723259002395
S069,2022-11-06,6,21,02:30,10:00,1,1,1,-1,-1,-1,-1,-1,-1.0,-1.0,-1.0,-1,-1.0,-1.0,-1.0,1,-1,-1,0,40,21,1,3,1,1,1.0,7363.428571428572,74.69473614329887,368.4285714285714,79.0,7,169.8513018900348,587.4011590978857,150.0,600.0,7.5,6.35,1.1500000000000004,-0.33085503150058077,0.20998068170190437,0.28799354790745446,0.21568091862610542
S069,2022-11-15,6,31,02:30,08:03,1,1,1,-1,-1,-1,-1,-1,-1.0,-1.0,-1.0,-1,-1.0,-1.0,-1.0,1,-1,-1,0,30,15,1,3,1,2,1.0,5488.428571428572,75.08019238809524,350.57142857142856,77.57142857142857,7,170.24275027732452,568.1158517576724,150.0,483.0,5.55,6.516666666666667,0.9666666666666668,-0.3373791712887415,-1.4185975292945405,0.29367250088004454,1.4571074624537477
S071,2022-10-09,8,0,01:36,08:30,1,1,1,-1,-1,-1,-1,-1,-1.0,-1.0,-1.0,-1,-1.0,-1.0,-1.0,1,-1,-1,0,30,6,1,3,3,3,1.0,5104.857142857143,81.4182670555665,377.0,78.25,4,29.79901767053713,484.1155272145376,96.0,510.0,6.9,8.0,1.0999999999999996,1.1033497054910488,0.43140787975770534,0.9604133714570829,0.44311908626325053
S071,2022-10-16,8,0,02:00,08:30,1,1,1,-1,-1,-1,-1,-1,-1.0,-1.0,-1.0,-1,-1.0,-1.0,-1.0,1,-1,-1,0,30,6,1,2,3,3,1.0,4054.571428571429,81.69947411236421,372.1428571428572,75.85714285714286,7,119.87306432244672,554.6955083256194,120.0,510.0,6.5,8.0,1.5,0.0021155946258886614,-0.7449251387603226,0.0018415243663675398,0.7651472360852342
S071,2022-10-22,8,0,14:40,20:00,1,1,1,-1,-1,-1,-1,-1,-1.0,-1.0,-1.0,-1,-1.0,-1.0,-1.0,1,-1,-1,0,30,6,1,3,2,2,1.0,4021.714285714286,83.86728241794572,334.3333333333333,74.16666666666667,6,220.3706758367084,612.4949476710864,880.0,1200.0,5.333333333333333,8.0,2.666666666666667,10.993822069388193,9.791750872148562,9.569598529200004,10.057562466918199
S119,2022-07-16,8,0,03:00,11:00,2,1,1,-1,-1,-1,-1,-1,-1.0,-1.0,-1.0,-1,-1.0,-1.0,-1.0,1,-1,-1,3,0,1,1,3,2,1,0.7142857142857143,6319.4,73.8597767648225,290.3333333333333,72.66666666666667,3,217.98795210241053,571.545566171154,180.0,660.0,8.0,8.0,0.0,-0.6331325350401755,1.4742405638141007,0.5511117187333475,1.5142610096422462
S119,2022-07-23,7,0,03:20,11:00,2,1,1,-1,-1,-1,-1,-1,-1.0,-1.0,-1.0,-1,-1.0,-1.0,-1.0,1,-1,-1,3,0,1,1,2,4,2,1.0,3595.8571428571427,76.89825427965036,421.6666666666667,79.16666666666667,6,227.47819380149696,718.0330189866054,200.0,660.0,7.666666666666667,7.0,0.666666666666667,-0.457969896691615,-0.9672169831100897,0.3986409841943028,0.9934735221219281
S119,2022-07-30,7,30,03:00,10:00,1,1,1,-1,-1,-1,-1,-1,-1.0,-1.0,-1.0,-1,-1.0,-1.0,-1.0,1,-1,-1,3,0,1,1,3,2,2,1.0,3556.714285714286,78.25930945068579,409.7142857142857,76.85714285714286,7,185.4403226187716,648.0488541872598,180.0,600.0,7.0,7.5,0.5,-0.09067204364619291,-0.8008142364543308,0.07892569572616828,0.8225535261978665
S119,2022-08-06,8,0,04:20,13:00,2,1,1,-1,-1,-1,-1,-1,-1.0,-1.0,-1.0,-1,-1.0,-1.0,-1.0,1,-1,-1,3,0,1,1,3,2,2,1.0,1323.857142857143,70.4556587169064,448.5,84.66666666666667,6,302.4586210229043,806.1835223450545,260.0,780.0,8.666666666666666,8.0,0.6666666666666661,-0.7076436837150709,-0.4363920390842414,0.615970125051721,0.44823854798426854
S119,2022-08-14,7,20,05:00,13:00,3,1,1,-1,-1,-1,-1,-1,-1.0,-1.0,-1.0,-1,-1.0,-1.0,-1.0,1,-1,-1,2,0,1,1,3,3,2,1.0,2566.0,69.3094600073911,435.8333333333333,80.66666666666667,6,311.001707440906,781.3090526809971,300.0,780.0,8.0,7.333333333333333,0.666666666666667,-0.18336179068176647,-0.021817544683284496,0.15960770615940673,0.022409814280616395
S119,2022-08-20,6,0,07:45,13:45,3,1,1,-1,-1,-1,-1,-1,-1.0,-1.0,-1.0,-1,-1.0,-1.0,-1.0,1,-1,-1,3,0,1,1,3,3,2,1.0,1589.571428571429,68.59941455520918,401.0,81.5,6,463.64043451271385,908.6593463016682,465.0,825.0,6.0,6.0,0.0,0.02265942478810151,-1.3943224383611361,0.019723950119996947,1.43217338818647
S119,2022-08-27,8,0,02:00,10:00,1,1,1,-1,-1,-1,-1,-1,-1.0,-1.0,-1.0,-1,-1.0,-1.0,-1.0,1,-1,-1,4,0,3,1,3,2,2,1.0,9798.857142857143,78.89215374267869,429.4,75.0,5,182.34321417761,694.5956277232896,120.0,600.0,8.0,8.0,0.0,-1.039053569626833,-1.5765937953881595,0.9044466472990955,1.6193927714372802
S119,2022-09-03,8,0,01:20,08:40,1,1,1,-1,-1,-1,-1,-1,-1.0,-1.0,-1.0,-1,-1.0,-1.0,-1.0,1,-1,-1,3,0,2,1,3,2,2,1.0,4252.857142857143,78.5977313256781,399.2857142857143,72.42857142857143,7,215.90618172604715,687.2852911960791,80.0,520.0,7.333333333333333,8.0,0.666666666666667,-2.265103028767453,-2.788088186601319,1.9716643107164433,2.863774974073299
S119,2022-09-10,8,0,01:00,09:00,1,1,1,-1,-1,-1,-1,-1,-1.0,-1.0,-1.0,-1,-1.0,-1.0,-1.0,1,-1,-1,3,0,3,1,3,2,2,1.0,3354.285714285714,76.65887031350589,489.0,84.0,6,200.34973239186445,746.2993189398378,60.0,540.0,8.0,8.0,0.0,-2.339162206531074,-3.43832198233063,2.036129297881726,3.531660330230638
S119,2022-09-18,8,0,01:30,09:00,1,1,1,-1,-1,-1,-1,-1,-1.0,-1.0,-1.0,-1,-1.0,-1.0,-1.0,1,-1,-1,3,0,3,1,3,2,2,0.4285714285714285,1099.6666666666667,69.27046981454092,526.6666666666666,85.0,3,83.00304901842216,667.0992343634678,90.0,540.0,7.5,8.0,0.5,0.11661584969296351,-2.1183205727244627,0.10150854331275311,2.1758255253137713
S503,2022-09-17,8,0,03:30,11:30,1,1,1,-1,-1,-1,-1,-1,-1.0,-1.0,-1.0,-1,-1.0,-1.0,-1.0,1,-1,-1,0,10,1,1,4,1,1,0.5714285714285714,17.5,84.97969009698363,,,0,,,210.0,690.0,8.0,8.0,0.0,,,,
S503,2022-09-24,8,0,03:30,11:30,1,1,1,-1,-1,-1,-1,-1,-1.0,-1.0,-1.0,-1,-1.0,-1.0,-1.0,1,-1,-1,0,0,1,1,4,1,2,0.4285714285714285,1170.6666666666667,101.16560726472775,,,0,,,210.0,690.0,8.0,8.0,0.0,,,,
S503,2022-10-02,8,0,03:30,11:30,1,1,1,-1,-1,-1,-1,-1,-1.0,-1.0,-1.0,-1,-1.0,-1.0,-1.0,1,-1,-1,0,0,1,1,4,1,2,0.0,,,,,0,,,210.0,690.0,8.0,8.0,0.0,,,,
S503,2022-10-08,8,0,03:30,11:30,1,1,1,-1,-1,-1,-1,-1,-1.0,-1.0,-1.0,-1,-1.0,-1.0,-1.0,1,-1,-1,0,0,1,1,3,1,1,0.0,,,,,0,,,210.0,690.0,8.0,8.0,0.0,,,,
S503,2022-10-15,8,30,03:30,11:30,1,1,1,-1,-1,-1,-1,-1,-1.0,-1.0,-1.0,-1,-1.0,-1.0,-1.0,1,-1,-1,0,0,1,1,4,1,2,0.0,,,,,0,,,210.0,690.0,8.0,8.5,0.5,,,,
S504,2022-09-17,9,00,13:38,21:00,1,1,1,-1,-1,-1,-1,-1,-1.0,-1.0,-1.0,-1,-1.0,-1.0,-1.0,1,-1,-1,3,0,3,1,4,4,1,1.0,4752.142857142857,73.74007002782727,355.2,72.6,5,5.818057274603295,399.9740024598443,818.0,1260.0,7.366666666666666,9.0,1.6333333333333337,-10.463634287910054,-9.666233374330739,9.108095315685166,9.928637610528648
S504,2022-09-25,10,00,03:02,10:02,1,1,1,-1,-1,-1,-1,-1,-1.0,-1.0,-1.0,-1,-1.0,-1.0,-1.0,1,-1,-1,1,0,3,1,4,2,1,1.0,6364.428571428572,75.5846903567397,416.0,73.57142857142857,7,32.434148600968165,517.5173887918131,182.0,602.0,7.0,10.0,3.0,2.492764189983863,1.408043520136448,2.169832509162988,1.446266949069582
S504,2022-10-02,10,00,10:22,10:22,1,1,1,-1,-1,-1,-1,-1,-1.0,-1.0,-1.0,-1,-1.0,-1.0,-1.0,1,-1,-1,2,0,3,1,4,3,1,1.0,6079.857142857143,75.71257308718944,387.6666666666667,73.33333333333333,6,68.33361723657816,520.2048817895312,,,0.0,10.0,10.0,,,,
S504,2022-10-08,9,00,23:39,21:39,1,1,1,-1,-1,-1,-1,-1,-1.0,-1.0,-1.0,-1,-1.0,-1.0,-1.0,1,-1,-1,1,0,3,1,4,1,2,1.0,4035.571428571429,76.68213257319994,426.3333333333333,71.16666666666667,6,84.3521554864402,497.5321468201858,,,22.0,9.0,13.0,,,,
S504,2022-10-16,9,00,01:54,10:54,1,1,1,-1,-1,-1,-1,-1,-1.0,-1.0,-1.0,-1,-1.0,-1.0,-1.0,1,-1,-1,2,0,3,1,4,2,1,1.0,6558.285714285715,76.53495304773502,389.1666666666667,75.0,6,157.73167735842677,623.5132090854049,114.0,654.0,9.0,9.0,0.0,-0.7288612893071122,0.5081131819099179,0.6344390402283738,0.5219066675664127
S504,2022-10-23,9,00,23:37,10:37,1,1,1,-1,-1,-1,-1,-1,-1.0,-1.0,-1.0,-1,-1.0,-1.0,-1.0,1,-1,-1,2,0,3,1,4,4,2,1.0,5343.285714285715,78.7898205093492,438.75,74.25,4,1387.383570562775,477.44980795192095,1417.0,637.0,11.0,9.0,2.0,0.49360715728708254,2.659169867467983,0.42966152231349786,2.731356976031534
S504,2022-10-29,11,0#,23:46,08:46,1,1,1,-1,-1,-1,-1,-1,-1.0,-1.0,-1.0,-1,-1.0,-1.0,-1.0,1,-1,-1,1,0,3,1,4,1,1,1.0,7958.428571428572,82.20242166795391,380.6,72.6,5,42.851158872881285,484.73006663034073,1426.0,526.0,9.0,,,-0.9475193145480262,0.6878322228276545,0.8247704375837681,0.7065044483030608
S504,2022-11-06,8,00,01:59,10:59,1,1,1,-1,-1,-1,-1,-1,-1.0,-1.0,-1.0,-1,-1.0,-1.0,-1.0,1,-1,-1,2,0,3,1,4,4,1,1.0,6409.142857142857,74.86969430851754,462.2857142857143,76.85714285714286,7,1431.4724540286784,568.879859812186,119.0,659.0,9.0,8.0,1.0,2.125459099522027,1.5020023364635657,1.8501109208685478,1.5427764167701552
S504,2022-11-13,9,00,00:48,08:48,1,1,1,-1,-1,-1,-1,-1,-1.0,-1.0,-1.0,-1,-1.0,-1.0,-1.0,1,-1,-1,2,0,3,1,4,4,1,1.0,7294.428571428572,77.79942369043594,388.8,74.2,5,39.10354410240701,493.7285611472476,48.0,528.0,8.0,9.0,1.0,0.14827426495988333,0.5711906475458742,0.12906568606647228,0.5866964645263215
S505,2022-09-17,6,30,12:30,19:00,2,1,1,-1,-1,-1,-1,-1,-1.0,-1.0,-1.0,-1,-1.0,-1.0,-1.0,1,-1,-1,0,30,3,1,3,2,2,0.2857142857142857,5058.0,88.66171960078222,432.0,86.0,1,1414.0,461.0,750.0,1140.0,6.5,6.5,0.0,-11.066666666666666,11.316666666666666,9.633006281897519,11.6238743615335
S505,2022-10-03,4,0,01:27,17:57,1,3,1,-1,-1,-1,-1,-1,-1.0,-1.0,-1.0,-1,-1.0,-1.0,-1.0,1,-1,-1,0,30,6,2,2,3,3,1.0,9464.0,92.5024280948706,362.8333333333333,75.83333333333333,6,45.62983356213318,458.4900322899077,,,16.5,4.0,12.5,,,,
S505,2022-10-08,6,0,01:00,18:30,1,3,1,-1,-1,-1,-1,-1,-1.0,-1.0,-1.0,-1,-1.0,-1.0,-1.0,1,-1,-1,0,20,4,1,3,1,3,1.0,4443.857142857143,85.44672915279612,392.6,79.0,5,3.8023224238810975,450.1218415006763,,,17.5,6.0,11.5,,,,
S505,2022-10-17,6,30,12:00,07:00,1,4,1,-1,-1,-1,-1,-1,-1.0,-1.0,-1.0,-1,-1.0,-1.0,-1.0,1,-1,-1,0,30,6,1,4,1,2,1.0,5898.0,87.30085747856795,367.7142857142857,75.57142857142857,7,1389.8030363680523,367.43136839920106,,,19.0,6.5,12.5,,,,
S505,2022-10-22,6,11,23:01,18:01,1,2,1,-1,-1,-1,-1,-1,-1.0,-1.0,-1.0,-1,-1.0,-1.0,-1.0,1,-1,-1,0,30,5,1,4,1,2,1.0,6085.285714285715,88.75089172004796,362.8571428571428,74.14285714285714,7,1376.0234610930872,351.36621762788604,,,19.0,6.183333333333334,12.816666666666666,,,,
S505,2022-10-31,6,11,22:00,18:30,1,1,1,-1,-1,-1,-1,-1,-1.0,-1.0,-1.0,-1,-1.0,-1.0,-1.0,1,-1,-1,0,20,4,1,3,1,1,1.0,7256.142857142857,88.61195067975943,374.1428571428572,78.71428571428571,7,1370.3917494654154,344.896128161017,,,20.5,6.183333333333334,14.316666666666666,,,,
S505,2022-11-08,6,19,23:00,17:37,1,2,1,-1,-1,-1,-1,-1,-1.0,-1.0,-1.0,-1,-1.0,-1.0,-1.0,1,-1,-1,0,20,3,1,4,2,2,1.0,6855.714285714285,90.34790443595324,345.0,75.28571428571429,7,1412.4067953889332,362.9073612543523,,,18.616666666666667,6.316666666666666,12.3,,,,
S505,2022-11-12,5,51,12:00,18:09,1,1,1,-1,-1,-1,-1,-1,-1.0,-1.0,-1.0,-1,-1.0,-1.0,-1.0,1,-1,-1,0,10,6,1,4,1,1,1.0,8735.714285714286,92.25242618506192,354.7142857142857,74.42857142857143,7,1423.7009516917776,393.6297501991274,720.0,1089.0,6.15,5.85,0.3000000000000007,-11.728349194862961,11.589504163347877,10.20896940997614,11.904118436573652
S507,2022-09-24,5,0,21:10,06:30,1,1,1,-1,-1,-1,-1,-1,-1.0,-1.0,-1.0,-1,-1.0,-1.0,-1.0,1,-1,-1,1,0,4,2,2,3,3,1.0,8616.285714285714,89.50815786198318,329.8,69.2,5,1437.9039492084974,386.7006452541916,,,9.333333333333334,5.0,4.333333333333334,,,,
S507,2022-10-02,5,0,21:30,05:30,1,1,1,-1,-1,-1,-1,-1,-1.0,-1.0,-1.0,-1,-1.0,-1.0,-1.0,1,-1,-1,0,30,4,2,3,2,3,1.0,7614.428571428572,91.44885805367986,280.0,65.25,4,1415.0035695241709,314.4647375666109,1290.0,330.0,8.0,5.0,3.0,-2.0833928254028478,0.2589210405564851,1.813494232659565,0.2659498360812462
S507,2022-10-09,6,0,21:30,04:30,1,1,1,-1,-1,-1,-1,-1,-1.0,-1.0,-1.0,-1,-1.0,-1.0,-1.0,1,-1,-1,0,30,3,2,3,3,3,1.0,7213.714285714285,87.7599748950158,266.0,65.2,5,1324.2585592155765,236.5668802744685,1290.0,270.0,7.0,6.0,1.0,-0.5709759869262749,0.5572186620921912,0.49700740381386527,0.5723451888124966
S507,2022-10-16,6,0,21:30,05:30,1,1,1,-1,-1,-1,-1,-1,-1.0,-1.0,-1.0,-1,-1.0,-1.0,-1.0,1,-1,-1,0,30,3,2,3,3,3,1.0,8849.714285714286,90.62691259766368,268.4,66.8,5,1384.3362087295263,254.8480424639928,1290.0,330.0,8.0,6.0,2.0,-1.5722701454921055,1.2525326256001204,1.368586282081209,1.2865344807390997
S507,2022-10-22,5,0,22:30,05:00,1,1,1,-1,-1,-1,-1,-1,-1.0,-1.0,-1.0,-1,-1.0,-1.0,-1.0,1,-1,-1,0,30,4,2,2,2,2,1.0,11869.714285714286,92.75160714768032,306.25,64.25,4,1429.6498033246237,355.7574166339943,1350.0,300.0,6.5,5.0,1.5,-1.3274967220770615,-0.9292902772332392,1.1555226743644607,0.9545172395835472
S507,2022-10-30,6,0,21:30,05:30,1,1,1,-1,-1,-1,-1,-1,-1.0,-1.0,-1.0,-1,-1.0,-1.0,-1.0,2,0,30,0,30,4,3,1,2,2,1.0,11841.714285714286,92.26717828226948,262.0,68.42857142857143,7,1393.8524786200398,263.5214994577652,1290.0,330.0,8.0,6.0,2.0,-1.7308746436673308,1.1079750090372462,1.5066439441829393,1.1380526333520968
S507,2022-11-07,6,0,21:30,05:30,1,1,1,-1,-1,-1,-1,-1,-1.0,-1.0,-1.0,-1,-1.0,-1.0,-1.0,1,-1,-1,0,30,4,2,2,3,3,0.7142857142857143,8054.2,87.35853441379705,266.3333333333333,64.0,3,1425.5255241189475,300.44167122067387,1290.0,330.0,8.0,6.0,2.0,-2.2587587353157916,0.49263881298876794,1.9661419054145708,0.506012223958448
S507,2022-11-12,5,0,21:30,05:11,1,1,1,-1,-1,-1,-1,-1,-1.0,-1.0,-1.0,-1,-1.0,-1.0,-1.0,1,-1,-1,0,30,2,2,2,3,3,0.4285714285714285,5356.666666666667,90.05274769939797,213.0,64.0,2,1344.0,145.49999999999991,1290.0,311.0,7.683333333333334,5.0,2.6833333333333336,-0.9,2.758333333333335,0.783407137383232,2.833212381198521
S507,2022-11-19,7,0,20:30,05:30,1,1,1,-1,-1,-1,-1,-1,-1.0,-1.0,-1.0,-1,-1.0,-1.0,-1.0,1,-1,-1,0,30,2,3,1,2,3,1.0,9854.857142857143,96.97106150842777,408.0,67.75,4,1188.13115279791,293.7404953127766,1230.0,330.0,9.0,7.0,2.0,0.6978141200348318,0.6043250781203899,0.6074139580023185,0.6207303783442119
S507,2022-11-26,6,0,21:01,05:10,1,1,1,-1,-1,-1,-1,-1,-1.0,-1.0,-1.0,-1,-1.0,-1.0,-1.0,2,5,30,0,30,2,3,1,3,3,1.0,11003.0,90.22776271371232,347.5,66.0,4,1423.5845664555336,397.4635754573927,1261.0,310.0,8.15,6.0,2.1500000000000004,-2.7097427742588933,-1.457726257623212,2.3587020331411743,1.4972983981255346
S605,2022-08-06,6,0,06:00,00:00,3,1,1,-1,-1,-1,-1,-1,-1.0,-1.0,-1.0,-1,-1.0,-1.0,-1.0,1,-1,-1,0,30,3,1,3,3,3,0.5714285714285714,1851.25,81.4207767385161,628.0,85.0,1,221.0,957.0,,,18.0,6.0,12.0,,,,
S605,2022-08-13,6,0,06:00,00:00,1,1,1,-1,-1,-1,-1,-1,-1.0,-1.0,-1.0,-1,-1.0,-1.0,-1.0,1,-1,-1,0,30,3,1,4,4,4,0.0,,,,,0,,,,,18.0,6.0,12.0,,,,
S605,2022-08-20,6,0,06:00,00:00,2,2,1,-1,-1,-1,-1,-1,-1.0,-1.0,-1.0,-1,-1.0,-1.0,-1.0,1,-1,-1,0,30,3,2,2,2,1,0.0,,,,,0,,,,,18.0,6.0,12.0,,,,
S605,2022-08-28,6,0,06:00,12:00,2,2,1,-1,-1,-1,-1,-1,-1.0,-1.0,-1.0,-1,-1.0,-1.0,-1.0,1,-1,-1,0,30,6,1,2,2,2,0.0,,,,,0,,,360.0,720.0,6.0,6.0,0.0,,,,
S605,2022-09-03,6,0,06:00,00:00,1,1,1,-1,-1,-1,-1,-1,-1.0,-1.0,-1.0,-1,-1.0,-1.0,-1.0,1,-1,-1,0,30,3,1,3,2,2,0.0,,,,,0,,,,,18.0,6.0,12.0,,,,
S605,2022-09-10,6,0,06:00,00:00,1,1,1,-1,-1,-1,-1,-1,-1.0,-1.0,-1.0,-1,-1.0,-1.0,-1.0,1,-1,-1,0,30,3,1,4,2,2,0.0,,,,,0,,,,,18.0,6.0,12.0,,,,
S605,2022-09-17,6,0,12:00,06:00,2,2,1,-1,-1,-1,-1,-1,-1.0,-1.0,-1.0,-1,-1.0,-1.0,-1.0,1,-1,-1,0,30,3,1,4,4,4,0.1428571428571428,0.0,,,,0,,,,,18.0,6.0,12.0,,,,
S605,2022-09-26,6,0,12:00,06:00,1,1,1,-1,-1,-1,-1,-1,-1.0,-1.0,-1.0,-1,-1.0,-1.0,-1.0,1,-1,-1,0,30,3,1,2,2,2,0.0,,,,,0,,,,,18.0,6.0,12.0,,,,
S605,2022-10-04,6,0,12:00,06:00,1,1,1,-1,-1,-1,-1,-1,-1.0,-1.0,-1.0,-1,-1.0,-1.0,-1.0,1,-1,-1,0,30,3,1,2,2,2,0.0,,,,,0,,,,,18.0,6.0,12.0,,,,
S605,2022-10-10,6,0,12:00,06:00,1,1,1,-1,-1,-1,-1,-1,-1.0,-1.0,-1.0,-1,-1.0,-1.0,-1.0,1,-1,-1,0,30,3,2,2,2,2,0.0,,,,,0,,,,,18.0,6.0,12.0,,,,
S605,2022-10-28,6,0,06:00,00:00,1,1,1,-1,-1,-1,-1,-1,-1.0,-1.0,-1.0,-1,-1.0,-1.0,-1.0,1,-1,-1,0,30,3,1,4,1,1,0.0,,,,,0,,,,,18.0,6.0,12.0,,,,
S605,2022-10-31,6,0,06:00,00:00,1,1,1,-1,-1,-1,-1,-1,-1.0,-1.0,-1.0,-1,-1.0,-1.0,-1.0,1,-1,-1,0,30,3,1,2,2,2,0.0,,,,,0,,,,,18.0,6.0,12.0,,,,
S605,2022-11-02,6,0,12:00,06:00,1,1,1,-1,-1,-1,-1,-1,-1.0,-1.0,-1.0,-1,-1.0,-1.0,-1.0,1,-1,-1,0,30,3,1,4,4,1,0.0,,,,,0,,,,,18.0,6.0,12.0,,,,
S605,2022-11-11,6,0,06:00,00:00,1,1,1,-1,-1,-1,-1,-1,-1.0,-1.0,-1.0,-1,-1.0,-1.0,-1.0,1,-1,-1,0,30,3,1,4,4,4,0.0,,,,,0,,,,,18.0,6.0,12.0,,,,
S605,2022-11-22,6,0,12:00,06:00,1,1,1,-1,-1,-1,-1,-1,-1.0,-1.0,-1.0,-1,-1.0,-1.0,-1.0,1,-1,-1,0,30,6,1,4,1,1,0.0,,,,,0,,,,,18.0,6.0,12.0,,,,
S646,2022-09-04,8,0,22:13,06:13,2,1,1,-1,-1,-1,-1,-1,-1.0,-1.0,-1.0,-1,-1.0,-1.0,-1.0,1,-1,-1,0,30,3,1,3,3,2,1.0,6885.142857142857,68.00763644342128,411.6666666666667,77.16666666666667,6,1342.905017931051,383.0994059094523,1333.0,373.0,8.0,8.0,0.0,-0.1650836321841818,-0.16832343182420573,0.14369743968692916,0.17289282093903244
S646,2022-09-09,7,0,22:29,06:06,1,1,2,헬스,1,0,-1,0,,,,0,,,,1,-1,-1,0,30,0,1,3,2,1,1.0,6976.428571428572,70.54218138042322,418.8333333333333,79.16666666666667,6,1339.4631569974176,384.6122942212005,1349.0,366.0,7.616666666666666,7.0,0.6166666666666663,0.15894738337637287,-0.310204903686675,0.1383561273393771,0.31862587571005985
S646,2022-09-16,6,30,23:30,18:00,4,2,2,헬스,2,0,-1,0,,,,0,,,,1,-1,-1,0,20,3,2,2,4,2,1.0,6305.714285714285,70.18510155308938,397.0,78.33333333333333,6,1354.363830485402,379.8310275641065,,,18.5,6.5,12.0,,,,
S646,2022-09-23,8,0,22:00,06:09,1,1,2,헬스,2,0,-1,0,,,,0,,,,1,-1,-1,0,20,4,1,4,2,1,1.0,7621.714285714285,72.33691591392746,412.8571428571428,78.85714285714286,7,1341.42373679444,378.5435571974201,1320.0,369.0,8.15,8.0,0.15000000000000036,-0.35706227990733247,-0.15905928662366856,0.31080570952192627,0.16337718678191482
S646,2022-10-03,8,0,22:00,06:00,1,1,1,-1,-1,-1,-1,-1,-1.0,-1.0,-1.0,-1,-1.0,-1.0,-1.0,1,-1,-1,0,20,4,1,4,1,2,1.0,6413.714285714285,67.90747061522828,393.8571428571428,78.57142857142857,7,1347.233800555705,363.73123758851534,1320.0,360.0,8.0,8.0,0.0,-0.45389667592841837,-0.06218729314192236,0.3950954395076075,0.06387545941374605
S646,2022-10-07,8,0,22:01,06:00,2,1,2,헬스,1,0,-1,0,,,,0,,,,1,-1,-1,0,15,2,1,3,2,1,1.0,6292.428571428572,68.47743825867789,419.1428571428572,80.14285714285714,7,1334.2383529715594,380.7037792924863,1321.0,360.0,7.983333333333333,8.0,0.016666666666666607,-0.22063921619265633,-0.34506298820810455,0.19205592972440994,0.35443023461675904
S646,2022-10-16,8,0,22:00,07:00,1,1,2,헬스,2,0,-1,0,,,,0,,,,1,-1,-1,0,20,2,1,3,1,1,1.0,6350.428571428572,71.9539196829713,405.57142857142856,78.57142857142857,7,1390.7043046604856,413.8608374714353,1320.0,420.0,9.0,8.0,1.0,-1.17840507767476,0.10231937547607875,1.0257454984211656,0.10509698662307906
S646,2022-10-24,8,30,22:00,06:30,1,1,2,기타,2,0,-1,0,,,,0,,,,1,-1,-1,0,20,4,1,4,1,1,1.0,7037.0,71.16108156240088,400.1666666666667,78.0,6,1346.9517352506946,373.6526794562628,1320.0,390.0,8.5,8.5,0.0,-0.4491955875115764,0.27245534239561947,0.39100336593069235,0.27985154660989153
S646,2022-10-28,7,0,23:29,06:00,3,1,2,헬스,2,0,-1,0,,,,0,,,,1,-1,-1,0,20,2,1,3,3,2,1.0,7062.285714285715,70.06039842737776,393.2,78.0,5,1364.5277009380964,374.7865237208518,1409.0,360.0,6.516666666666667,7.0,0.4833333333333334,0.7412049843650607,-0.24644206201419744,0.6451836389062393,0.2531320971649731
S646,2022-11-06,7,0,22:30,06:01,2,1,2,헬스,2,0,-1,0,,,,0,,,,1,-1,-1,0,20,4,2,2,2,2,1.0,5809.285714285715,70.12332445665123,410.0,79.5,6,1325.826835036822,358.666968407162,1350.0,361.0,7.516666666666667,7.0,0.5166666666666666,0.4028860827196316,0.03888385988063305,0.3506931475054785,0.03993941990668203
S646,2022-11-16,8,0,22:06,18:10,1,1,2,기타,4,1,-1,0,,,,0,,,,1,-1,-1,0,15,4,1,4,1,1,1.0,6309.285714285715,67.07132329832882,433.2857142857143,79.71428571428571,7,1359.0880534628886,419.12286580006247,,,20.066666666666666,8.0,12.066666666666666,,,,
S646,2022-11-20,6,0,23:30,18:11,4,1,2,기타,2,0,-1,0,,,,0,,,,1,-1,-1,0,20,4,1,2,3,2,1.0,5950.285714285715,65.82800426817728,421.1428571428572,79.14285714285714,7,1372.706756563991,421.2458756262472,,,18.683333333333334,6.0,12.683333333333334,,,,
S648,2022-09-03,5,30,01:30,07:00,2,2,1,-1,-1,-1,-1,-1,-1.0,-1.0,-1.0,-1,-1.0,-1.0,-1.0,1,-1,-1,1,0,10,1,3,2,2,1.0,594.1428571428571,81.5983288169135,290.25,61.5,4,772.9152484079939,1122.1166439594654,90.0,420.0,5.5,5.5,0.0,-11.381920806799899,-11.70194406599109,9.907419996864173,12.019610687078607
S648,2022-09-12,8,0,02:10,10:10,1,1,2,등산,2,1,-1,0,,,,0,,,,1,-1,-1,0,30,6,1,3,2,1,0.5714285714285714,3190.5,98.67462239623468,,,0,,,130.0,610.0,8.0,8.0,0.0,,,,
S648,2022-09-17,6,30,23:00,05:00,2,2,1,-1,-1,-1,-1,-1,-1.0,-1.0,-1.0,-1,-1.0,-1.0,-1.0,1,-1,-1,0,30,6,1,3,2,2,0.2857142857142857,462.5,86.14335359355255,,,0,,,1380.0,300.0,6.0,6.5,0.5,,,,
S648,2022-09-26,5,0,02:30,07:30,1,1,1,-1,-1,-1,-1,-1,-1.0,-1.0,-1.0,-1,-1.0,-1.0,-1.0,1,-1,-1,0,30,7,1,4,1,1,0.0,,,,,0,,,150.0,450.0,5.0,5.0,0.0,,,,
S649,2022-09-10,6,0,04:00,10:00,3,1,1,-1,-1,-1,-1,-1,-1.0,-1.0,-1.0,-1,-1.0,-1.0,-1.0,1,-1,-1,1,0,2,2,2,3,2,1.0,3504.714285714286,75.14727328202405,379.3333333333333,78.66666666666667,3,187.6428718572875,619.7960002810267,240.0,600.0,6.0,6.0,0.0,0.8726188023785426,-0.3299333380171125,0.7595731088868426,0.33888986763996587
S649,2022-09-17,8,0,02:00,10:00,3,1,1,-1,-1,-1,-1,-1,-1.0,-1.0,-1.0,-1,-1.0,-1.0,-1.0,2,1,20,1,0,3,2,2,4,4,1.0,5215.714285714285,76.31636567134053,427.3333333333333,80.66666666666667,6,173.4342747959827,660.0986498733675,120.0,600.0,8.0,8.0,0.0,-0.8905712465997112,-1.0016441645561258,0.7751998565938846,1.0288352804503913
S649,2022-10-01,7,0,02:00,10:30,2,1,1,-1,-1,-1,-1,-1,-1.0,-1.0,-1.0,-1,-1.0,-1.0,-1.0,1,-1,-1,0,20,2,2,2,3,2,1.0,6956.714285714285,76.66732514546491,375.8,73.6,5,116.5615706695242,552.7572218821894,120.0,630.0,8.5,7.0,1.5,0.05730715550793093,1.287379635296844,0.04988314960893765,1.3223274641785567
S649,2022-10-09,7,0,03:00,10:00,2,1,1,-1,-1,-1,-1,-1,-1.0,-1.0,-1.0,-1,-1.0,-1.0,-1.0,1,-1,-1,0,15,2,1,4,3,2,1.0,5381.857142857143,71.2342174046169,392.2857142857143,75.28571428571429,7,204.9335325558556,658.0515435039761,180.0,600.0,7.0,7.0,0.0,-0.4155588759309277,-0.9675257250662678,0.3617242104524908,0.9937906453362504
S649,2022-10-16,8,0,02:00,11:00,2,1,1,-1,-1,-1,-1,-1,-1.0,-1.0,-1.0,-1,-1.0,-1.0,-1.0,1,-1,-1,0,30,4,1,2,4,2,1.0,5277.571428571428,71.19826351020556,425.8571428571428,77.57142857142857,7,198.4083027612321,701.2690356331282,120.0,660.0,9.0,8.0,1.0,-1.3068050460205352,-0.6878172605521361,1.1375115558010114,0.7064890798543902
S649,2022-10-25,8,0,03:00,00:00,3,1,1,-1,-1,-1,-1,-1,-1.0,-1.0,-1.0,-1,-1.0,-1.0,-1.0,1,-1,-1,0,20,4,2,2,4,3,1.0,4332.0,71.8211075091147,360.75,79.0,4,316.4112393380075,714.345969195512,,,21.0,8.0,13.0,,,,
S649,2022-11-14,8,0,04:00,11:00,3,1,1,-1,-1,-1,-1,-1,-1.0,-1.0,-1.0,-1,-1.0,-1.0,-1.0,1,-1,-1,0,30,3,2,2,4,2,1.0,7810.857142857143,74.77418418936763,387.5,71.33333333333333,6,1418.0698846910004,793.397575252213,240.0,660.0,7.0,8.0,1.0,4.3655019218166595,-2.223292920870216,3.7999615153459856,2.283647503482966
S649,2022-11-16,8,0,03:30,11:00,3,1,1,-1,-1,-1,-1,-1,-1.0,-1.0,-1.0,-1,-1.0,-1.0,-1.0,1,-1,-1,0,30,4,2,2,3,2,1.0,7735.428571428572,74.13005832311873,359.42857142857144,72.57142857142857,7,110.06922210688998,709.4036216105701,210.0,660.0,7.5,8.0,0.5,1.665512964885166,-0.8233936935095016,1.4497497156614971,0.8457459360913228
S981,2022-09-17,6,0,02:00,08:00,2,1,2,헬스,2,1,-1,달리기,1.0,0.0,15.0,0,,,,2,1,15,1,20,3,1,3,3,2,0.2857142857142857,8210.0,107.16176821034858,,,0,,,120.0,480.0,6.0,6.0,0.0,,,,
S981,2022-09-25,5,59,02:00,08:05,1,1,1,-1,-1,-1,-1,-1,-1.0,-1.0,-1.0,-1,-1.0,-1.0,-1.0,1,-1,-1,1,30,15,1,3,3,2,1.0,14144.142857142857,120.75889109624096,384.6,70.2,5,108.75685260814134,555.8023843928945,120.0,485.0,6.083333333333333,5.983333333333333,0.09999999999999964,0.18738578986431093,-1.1800397398815752,0.1631104058043285,1.2120736681590665
S981,2022-10-02,5,16,04:00,10:00,1,1,1,-1,-1,-1,-1,-1,-1.0,-1.0,-1.0,-1,-1.0,-1.0,-1.0,1,-1,-1,1,30,20,3,2,1,2,1.0,14303.714285714286,111.82471419620224,315.85714285714283,68.28571428571429,7,214.0816162639937,578.6691881431925,240.0,600.0,6.0,5.266666666666667,0.7333333333333334,0.43197306226677107,0.35551353094679145,0.3760119779300886,0.365164472832164
S981,2022-10-09,4,36,03:30,09:00,1,1,1,-1,-1,-1,-1,-1,-1.0,-1.0,-1.0,-1,-1.0,-1.0,-1.0,1,-1,-1,0,32,24,3,2,4,3,1.0,15657.142857142857,107.01597017892938,253.8571428571429,63.71428571428572,7,264.0800999728488,566.1354286337809,210.0,540.0,5.5,4.6,0.9000000000000004,-0.9013349995474793,-0.43559047722968103,0.784569190909786,0.44741522654476273
S981,2022-10-15,3,31,04:00,08:00,1,1,1,-1,-1,-1,-1,-1,-1.0,-1.0,-1.0,-1,-1.0,-1.0,-1.0,1,-1,-1,1,8,17,2,2,4,3,1.0,14966.857142857143,105.689547718692,258.0,68.25,4,219.24380237660583,515.1020389258993,240.0,480.0,4.0,3.5166666666666666,0.4833333333333334,0.34593662705657,-0.5850339820983208,0.30112135857599803,0.6009155969194568
S981,2022-10-23,5,51,04:27,08:27,1,1,1,-1,-1,-1,-1,-1,-1.0,-1.0,-1.0,-1,-1.0,-1.0,-1.0,1,-1,-1,0,30,16,1,3,4,3,1.0,9187.857142857143,112.08618537012504,367.5,68.16666666666667,6,180.8540611411272,603.5789540235146,267.0,507.0,4.0,5.85,1.8499999999999996,1.43576564764788,-1.6096492337252433,1.2497656177522307,1.6533455486563389
S981,2022-10-30,4,41,03:03,08:10,1,1,1,-1,-1,-1,-1,-1,-1.0,-1.0,-1.0,-1,-1.0,-1.0,-1.0,1,-1,-1,0,27,27,1,3,3,2,1.0,13307.42857142857,111.3270089996188,289.4,66.6,5,179.11296378767997,519.1661107679519,183.0,490.0,5.116666666666666,4.683333333333334,0.4333333333333327,0.06478393687200044,-0.48610184613253105,0.05639133170367765,0.49929780144512786
S981,2022-11-06,4,44,03:49,08:10,1,1,1,-1,-1,-1,-1,-1,-1.0,-1.0,-1.0,-1,-1.0,-1.0,-1.0,1,-1,-1,0,30,23,2,2,4,4,1.0,12798.285714285714,108.1466623557101,275.42857142857144,65.85714285714286,7,216.6112891533509,536.0108535452717,229.0,490.0,4.35,4.733333333333333,0.38333333333333375,0.20647851411081888,-0.7668475590878624,0.17972971296744433,0.7876647730149587
S981,2022-11-15,3,5,05:48,08:10,1,1,1,-1,-1,-1,-1,-1,-1.0,-1.0,-1.0,-1,-1.0,-1.0,-1.0,1,-1,-1,1,57,23,3,2,4,3,1.0,18317.571428571428,117.02869228055464,222.3333333333333,60.0,3,300.31628222323553,550.5812729253222,348.0,490.0,2.3666666666666667,3.0833333333333335,0.7166666666666668,0.794728629612742,-1.0096878820887032,0.6917734230237967,1.0370973566210844
S981,2022-11-20,6,22,00:15,08:15,1,1,1,-1,-1,-1,-1,-1,-1.0,-1.0,-1.0,-1,-1.0,-1.0,-1.0,1,-1,-1,0,43,25,3,1,2,4,1.0,12806.57142857143,110.1145975369665,352.6666666666667,66.0,3,1408.3728831597766,409.7547819526827,15.0,495.0,8.0,6.366666666666666,1.6333333333333337,0.777118614003723,1.4207536341219547,0.6764447431154238,1.459322097943364
S981,2022-11-27,6,9,01:04,08:30,1,1,2,헬스,2,0,-1,0,,,,0,,,,1,-1,-1,0,42,23,2,2,3,3,1.0,12517.285714285714,102.12132789248028,362.8333333333333,68.83333333333333,6,224.08778046479443,636.248184560596,64.0,510.0,7.433333333333334,6.15,1.2833333333333332,-2.6681296744132394,-2.1041364093432664,2.3224798115548118,2.1612563117880135
S982,2022-09-18,7,0,03:30,09:30,1,1,1,-1,-1,-1,-1,-1,-1.0,-1.0,-1.0,-1,-1.0,-1.0,-1.0,1,-1,-1,1,0,4,1,4,1,1,0.4285714285714285,4346.333333333333,76.92026758461265,320.0,76.0,2,213.5,577.0,210.0,570.0,6.0,7.0,1.0,-0.058333333333333334,-0.11666666666666667,0.05077638853409837,0.11983375630446909
S982,2022-09-24,6,5,03:40,09:30,1,1,1,-1,-1,-1,-1,-1,-1.0,-1.0,-1.0,-1,-1.0,-1.0,-1.0,1,-1,-1,1,30,5,1,4,2,1,1.0,5585.0,78.33281896784544,305.57142857142856,69.28571428571429,7,199.3992571971021,551.9342255705749,220.0,570.0,5.833333333333333,6.083333333333333,0.25,0.3433457133816319,0.30109624049041867,0.2988660916145643,0.30926994434674837
S982,2022-10-01,5,51,04:20,08:50,1,1,1,-1,-1,-1,-1,-1,-1.0,-1.0,-1.0,-1,-1.0,-1.0,-1.0,1,-1,-1,1,0,4,1,4,2,1,1.0,4083.714285714286,76.05002045065628,333.5,71.5,6,249.47552022449048,633.436630889708,260.0,530.0,4.5,5.85,1.3499999999999996,0.17540799625849104,-1.7239438481618,0.15268430691443682,1.7707428598560837
S982,2022-10-09,5,26,04:40,08:00,1,1,1,-1,-1,-1,-1,-1,-1.0,-1.0,-1.0,-1,-1.0,-1.0,-1.0,1,-1,-1,0,30,4,1,4,1,1,1.0,5324.857142857143,83.52234900870096,290.8,65.6,5,344.4676725642651,694.440063356035,280.0,480.0,3.3333333333333335,5.433333333333334,2.1,-1.0744612094044177,-3.574001055933917,0.9352673114320447,3.6710226134460013
S982,2022-10-16,5,17,04:25,08:20,1,1,1,-1,-1,-1,-1,-1,-1.0,-1.0,-1.0,-1,-1.0,-1.0,-1.0,1,-1,-1,0,40,2,1,4,1,2,1.0,3515.1428571428573,77.35823784973931,357.0,74.0,5,266.1827184778321,682.3345490337368,265.0,500.0,3.9166666666666665,5.283333333333333,1.3666666666666667,-0.019711974630536134,-3.0389091505622807,0.01715833513053245,3.1214048449705842
S982,2022-10-25,3,40,06:15,09:10,1,1,1,-1,-1,-1,-1,-1,-1.0,-1.0,-1.0,-1,-1.0,-1.0,-1.0,1,-1,-1,0,30,8,2,3,1,4,1.0,4108.285714285715,79.12709145646014,417.3333333333333,77.66666666666667,3,283.50315220441007,761.0981081623657,375.0,550.0,2.9166666666666665,3.6666666666666665,0.75,1.524947463259832,-3.518301802706096,1.327394140946896,3.6138113214090564
S982,2022-10-30,5,50,04:00,08:50,1,1,1,-1,-1,-1,-1,-1,-1.0,-1.0,-1.0,-1,-1.0,-1.0,-1.0,1,-1,-1,0,40,7,1,3,2,2,1.0,5705.428571428572,82.355360030504,376.5,69.5,4,214.1625390550882,643.4059327640354,240.0,530.0,4.833333333333333,5.833333333333333,1.0,0.4306243490818626,-1.8900988794005893,0.3748379873352662,1.941408415760917
S982,2022-11-06,6,41,04:10,11:02,1,1,1,-1,-1,-1,-1,-1,-1.0,-1.0,-1.0,-1,-1.0,-1.0,-1.0,1,-1,-1,0,20,5,1,4,1,1,1.0,5692.428571428572,81.05682732318685,347.1428571428572,69.57142857142857,7,230.5138036614256,636.6900043845026,250.0,662.0,6.866666666666666,6.683333333333334,0.18333333333333268,0.32476993897623935,0.4218332602582905,0.2826967646683362,0.4332845495221
S982,2022-11-15,5,18,04:40,08:45,1,1,1,-1,-1,-1,-1,-1,-1.0,-1.0,-1.0,-1,-1.0,-1.0,-1.0,1,-1,-1,0,40,5,1,4,1,1,1.0,4429.142857142857,81.01515548433679,348.42857142857144,67.28571428571429,7,274.1104919713809,674.4400240982203,280.0,525.0,4.083333333333333,5.3,1.2166666666666668,0.0981584671436508,-2.490667068303672,0.085442270838815,2.558279918560017
S984,2022-09-25,8,0,01:00,09:30,2,1,2,헬스,4,2,-1,0,,,,0,,,,2,1,25,0,20,3,2,3,2,2,0.5714285714285714,7471.25,77.23423993470232,384.0,77.66666666666667,3,122.6610901867722,575.2495630164898,60.0,570.0,8.5,8.0,0.5,-1.0443515031128698,-0.08749271694149646,0.9090582460839209,0.08986783646042726
S984,2022-10-03,6,0,04:35,09:41,1,1,2,헬스,4,2,-1,0,,,,0,,,,2,1,20,0,20,3,2,2,2,2,1.0,11166.714285714286,90.43521575897373,326.8,69.8,5,267.9201788596704,639.7438426167577,275.0,581.0,5.1,6.0,0.9000000000000004,0.11799701900549356,-0.9790640436126277,0.10271078542094281,1.0056421886463747
S984,2022-11-14,5,0,01:21,09:21,1,1,2,헬스,4,2,-1,0,,,,0,,,,2,4,30,0,30,3,2,3,3,3,0.0,,,,,0,,,81.0,561.0,8.0,5.0,3.0,,,,
S984,2022-11-23,8,0,03:00,10:00,1,1,2,헬스,4,2,-1,0,,,,0,,,,2,3,20,0,10,3,3,3,4,3,0.0,,,,,0,,,180.0,600.0,7.0,8.0,1.0,,,,
S984,2022-11-28,9,0,03:32,11:32,1,1,2,헬스,4,2,-1,0,,,,0,,,,1,-1,-1,0,20,3,2,3,3,3,0.2857142857142857,5979.0,68.02107651747106,474.0,82.0,1,138.0,712.0,212.0,692.0,8.0,9.0,1.0,1.2333333333333334,-0.3333333333333333,1.0735579290066513,0.34238216086991163
S984,2022-11-30,8,0,03:23,12:23,1,1,2,헬스,4,2,-1,0,,,,0,,,,1,-1,-1,0,10,3,2,3,4,3,0.5714285714285714,8823.25,73.26702687321419,365.0,80.0,3,311.8592022548828,735.6281545547229,203.0,743.0,9.0,8.0,1.0,-1.81432003758138,0.12286409075461885,1.5792791854874075,0.12619941865765
S984,2022-12-03,8,0,05:05,11:05,1,1,2,헬스,0,0,-1,0,,,,0,,,,1,-1,-1,0,10,3,2,3,2,3,1.0,9516.857142857143,74.21537876502687,369.0,77.4,5,305.0234045955646,731.0030220905745,305.0,665.0,6.0,8.0,2.0,-0.0003900765927445112,-1.100050368176242,0.0003395430965357581,1.1299128663657707
S984,2022-12-08,8,0,11:40,23:58,1,1,1,-1,-1,-1,-1,-1,-1.0,-1.0,-1.0,-1,-1.0,-1.0,-1.0,1,-1,-1,0,10,3,1,3,2,2,0.7142857142857143,8451.4,75.356463307171,486.5,78.0,4,230.94550591360576,741.8798314533044,,,12.3,8.0,4.300000000000001,,,,
S985,2022-09-17,7,0,01:30,08:00,1,1,1,-1,-1,-1,-1,-1,-1.0,-1.0,-1.0,-1,-1.0,-1.0,-1.0,1,-1,-1,1,0,8,2,2,2,1,0.2857142857142857,8321.0,80.8742328905461,345.0,75.0,1,1369.0,324.0,90.0,480.0,6.5,7.0,0.5,2.683333333333333,2.6,2.3357138725685247,2.670580854785311
S985,2022-09-25,6,30,01:00,08:00,1,1,1,-1,-1,-1,-1,-1,-1.0,-1.0,-1.0,-1,-1.0,-1.0,-1.0,1,-1,-1,1,30,16,1,3,2,1,1.0,11441.42857142857,84.97773097968471,377.0,69.5,6,98.8608404342712,550.1958779652599,60.0,480.0,7.0,6.5,0.5,-0.6476806739045192,-1.1699312994209985,0.5637751807577578,1.2016908190953153
S985,2022-10-02,6,44,02:00,10:00,1,1,1,-1,-1,-1,-1,-1,-1.0,-1.0,-1.0,-1,-1.0,-1.0,-1.0,1,-1,-1,1,0,13,1,3,2,1,1.0,8980.42857142857,79.7501482404464,392.6666666666667,77.33333333333333,6,40.33540492666245,516.529198903416,120.0,600.0,8.0,6.733333333333333,1.2666666666666666,1.327743251222292,1.3911800182763991,1.1557372662444012,1.4289456624495502
S985,2022-10-09,7,21,00:30,20:30,1,1,1,-1,-1,-1,-1,-1,-1.0,-1.0,-1.0,-1,-1.0,-1.0,-1.0,1,-1,-1,1,0,11,1,3,1,2,1.0,10753.857142857143,79.86925372970948,403.2857142857143,78.42857142857143,7,20.515034551050785,492.452578726203,,,20.0,7.35,12.65,,,,
S985,2022-10-17,7,0,02:01,21:00,1,1,1,-1,-1,-1,-1,-1,-1.0,-1.0,-1.0,-1,-1.0,-1.0,-1.0,1,-1,-1,1,0,8,1,2,2,2,1.0,8819.714285714286,81.6184006321868,365.5,73.5,4,109.60558319649684,532.4578745156489,,,18.983333333333334,7.0,11.983333333333334,,,,
S985,2022-10-24,5,35,00:30,08:00,1,1,1,-1,-1,-1,-1,-1,-1.0,-1.0,-1.0,-1,-1.0,-1.0,-1.0,1,-1,-1,1,0,9,2,3,2,2,1.0,8200.714285714286,82.93271578968263,365.25,75.5,4,57.74472225076035,468.4871540225853,30.0,480.0,7.5,5.583333333333333,1.916666666666667,-0.46241203751267224,0.19188076629024522,0.40250765622150025,0.197089654175486
S985,2022-10-29,7,13,00:00,08:00,1,1,1,-1,-1,-1,-1,-1,-1.0,-1.0,-1.0,-1,-1.0,-1.0,-1.0,2,1,60,1,0,12,1,4,1,1,1.0,7796.0,79.6770224683207,399.0,79.57142857142857,7,28.092843936514846,485.5943870949874,0.0,480.0,8.0,7.216666666666667,0.7833333333333332,-0.4682140656085816,-0.09323978491645638,0.4075580453566485,0.09577091711622639
S985,2022-11-07,7,30,00:00,08:00,1,1,1,-1,-1,-1,-1,-1,-1.0,-1.0,-1.0,-1,-1.0,-1.0,-1.0,2,2,60,0,50,7,2,3,1,2,1.0,5761.857142857143,73.84152508095973,373.5,71.83333333333333,6,20.6590761237989,459.7261945940241,0.0,480.0,8.0,7.5,0.5,-0.34431793539664757,0.33789675676626607,0.29971236457643585,0.34706946519770737
S985,2022-11-18,9,0,21:30,06:30,1,1,1,-1,-1,-1,-1,-1,-1.0,-1.0,-1.0,-1,-1.0,-1.0,-1.0,2,1,60,0,50,7,1,3,1,2,1.0,4790.428571428572,80.5484374455212,434.25,77.75,4,1354.1402742833022,419.9891319209392,1290.0,390.0,9.0,9.0,0.0,-1.0690045713883705,-0.49981886534898573,0.9305175679121691,0.5133871894851995
S985,2022-11-19,6,58,23:00,18:00,1,1,1,-1,-1,-1,-1,-1,-1.0,-1.0,-1.0,-1,-1.0,-1.0,-1.0,2,1,60,1,0,8,1,3,1,2,1.0,5201.285714285715,81.56462752947566,432.4,77.4,5,1336.184938588368,399.23793748124587,,,19.0,6.966666666666667,12.033333333333333,,,,
S985,2022-11-28,6,30,01:00,07:30,1,1,1,-1,-1,-1,-1,-1,-1.0,-1.0,-1.0,-1,-1.0,-1.0,-1.0,2,2,60,1,0,6,1,3,1,1,1.0,6213.142857142857,81.24699574757742,382.5,72.83333333333333,6,86.56691204900207,543.8650047001215,60.0,450.0,6.5,6.5,0.0,-0.4427818674833683,-1.5644167450020252,0.3854205281003857,1.606885156964601
S986,2022-09-17,7,0,02:00,10:00,1,1,2,헬스,3,1,-1,0,,,,0,,,,2,3,15,1,0,6,1,4,3,2,0.2857142857142857,7165.5,85.8187919079409,392.0,81.0,1,192.0,632.0,120.0,600.0,8.0,7.0,1.0,-1.2,-0.5333333333333333,1.0445428498443092,0.5478114573918587
S986,2022-09-25,7,0,03:00,10:00,1,1,2,헬스,3,1,-1,0,,,,0,,,,1,-1,-1,1,0,4,1,4,3,1,1.0,8877.142857142857,81.90583529995187,326.85714285714283,75.28571428571429,7,222.5111919823456,592.1442400339081,180.0,600.0,7.0,7.0,0.0,-0.708519866372427,0.1309293327681985,0.6167328003266368,0.1344836036232946
S986,2022-10-01,6,30,03:00,09:00,1,1,2,헬스,3,1,-1,0,,,,0,,,,1,-1,-1,0,30,3,1,4,3,1,1.0,9307.42857142857,81.01472628384468,313.0,76.2,5,231.72530133313973,583.1400767975194,180.0,540.0,6.0,6.5,0.5,-0.8620883555523278,-0.7190012799586574,0.7504068564385189,0.7385196357014322
S986,2022-10-08,6,2,15:02,22:03,1,1,2,헬스,2,1,-1,0,,,,0,,,,1,-1,-1,0,50,9,1,4,1,2,1.0,8109.857142857143,78.62314632636055,393.6666666666667,78.0,6,199.1728629307768,649.5669184462486,902.0,1323.0,7.016666666666667,6.033333333333333,0.9833333333333334,11.713785617820387,11.223884692562525,10.196292509752825,11.528573683182843
S986,2022-10-15,6,59,03:00,09:00,2,1,2,헬스,2,1,-1,0,,,,0,,,,1,-1,-1,1,0,10,1,4,3,2,1.0,7037.714285714285,82.61341679833983,422.57142857142856,80.14285714285714,7,188.87941375473537,664.1020821316756,180.0,540.0,6.0,6.983333333333333,0.9833333333333334,-0.1479902292455904,-2.068368035527927,0.12881844650441804,2.1245169524349174
S986,2022-10-22,7,39,04:30,22:30,1,1,2,헬스,2,1,-1,0,,,,0,,,,1,-1,-1,1,0,9,1,4,2,3,1.0,6648.714285714285,81.75167635471121,404.2,81.0,5,226.8710799372066,681.8854269631663,,,18.0,7.65,10.35,,,,
S986,2022-10-29,6,28,22:00,06:00,1,1,1,-1,-1,-1,-1,-1,-1.0,-1.0,-1.0,-1,-1.0,-1.0,-1.0,1,-1,-1,1,0,9,1,1,3,1,1.0,7452.0,78.03126441682181,385.1666666666667,78.16666666666667,6,75.2896755949573,518.6402809600008,1320.0,360.0,8.0,6.466666666666667,1.5333333333333332,-3.254827926582622,-2.6440046826666808,2.8331726984878802,2.71578010980475
S986,2022-11-05,6,14,21:08,06:00,1,1,1,-1,-1,-1,-1,-1,-1.0,-1.0,-1.0,-1,-1.0,-1.0,-1.0,1,-1,-1,1,0,9,1,4,1,1,1.0,12055.57142857143,83.13129276115917,383.4285714285714,79.42857142857143,7,1415.4840160989024,409.7669283156228,1268.0,360.0,8.866666666666667,6.233333333333333,2.6333333333333337,-2.4580669349817073,-0.829448805260381,2.1396302011448824,0.8519654228280474
S986,2022-11-13,6,0,02:55,08:51,1,1,2,헬스,1,1,-1,0,,,,0,,,,1,-1,-1,1,0,9,1,4,4,4,1.0,6105.285714285715,79.09902881183048,427.2857142857143,82.0,7,126.50498309475866,614.7068829942353,175.0,531.0,5.933333333333334,6.0,0.06666666666666643,0.8082502817540217,-1.395114716570589,0.7035433772423432,1.432987173962558
S986,2022-11-20,6,0,03:00,09:00,1,1,2,헬스,2,1,-1,0,,,,0,,,,1,-1,-1,1,0,9,1,4,4,4,1.0,10002.142857142857,77.35511287899796,354.85714285714283,77.14285714285714,7,206.0151910400435,613.003612882866,180.0,540.0,6.0,6.0,0.0,-0.4335865173340589,-1.2167268813811005,0.3774164137251557,1.2497567365073097
S986,2022-11-27,6,0,03:06,09:06,1,1,2,헬스,1,1,-1,0,,,,0,,,,1,-1,-1,0,30,9,2,4,4,4,1.0,6905.142857142857,82.51943696891087,340.0,74.16666666666667,6,179.5865141341578,561.4108205382295,186.0,546.0,6.0,6.0,0.0,0.10689143109736961,-0.25684700897049123,0.0930439000519859,0.2638195018328711
S987,2022-10-21,8,30,03:00,10:05,2,1,2,기타,0,0,-1,기타,0.0,0.0,0.0,기타,0.0,0.0,0.0,2,1,10,20,0,1,2,2,2,4,0.1428571428571428,5041.0,87.69708840656432,,,0,,,180.0,605.0,7.083333333333333,8.5,1.416666666666667,,,,
S987,2022-10-24,7,0,03:06,09:06,2,1,1,-1,-1,-1,-1,-1,-1.0,-1.0,-1.0,-1,-1.0,-1.0,-1.0,1,-1,-1,1,0,0,2,2,2,4,0.5714285714285714,5098.75,88.86724724675382,,,0,,,186.0,546.0,6.0,7.0,1.0,,,,
S987,2022-10-30,8,0,02:15,10:15,2,1,1,-1,-1,-1,-1,-1,-1.0,-1.0,-1.0,-1,-1.0,-1.0,-1.0,1,-1,-1,0,20,2,2,2,2,4,1.0,4650.142857142857,83.83277471109487,313.3333333333333,70.33333333333333,3,274.9151220616748,637.974378694569,135.0,615.0,8.0,8.0,0.0,-2.3319187010279125,-0.3829063115761509,2.029824171314113,0.3933008711045106
S987,2022-11-02,5,0,12:20,09:21,2,1,1,-1,-1,-1,-1,-1,-1.0,-1.0,-1.0,-1,-1.0,-1.0,-1.0,1,-1,-1,0,30,1,3,2,2,3,1.0,4197.714285714285,82.46089815328502,375.6666666666667,75.66666666666667,3,266.8634332136511,692.7517721733926,,,21.016666666666666,5.0,16.016666666666666,,,,
S987,2022-11-15,5,0,05:05,11:05,2,2,1,-1,-1,-1,-1,-1,-1.0,-1.0,-1.0,-1,-1.0,-1.0,-1.0,2,1,10,0,10,0,3,2,2,2,0.2857142857142857,1343.0,71.14005319790935,322.5,75.5,2,306.0,663.0,305.0,665.0,6.0,5.0,1.0,-0.016666666666666666,0.03333333333333333,0.014507539581170962,0.034238216086991166
S987,2022-12-01,6,0,02:36,07:37,1,1,1,-1,-1,-1,-1,-1,-1.0,-1.0,-1.0,-1,-1.0,-1.0,-1.0,1,-1,-1,0,10,1,3,2,2,4,0.0,,,,,0,,,156.0,457.0,5.016666666666667,6.0,0.9833333333333334,,,,
S987,2022-12-05,9,0,02:20,11:20,2,1,1,-1,-1,-1,-1,-1,-1.0,-1.0,-1.0,-1,-1.0,-1.0,-1.0,1,-1,-1,0,20,0,1,3,2,4,0.0,,,,,0,,,140.0,680.0,9.0,9.0,0.0,,,,
S987,2022-12-14,10,0,01:22,12:22,1,2,1,-1,-1,-1,-1,-1,-1.0,-1.0,-1.0,-1,-1.0,-1.0,-1.0,2,1,20,0,5,1,1,4,4,4,0.0,,,,,0,,,82.0,742.0,11.0,10.0,1.0,,,,
S987,2022-12-24,8,0,01:01,08:01,2,1,1,-1,-1,-1,-1,-1,-1.0,-1.0,-1.0,-1,-1.0,-1.0,-1.0,2,1,10,0,10,1,1,3,2,4,0.0,,,,,0,,,61.0,481.0,7.0,8.0,1.0,,,,
S988,2022-09-17,5,0,01:00,06:00,4,4,2,헬스,4,1,-1,0,,,,0,,,,2,4,20,1,0,30,2,2,4,3,0.0,,,,,0,,,60.0,360.0,5.0,5.0,0.0,,,,
S988,2022-09-24,4,0,03:30,07:15,3,3,2,헬스,3,1,-1,0,,,,0,,,,2,5,30,2,0,30,3,1,3,3,0.0,,,,,0,,,210.0,435.0,3.75,4.0,0.25,,,,
S988,2022-10-01,4,0,02:00,06:00,3,3,2,헬스,5,1,-1,0,,,,0,,,,2,5,20,2,0,30,2,2,4,3,0.7142857142857143,7624.8,77.01991639948412,,,0,,,120.0,360.0,4.0,4.0,0.0,,,,
S988,2022-10-08,6,0,01:00,07:00,3,3,2,헬스,5,1,-1,0,,,,0,,,,2,5,30,5,0,30,2,3,3,3,1.0,9688.714285714286,80.7680162702229,340.5,70.5,6,55.54798123787926,448.14387532086425,60.0,420.0,6.0,6.0,0.0,0.07420031270201169,-0.46906458868107087,0.06458783840758182,0.481798042380544
S988,2022-10-15,7,0,12:00,07:00,3,3,2,헬스,5,1,-1,0,,,,0,,,,2,5,30,2,0,30,2,3,3,3,0.1428571428571428,6967.0,83.73661021616412,,,0,,,,,19.0,7.0,12.0,,,,
S988,2022-10-25,5,0,01:00,06:02,4,4,2,헬스,5,1,-1,0,,,,0,,,,2,5,40,2,0,30,3,2,4,4,0.7142857142857143,4492.8,80.47355303083638,,,0,,,60.0,362.0,5.033333333333333,5.0,0.033333333333333215,,,,
S988,2022-10-30,6,0,01:00,07:00,3,3,2,헬스,5,1,-1,0,,,,0,,,,2,5,60,2,0,30,3,1,4,4,1.0,6867.285714285715,80.42984824641374,,,0,,,60.0,420.0,6.0,6.0,0.0,,,,
S988,2022-11-05,6,0,01:00,07:00,3,3,2,헬스,5,1,-1,0,,,,0,,,,2,5,30,2,0,30,3,1,4,4,1.0,8057.571428571428,83.47919842758468,,,0,,,60.0,420.0,6.0,6.0,0.0,,,,
S988,2022-11-13,6,0,01:05,07:05,3,3,2,헬스,5,1,-1,0,,,,0,,,,2,5,30,8,30,30,3,1,3,3,0.4285714285714285,6424.666666666667,81.3173523479784,,,0,,,65.0,425.0,6.0,6.0,0.0,,,,
S988,2022-11-19,6,0,01:00,07:00,3,3,2,헬스,5,1,-1,0,,,,0,,,,2,5,30,1,0,30,2,2,3,2,0.0,,,,,0,,,60.0,420.0,6.0,6.0,0.0,,,,
S989,2022-09-17,7,10,23:20,06:50,2,2,1,-1,-1,-1,-1,-1,-1.0,-1.0,-1.0,-1,-1.0,-1.0,-1.0,1,-1,-1,0,20,2,2,1,4,2,0.2857142857142857,1412.0,67.87794833060448,,,0,,,1400.0,410.0,7.5,7.166666666666667,0.33333333333333304,,,,
S989,2022-09-25,7,15,22:30,06:30,2,3,1,-1,-1,-1,-1,-1,-1.0,-1.0,-1.0,-1,-1.0,-1.0,-1.0,1,-1,-1,0,30,2,2,2,3,2,1.0,3717.571428571429,69.00028057163158,434.4285714285714,80.42857142857143,7,1347.8865941203612,398.97134331715455,1350.0,390.0,8.0,7.25,0.75,0.03522343132731294,-0.14952238861924344,0.030660319449938984,0.15358139554166178
S989,2022-10-02,6,56,00:40,07:00,2,3,1,-1,-1,-1,-1,-1,-1.0,-1.0,-1.0,-1,-1.0,-1.0,-1.0,2,4,10,0,15,5,2,2,4,2,1.0,6144.142857142857,75.95595232351141,384.8571428571428,79.14285714285714,7,21.989151267478192,456.8128580830141,40.0,420.0,6.333333333333333,6.933333333333334,0.6000000000000005,0.300180812208697,-0.6135476347169022,0.2612931008775432,0.6302032949129887
S989,2022-10-09,7,48,23:04,07:33,2,3,1,-1,-1,-1,-1,-1,-1.0,-1.0,-1.0,-1,-1.0,-1.0,-1.0,2,4,10,0,37,6,3,2,3,2,1.0,3482.428571428572,73.82432197454588,450.0,79.5,6,1320.5066176513935,404.2811874982421,1384.0,453.0,8.483333333333333,7.8,0.6833333333333327,1.0582230391434413,0.8119802083626306,0.9211327575648302,0.8340226149683958
S989,2022-10-18,8,12,01:07,07:41,2,3,1,-1,-1,-1,-1,-1,-1.0,-1.0,-1.0,-1,-1.0,-1.0,-1.0,2,4,15,0,10,2,3,1,3,4,1.0,2761.8571428571427,75.07512060871144,474.57142857142856,84.42857142857143,7,1400.766855751937,495.8195027822834,67.0,461.0,6.566666666666666,8.2,1.6333333333333329,1.7705524041343816,-0.5803250463713899,1.541181545011017,0.5960788301507045
S989,2022-10-24,7,7,22:40,06:40,2,3,1,-1,-1,-1,-1,-1,-1.0,-1.0,-1.0,-1,-1.0,-1.0,-1.0,2,4,10,0,15,2,3,2,3,2,1.0,1999.142857142857,72.56229970580817,410.5,82.0,6,1423.6761227057614,452.8151840185582,1360.0,400.0,8.0,7.116666666666666,0.8833333333333337,-1.0612687117626896,-0.8802530669759714,0.9237838705293322,0.9041488415508004
S989,2022-10-29,6,58,00:05,07:43,2,3,1,-1,-1,-1,-1,-1,-1.0,-1.0,-1.0,-1,-1.0,-1.0,-1.0,1,-1,-1,0,20,2,2,2,3,2,1.0,2985.285714285714,76.7523145587394,419.57142857142856,81.57142857142857,7,1422.4053036897249,452.0179272234921,5.0,463.0,7.633333333333334,6.966666666666667,0.666666666666667,0.376578271837919,0.18303454627513246,0.32779345104585406,0.18800329040257108
S989,2022-11-06,6,56,00:07,07:30,2,2,1,-1,-1,-1,-1,-1,-1.0,-1.0,-1.0,-1,-1.0,-1.0,-1.0,1,-1,-1,0,30,4,2,2,3,2,1.0,4717.428571428572,75.85978534779159,410.8333333333333,79.83333333333333,6,0.8799796713743769,467.0430934648095,7.0,450.0,7.383333333333334,6.933333333333334,0.4500000000000002,0.10200033881042714,-0.2840515577468257,0.08878643715510723,0.2917625584194681
S989,2022-11-12,6,58,00:40,08:30,1,1,1,-1,-1,-1,-1,-1,-1.0,-1.0,-1.0,-1,-1.0,-1.0,-1.0,2,4,10,0,20,5,3,2,4,3,1.0,5536.857142857143,73.49462581200844,418.0,83.6,5,79.05419622229863,554.3376053515623,40.0,510.0,7.833333333333333,6.966666666666667,0.8666666666666663,-0.6509032703716439,-0.7389600891927046,0.5665802975058148,0.7590202564032625
S989,2022-11-21,6,36,00:33,08:01,1,2,1,-1,-1,-1,-1,-1,-1.0,-1.0,-1.0,-1,-1.0,-1.0,-1.0,1,-1,-1,0,15,3,3,2,2,3,1.0,3831.428571428572,77.22894081892962,407.3333333333333,77.66666666666667,6,28.151304426498665,490.253119751841,33.0,481.0,7.466666666666667,6.6,0.8666666666666671,0.08081159289168909,-0.154218662530684,0.0703426429496192,0.1584051567711698
S989,2022-11-26,7,21,00:30,07:40,2,2,1,-1,-1,-1,-1,-1,-1.0,-1.0,-1.0,-1,-1.0,-1.0,-1.0,2,3,10,0,15,3,2,2,3,2,1.0,2920.714285714286,74.90807044473131,487.8,81.6,5,1382.8609178784316,507.5232173383525,30.0,460.0,7.166666666666667,7.35,0.18333333333333268,1.452318035359474,-0.7920536223058737,1.2641736829455612,0.8135550921897777
S991,2022-09-18,6,30,02:20,08:00,1,1,2,달리기,3,0,-1,0,,,,0,,,,2,3,20,1,0,10,1,4,1,1,0.4285714285714285,6893.333333333333,86.97996313389469,323.0,77.0,1,197.00000000000003,565.0,140.0,480.0,5.666666666666667,6.5,0.833333333333333,-0.95,-1.4166666666666667,0.8269297561267448,1.4551241836971247
S991,2022-09-25,7,0,01:30,20:00,1,1,2,달리기,1,1,-1,0,,,,0,,,,1,-1,-1,1,0,20,1,4,1,1,0.8571428571428571,9775.333333333334,86.6439220947441,388.8,79.4,5,117.71084087297297,558.1580273511295,,,18.5,7.0,11.5,,,,
S991,2022-10-02,7,0,00:45,08:46,1,1,1,-1,-1,-1,-1,-1,-1.0,-1.0,-1.0,-1,-1.0,-1.0,-1.0,1,-1,-1,1,0,10,1,4,1,1,0.0,,,,,0,,,45.0,526.0,8.016666666666667,7.0,1.0166666666666675,,,,
S991,2022-10-08,7,0,02:00,08:00,1,1,1,-1,-1,-1,-1,-1,-1.0,-1.0,-1.0,-1,-1.0,-1.0,-1.0,1,-1,-1,1,0,10,1,4,1,1,0.0,,,,,0,,,120.0,480.0,6.0,7.0,1.0,,,,
S991,2022-10-15,8,0,01:30,08:15,1,1,1,-1,-1,-1,-1,-1,-1.0,-1.0,-1.0,-1,-1.0,-1.0,-1.0,1,-1,-1,2,0,10,1,4,1,1,0.0,,,,,0,,,90.0,495.0,6.75,8.0,1.25,,,,
S991,2022-10-22,8,0,01:30,09:00,1,1,1,-1,-1,-1,-1,-1,-1.0,-1.0,-1.0,-1,-1.0,-1.0,-1.0,1,-1,-1,1,30,10,1,4,1,1,0.0,,,,,0,,,90.0,540.0,7.5,8.0,0.5,,,,
S991,2022-10-29,8,0,02:00,08:10,1,1,1,-1,-1,-1,-1,-1,-1.0,-1.0,-1.0,-1,-1.0,-1.0,-1.0,1,-1,-1,2,0,10,1,4,1,1,0.7142857142857143,7580.2,75.90197633446763,,,0,,,120.0,490.0,6.166666666666667,8.0,1.833333333333333,,,,
S991,2022-11-06,8,0,01:22,08:20,1,1,1,-1,-1,-1,-1,-1,-1.0,-1.0,-1.0,-1,-1.0,-1.0,-1.0,1,-1,-1,2,0,10,1,4,1,1,1.0,11527.42857142857,88.59951517000908,319.0,75.0,4,155.89720787862353,518.9603382285043,82.0,500.0,6.966666666666667,8.0,1.0333333333333332,-1.2316201313103912,-0.31600563714173785,1.0720666682371487,0.32458407867498423
S991,2022-11-12,8,0,01:30,08:10,1,1,1,-1,-1,-1,-1,-1,-1.0,-1.0,-1.0,-1,-1.0,-1.0,-1.0,1,-1,-1,2,0,10,1,4,1,1,0.7142857142857143,9995.0,92.59057082873797,352.75,73.5,4,128.75726981497078,552.8667689386134,90.0,490.0,6.666666666666667,8.0,1.333333333333333,-0.6459544969161792,-1.0477794823102233,0.5622726258988108,1.076223009805595
S991,2022-11-19,8,0,01:10,08:15,1,1,1,-1,-1,-1,-1,-1,-1.0,-1.0,-1.0,-1,-1.0,-1.0,-1.0,1,-1,-1,1,30,10,1,4,1,3,0.0,,,,,0,,,70.0,495.0,7.083333333333333,8.0,0.916666666666667,,,,
S992,2022-09-17,5,0,02:30,20:00,1,1,2,골프,7,1,-1,0,,,,0,,,,1,-1,-1,1,0,1,1,2,2,4,0.5714285714285714,3789.75,99.8266942192724,323.0,70.5,2,121.5,497.5,,,17.5,5.0,12.5,,,,
S992,2022-09-25,6,46,02:50,08:30,1,1,2,골프,4,1,-1,0,,,,0,,,,2,1,40,0,30,5,2,2,4,2,1.0,5332.142857142857,95.99891912011957,378.57142857142856,82.85714285714286,7,161.62659234372822,601.8496611775245,170.0,510.0,5.666666666666667,6.766666666666667,1.0999999999999996,0.13955679427119586,-1.5308276862920744,0.12147754300264242,1.572384273456503
S992,2022-10-02,6,2,01:50,08:40,1,1,2,골프,2,1,-1,0,,,,0,,,,2,1,30,0,30,3,1,3,3,1,1.0,6863.285714285715,100.32545549752076,306.42857142857144,78.28571428571429,7,109.09568859394425,460.44291511410745,110.0,520.0,6.833333333333333,6.033333333333333,0.7999999999999998,0.015071856767595667,0.9926180814315425,0.013119333517058015,1.0195641709172323
S992,2022-10-08,7,11,02:00,08:30,1,1,2,골프,2,1,-1,0,,,,0,,,,1,-1,-1,1,30,3,1,4,4,4,1.0,4402.285714285715,95.1706344871832,366.2857142857143,80.57142857142857,7,134.12567469220272,588.0698018394123,120.0,510.0,6.5,7.183333333333334,0.6833333333333336,-0.23542791153671108,-1.3011633639902054,0.20492878470787512,1.3364853726231898
S992,2022-10-15,6,51,02:15,08:23,2,1,2,골프,4,1,-1,0,,,,0,,,,1,-1,-1,0,25,5,1,4,4,4,1.0,5950.428571428572,92.90714165124643,338.7142857142857,82.28571428571429,7,177.2133646641244,572.5563074343586,135.0,503.0,6.133333333333334,6.85,0.7166666666666659,-0.703556077735406,-1.159271790572643,0.6124120587191878,1.1907419420753798
S992,2022-10-22,6,35,01:30,07:30,1,1,2,골프,2,1,-1,0,,,,0,,,,1,-1,-1,0,30,1,1,2,3,1,1.0,5410.428571428572,90.36117314951316,342.7142857142857,79.71428571428571,7,140.7879757301897,544.0836907603464,90.0,450.0,6.0,6.583333333333333,0.583333333333333,-0.8464662621698286,-1.5680615126724395,0.7368085681532774,1.6106288672571967
S992,2022-10-30,6,18,02:25,07:57,1,1,2,골프,3,1,-1,0,,,,0,,,,1,-1,-1,0,30,2,1,2,2,2,1.0,6285.857142857143,93.16117070684888,387.1428571428572,81.85714285714286,7,75.9315716941366,504.6769114808303,145.0,477.0,5.533333333333333,6.3,0.7666666666666666,1.1511404717643907,-0.46128185801383853,1.0020129574565828,0.47380403795059745
S992,2022-11-06,6,23,02:21,19:22,1,1,1,-1,-1,-1,-1,-1,-1.0,-1.0,-1.0,-1,-1.0,-1.0,-1.0,1,-1,-1,0,30,4,2,2,3,1,1.0,6839.142857142857,97.40020053512296,358.5,77.66666666666667,6,79.06115236038781,501.7837881666886,,,17.016666666666666,6.383333333333334,10.633333333333333,,,,
S992,2022-11-13,6,50,01:00,07:01,1,1,1,-1,-1,-1,-1,-1,-1.0,-1.0,-1.0,-1,-1.0,-1.0,-1.0,1,-1,-1,0,50,6,1,2,4,4,1.0,10294.57142857143,102.11689934670704,332.1666666666667,78.16666666666667,6,49.77710834396657,433.7281800025535,60.0,421.0,6.016666666666667,6.833333333333333,0.8166666666666664,0.17038152760055708,-0.2121363333758912,0.14830900533392727,0.21789508866077276
S993,2022-09-17,8,0,02:00,11:00,1,1,2,달리기,3,2,-1,0,,,,0,,,,1,-1,-1,2,0,3,1,4,2,1,0.2857142857142857,12403.5,91.02480133898702,,,0,,,120.0,660.0,9.0,8.0,1.0,,,,
S993,2022-09-25,7,0,02:00,09:30,1,1,2,달리기,3,2,-1,0,,,,0,,,,1,-1,-1,3,0,3,1,4,2,1,1.0,16499.14285714286,93.05797405503908,343.8333333333333,67.33333333333333,6,142.9921075949209,548.3515120552278,120.0,570.0,7.5,7.0,0.5,-0.38320179324868114,0.36080813241287046,0.333558910987856,0.3706028041048674
S993,2022-10-01,5,0,03:00,10:30,1,1,2,달리기,3,2,-1,요가(또는 필라테스),1.0,1.0,0.0,0,,,,1,-1,-1,4,0,3,1,4,2,1,1.0,12860.42857142857,90.62214426151782,358.6666666666667,72.66666666666667,6,148.27754273582448,559.2111317138398,180.0,630.0,7.5,5.0,2.5,0.5287076210695925,1.1798144714360035,0.4602148043720311,1.2118422844675547
S993,2022-10-15,7,0,02:00,10:00,1,1,2,달리기,2,2,-1,0,,,,0,,,,1,-1,-1,2,0,3,1,4,4,4,1.0,12771.714285714286,86.55256714445125,407.1666666666667,78.66666666666667,6,37.08951416313492,503.2946283164071,120.0,600.0,8.0,7.0,1.0,1.3818414306144178,1.611756194726547,1.2028271549724345,1.655509706237824
S993,2022-10-26,8,0,02:00,10:00,1,1,1,-1,-1,-1,-1,-1,-1.0,-1.0,-1.0,-1,-1.0,-1.0,-1.0,1,-1,-1,1,0,3,1,4,2,1,1.0,15838.42857142857,90.38096509213229,348.5,73.33333333333333,6,213.385778581144,615.4177995008635,120.0,600.0,8.0,8.0,0.0,-1.5564296430190665,-0.2569633250143909,1.354797879084414,0.26393897544823375
S993,2022-11-15,6,0,03:00,09:00,1,2,2,달리기,2,2,-1,0,,,,0,,,,1,-1,-1,3,0,3,1,4,1,1,0.8571428571428571,11534.333333333334,103.17825713738424,275.5,63.0,4,231.8034987366826,553.0505436594888,180.0,540.0,6.0,6.0,0.0,-0.8633916456113772,-0.21750906099147946,0.7515413083655632,0.22341366693314443
S993,2022-11-18,7,0,03:00,10:00,1,1,2,달리기,2,2,-1,0,,,,0,,,,1,-1,-1,3,0,3,1,4,1,1,0.8571428571428571,12791.833333333334,100.15757140843051,247.0,60.333333333333336,3,336.1447800644559,624.9638483201999,180.0,600.0,7.0,7.0,0.0,-2.6024130010742663,-0.41606413866999786,2.2652765771783296,0.4273588165749373
S993,2022-11-19,7,0,02:30,09:30,1,1,2,달리기,3,2,-1,0,,,,0,,,,1,-1,-1,2,0,3,1,4,1,1,0.8571428571428571,14074.833333333334,96.39529974184852,297.0,67.0,3,262.56427261137304,605.3838784783087,150.0,570.0,7.0,7.0,0.0,-1.8760712101895516,-0.5897313079718117,1.6330306403352137,0.6057404386680848
S994,2022-09-17,6,0,03:00,20:40,1,2,2,헬스,5,1,-1,0,,,,0,,,,2,2,30,2,0,6,1,4,2,1,0.2857142857142857,3924.5,92.49400472841504,,,0,,,,,17.666666666666668,6.0,11.666666666666668,,,,
S994,2022-09-25,6,30,02:30,09:20,1,1,2,헬스,5,1,-1,0,,,,0,,,,1,-1,-1,2,0,10,1,4,2,2,1.0,8763.714285714286,83.72931141745936,381.1428571428572,74.71428571428571,7,171.80971582894674,620.6927990760607,150.0,560.0,6.833333333333333,6.5,0.33333333333333304,-0.3634952638157794,-1.011546651267679,0.31640531564253604,1.0390065848452525
S994,2022-10-03,6,50,02:40,09:25,1,1,2,헬스,5,1,-1,0,,,,0,,,,1,-1,-1,2,0,6,1,4,2,2,1.0,10513.142857142857,85.39621903472796,355.4,75.0,5,198.71204972524612,608.5400919079088,160.0,565.0,6.75,6.833333333333333,0.08333333333333304,-0.645200828754101,-0.7256681984651474,0.5616165936572657,0.7453675375952192
S994,2022-10-09,6,30,02:00,09:00,1,1,2,헬스,5,1,-1,0,,,,0,,,,1,-1,-1,1,30,20,1,4,2,1,1.0,9530.57142857143,83.66805429244326,376.6666666666667,72.5,6,166.47796938256295,606.3444673522107,120.0,540.0,7.0,6.5,0.5,-0.7746328230427157,-1.105741122536845,0.6742809804699841,1.1357581046906602
S994,2022-10-15,6,50,03:00,09:40,1,1,2,헬스,5,1,-1,0,,,,0,,,,1,-1,-1,2,0,38,1,4,2,2,1.0,9419.142857142857,78.42746150125727,380.2857142857143,74.42857142857143,7,165.27989092246025,599.7107775212419,180.0,580.0,6.666666666666667,6.833333333333333,0.16666666666666607,0.2453351512923291,-0.3285129586873647,0.21355256508156187,0.33743093000744384
S994,2022-10-23,6,50,03:40,09:12,1,1,2,헬스,4,1,-1,0,,,,0,,,,1,-1,-1,2,0,26,1,3,2,1,1.0,9569.57142857143,78.42892737559292,347.57142857142856,70.0,7,202.40134469536008,604.1493579620773,220.0,552.0,5.533333333333333,6.833333333333333,1.2999999999999998,0.29331092174399864,-0.869155966034621,0.25531318840744793,0.8927504933517272
S994,2022-10-31,7,26,03:30,10:24,1,1,2,헬스,4,1,-1,0,,,,0,,,,1,-1,-1,3,0,20,1,3,3,1,1.0,8474.857142857143,81.5001813527423,416.8571428571428,75.71428571428571,7,179.68846064122354,663.8131544559698,210.0,624.0,6.9,7.433333333333334,0.5333333333333332,0.5051923226462748,-0.6635525742661628,0.43974585701367136,0.681565692684124
S994,2022-11-05,8,1,04:04,23:04,1,1,2,헬스,4,1,-1,0,,,,0,,,,1,-1,-1,4,0,18,1,4,2,1,1.0,7322.857142857143,79.5654158085006,418.7142857142857,75.42857142857143,7,179.0025057514445,745.0953220354817,,,19.0,8.016666666666667,10.983333333333333,,,,
S994,2022-11-13,5,32,04:10,09:30,1,1,2,헬스,4,1,-1,0,,,,0,,,,1,-1,-1,3,0,22,2,3,2,1,1.0,9089.57142857143,82.12214348926513,308.2857142857143,68.71428571428571,7,203.8541047439203,565.4776005030634,250.0,570.0,5.333333333333333,5.533333333333333,0.20000000000000018,0.7690982542679952,0.07537332494894335,0.6694634019361457,0.07741944560390775
