id,n_weeks_responded,n_valid_days,n_total_days,coverage_ratio
S001,10,67,67,1.0
S004,10,60,66,0.9090909090909092
S006,11,0,75,0.0
S007,10,17,70,0.2428571428571428
S008,11,46,71,0.647887323943662
S012,10,42,69,0.6086956521739131
S013,11,62,64,0.96875
S015,10,0,68,0.0
S016,11,49,71,0.6901408450704225
S019,11,68,75,0.9066666666666666
S021,10,6,69,0.0869565217391304
S026,7,32,48,0.6666666666666666
S030,5,34,35,0.9714285714285714
S032,3,8,20,0.4
S033,11,4,68,0.0588235294117647
S040,9,62,62,1.0
S041,14,90,92,0.9782608695652174
S042,9,50,63,0.7936507936507936
S049,7,0,40,0.0
S069,6,36,39,0.9230769230769232
S071,3,20,20,1.0
S119,10,63,69,0.9130434782608696
S503,5,7,34,0.2058823529411764
S504,9,61,61,1.0
S505,8,44,49,0.8979591836734694
S507,10,63,67,0.9402985074626866
S605,15,5,94,0.0531914893617021
S646,12,73,73,1.0
S648,4,11,26,0.4230769230769231
S649,8,51,51,1.0
S981,11,69,74,0.9324324324324323
S982,9,56,60,0.9333333333333332
S984,8,21,43,0.4883720930232558
S985,11,64,69,0.927536231884058
S986,11,71,76,0.9342105263157896
S987,9,15,51,0.2941176470588235
S988,10,32,66,0.4848484848484848
S989,11,66,71,0.9295774647887324
S991,10,25,68,0.3676470588235294
S992,9,59,62,0.9516129032258064
S993,8,39,45,0.8666666666666667
S994,9,54,59,0.9152542372881356
