id,survey_date,mood_n,mood_mean,mood_sd,mood_min,mood_max
S001,2022-09-04,3,3.0,1.0,2.0,4.0
S001,2022-09-10,6,2.0,1.0954451150103321,1.0,4.0
S001,2022-09-17,5,1.4,0.5477225575051661,1.0,2.0
S001,2022-09-24,7,3.2857142857142856,1.6035674514745464,1.0,5.0
S001,2022-10-01,7,2.0,1.1547005383792515,1.0,4.0
S001,2022-10-08,7,2.857142857142857,1.0690449676496974,2.0,5.0
S001,2022-10-17,7,2.5714285714285716,0.7867957924694432,2.0,4.0
S001,2022-10-22,7,2.7142857142857144,0.7559289460184545,2.0,4.0
S001,2022-10-29,7,2.2857142857142856,0.9511897312113419,1.0,4.0
S001,2022-11-05,7,2.4285714285714284,0.7867957924694432,2.0,4.0
S004,2022-09-04,2,2.0,1.4142135623730951,1.0,3.0
S004,2022-09-10,6,1.75,0.8803408430829505,1.0,3.0
S004,2022-09-20,7,1.2857142857142858,0.7559289460184545,1.0,3.0
S004,2022-09-25,7,1.2857142857142858,0.7559289460184545,1.0,3.0
S004,2022-10-02,7,1.2857142857142858,0.7559289460184545,1.0,3.0
S004,2022-10-09,7,1.7142857142857142,0.9511897312113419,1.0,3.0
S004,2022-10-15,7,1.7142857142857142,0.9511897312113419,1.0,3.0
S004,2022-10-22,7,1.0,0.0,1.0,1.0
S004,2022-10-30,7,1.2857142857142858,0.7559289460184545,1.0,3.0
S004,2022-11-06,5,1.2,0.4472135954999579,1.0,2.0
S006,2022-09-03,2,2.0,0.0,2.0,2.0
S006,2022-09-10,6,2.0,0.0,2.0,2.0
S006,2022-09-19,7,2.0,0.0,2.0,2.0
S006,2022-09-24,7,2.0,0.0,2.0,2.0
S006,2022-10-01,7,1.7142857142857142,0.48795003647426666,1.0,2.0
S006,2022-10-08,7,2.0,0.0,2.0,2.0
S006,2022-10-15,7,1.1428571428571428,0.37796447300922725,1.0,2.0
S006,2022-10-22,6,1.1666666666666667,0.408248290463863,1.0,2.0
S006,2022-10-29,4,1.5,0.5773502691896257,1.0,2.0
S006,2022-11-05,5,2.0,0.7071067811865476,1.0,3.0
S006,2022-11-12,6,1.6666666666666667,0.5163977794943223,1.0,2.0
S007,2022-09-03,2,1.25,0.3535533905932738,1.0,1.5
S007,2022-09-10,6,1.6666666666666667,1.632993161855452,1.0,5.0
S007,2022-09-17,6,1.8333333333333333,1.6020819787597222,1.0,5.0
S007,2022-09-24,7,2.142857142857143,1.4638501094227998,1.0,5.0
S007,2022-10-01,7,1.7142857142857142,0.7559289460184545,1.0,3.0
S007,2022-10-08,7,3.0,1.632993161855452,1.0,5.0
S007,2022-10-15,7,2.857142857142857,1.2149857925879117,2.0,5.0
S007,2022-10-22,7,3.2857142857142856,1.3801311186847083,2.0,5.0
S007,2022-10-29,7,2.857142857142857,1.0690449676496974,1.0,4.0
S007,2022-11-05,7,2.7142857142857144,1.3801311186847083,1.0,5.0
S008,2022-09-03,2,2.0,0.0,2.0,2.0
S008,2022-09-10,6,2.0,0.0,2.0,2.0
S008,2022-09-19,7,1.8571428571428572,0.37796447300922725,1.0,2.0
S008,2022-09-25,7,1.8571428571428572,0.3779644730092273,1.0,2.0
S008,2022-10-04,7,2.0,0.5773502691896257,1.0,3.0
S008,2022-10-08,7,2.0,1.0,1.0,4.0
S008,2022-10-15,5,2.0,0.0,2.0,2.0
S008,2022-10-23,2,2.0,0.0,2.0,2.0
S008,2022-10-29,5,1.8,0.44721359549995804,1.0,2.0
S008,2022-11-09,5,1.8,0.4472135954999579,1.0,2.0
S008,2022-11-15,6,2.1666666666666665,0.40824829046386296,2.0,3.0
S012,2022-09-03,2,2.5,2.1213203435596424,1.0,4.0
S012,2022-09-10,6,1.3333333333333333,0.5163977794943222,1.0,2.0
S012,2022-09-17,6,1.5,0.8366600265340756,1.0,3.0
S012,2022-09-24,7,1.8571428571428572,1.2149857925879117,1.0,4.0
S012,2022-10-01,7,1.2857142857142858,0.7559289460184545,1.0,3.0
S012,2022-10-08,7,1.0,0.0,1.0,1.0
S012,2022-10-15,7,1.5714285714285714,1.133893419027682,1.0,4.0
S012,2022-10-23,7,2.2857142857142856,1.3801311186847083,1.0,4.0
S012,2022-10-29,7,1.5714285714285714,0.5345224838248488,1.0,2.0
S012,2022-11-06,7,1.7142857142857142,0.7559289460184545,1.0,3.0
S013,2022-09-03,2,2.5,0.7071067811865476,2.0,3.0
S013,2022-09-11,7,2.0,0.0,2.0,2.0
S013,2022-09-18,6,2.5,0.5477225575051661,2.0,3.0
S013,2022-09-28,7,2.2857142857142856,0.4879500364742666,2.0,3.0
S013,2022-10-03,7,2.142857142857143,0.37796447300922725,2.0,3.0
S013,2022-10-19,7,1.8571428571428572,0.6900655593423541,1.0,3.0
S013,2022-10-24,7,2.142857142857143,0.8997354108424372,1.0,4.0
S013,2022-10-28,6,2.3333333333333335,1.0327955589886444,1.0,4.0
S013,2022-11-01,7,1.8571428571428572,0.6900655593423543,1.0,3.0
S013,2022-11-08,6,1.6666666666666667,0.5163977794943222,1.0,2.0
S013,2022-11-12,7,2.0,0.0,2.0,2.0
S015,2022-09-03,2,2.25,0.3535533905932738,2.0,2.5
S015,2022-09-10,6,2.4166666666666665,1.0206207261596576,1.0,4.0
S015,2022-09-18,7,2.7857142857142856,0.698638131005772,2.0,4.0
S015,2022-09-24,7,2.5714285714285716,0.4498677054212186,2.0,3.0
S015,2022-10-01,7,2.2857142857142856,0.9063269671749657,1.0,4.0
S015,2022-10-08,7,2.2857142857142856,1.3801311186847083,1.0,5.0
S015,2022-10-16,7,2.0,0.5773502691896257,1.0,3.0
S015,2022-10-22,7,3.0,1.2909944487358056,2.0,5.0
S015,2022-10-29,7,3.0,1.0,2.0,4.0
S015,2022-11-05,7,2.7142857142857144,1.6035674514745462,1.0,5.0
S016,2022-09-03,2,2.0,1.4142135623730951,1.0,3.0
S016,2022-09-11,7,2.7142857142857144,0.6986381310057719,2.0,4.0
S016,2022-09-17,6,2.6666666666666665,1.211060141638997,2.0,5.0
S016,2022-09-24,7,3.2142857142857144,0.9940297973880049,2.0,5.0
S016,2022-10-03,6,3.5,1.0488088481701516,2.0,5.0
S016,2022-10-09,6,2.8333333333333335,1.1690451944500122,2.0,5.0
S016,2022-10-15,7,3.4285714285714284,0.9759000729485333,2.0,5.0
S016,2022-10-23,7,2.7142857142857144,1.2535663410560174,2.0,5.0
S016,2022-10-29,7,2.4285714285714284,0.7867957924694432,2.0,4.0
S016,2022-11-07,7,3.5714285714285716,1.2724180205607036,2.0,5.0
S016,2022-11-12,7,2.7142857142857144,0.7559289460184545,2.0,4.0
S019,2022-09-03,2,2.0,0.0,2.0,2.0
S019,2022-09-10,6,2.5,0.8366600265340756,2.0,4.0
S019,2022-09-17,6,2.6666666666666665,0.816496580927726,2.0,4.0
S019,2022-09-24,7,2.142857142857143,0.37796447300922725,2.0,3.0
S019,2022-10-01,7,1.8571428571428572,0.6900655593423541,1.0,3.0
S019,2022-10-09,7,2.7142857142857144,0.7559289460184545,2.0,4.0
S019,2022-10-15,7,2.7142857142857144,0.4879500364742666,2.0,3.0
S019,2022-10-22,7,2.5714285714285716,0.5345224838248487,2.0,3.0
S019,2022-10-30,7,2.142857142857143,0.37796447300922725,2.0,3.0
S019,2022-11-05,7,2.7142857142857144,0.7559289460184545,2.0,4.0
S019,2022-11-15,2,2.5,0.7071067811865476,2.0,3.0
S021,2022-09-03,2,1.5,0.7071067811865476,1.0,2.0
S021,2022-09-10,7,1.7142857142857142,0.4879500364742666,1.0,2.5
S021,2022-09-17,7,1.2857142857142858,0.3933978962347216,1.0,2.0
S021,2022-09-24,7,1.1428571428571428,0.3779644730092273,1.0,2.0
S021,2022-10-09,7,1.8571428571428572,0.6900655593423543,1.0,3.0
S021,2022-10-15,7,1.4285714285714286,0.5345224838248488,1.0,2.0
S021,2022-10-22,7,1.1428571428571428,0.37796447300922725,1.0,2.0
S021,2022-10-29,7,1.5714285714285714,0.7867957924694432,1.0,3.0
S021,2022-11-05,7,1.4285714285714286,0.5345224838248488,1.0,2.0
S021,2022-11-12,7,1.5714285714285714,0.5345224838248488,1.0,2.0
S026,2022-09-03,1,1.0,,1.0,1.0
S026,2022-09-10,7,1.1428571428571428,0.3779644730092273,1.0,2.0
S026,2022-09-17,6,1.3333333333333333,0.816496580927726,1.0,3.0
S026,2022-09-24,7,1.4285714285714286,0.7867957924694431,1.0,3.0
S026,2022-10-01,6,2.1666666666666665,1.1690451944500122,1.0,4.0
S026,2022-10-09,7,2.4285714285714284,1.8126539343499315,1.0,5.0
S026,2022-10-15,7,2.7142857142857144,1.6035674514745464,1.0,5.0
S030,2022-10-01,6,2.1666666666666665,0.752772652709081,1.0,3.0
S030,2022-10-11,7,1.7142857142857142,0.48795003647426666,1.0,2.0
S030,2022-10-24,6,2.0,0.0,2.0,2.0
S030,2022-11-05,7,1.8571428571428572,0.37796447300922725,1.0,2.0
S030,2022-11-12,7,2.0,0.816496580927726,1.0,3.0
S032,2022-09-03,1,2.0,,2.0,2.0
S032,2022-09-11,6,2.0,0.0,2.0,2.0
S032,2022-09-17,5,2.0,0.0,2.0,2.0
S033,2022-09-10,7,2.5714285714285716,0.5345224838248487,2.0,3.0
S033,2022-09-17,6,2.8333333333333335,0.408248290463863,2.0,3.0
S033,2022-09-24,7,2.5714285714285716,0.5345224838248487,2.0,3.0
S033,2022-10-07,6,2.6666666666666665,0.5163977794943222,2.0,3.0
S033,2022-10-08,7,2.7142857142857144,0.48795003647426655,2.0,3.0
S033,2022-10-15,7,2.7142857142857144,0.48795003647426655,2.0,3.0
S033,2022-10-23,7,3.142857142857143,0.6900655593423541,2.0,4.0
S033,2022-11-01,3,3.0,0.0,3.0,3.0
S033,2022-11-05,4,3.25,0.5,3.0,4.0
S033,2022-11-12,7,2.857142857142857,0.3779644730092273,2.0,3.0
S033,2022-11-20,6,3.0,0.0,3.0,3.0
S040,2022-09-10,5,3.2,0.4472135954999579,3.0,4.0
S040,2022-09-17,6,2.8333333333333335,0.408248290463863,2.0,3.0
S040,2022-09-24,7,2.7142857142857144,0.4879500364742666,2.0,3.0
S040,2022-10-02,7,2.142857142857143,1.2149857925879117,1.0,4.0
S040,2022-10-08,7,2.5714285714285716,1.1338934190276817,1.0,4.0
S040,2022-10-15,7,1.7142857142857142,0.48795003647426666,1.0,2.0
S040,2022-10-22,7,2.142857142857143,1.0690449676496976,1.0,4.0
S040,2022-10-30,7,2.2857142857142856,0.951189731211342,1.0,4.0
S040,2022-11-12,7,2.857142857142857,0.8997354108424372,2.0,4.0
S041,2022-09-10,5,1.6,0.8944271909999159,1.0,3.0
S041,2022-09-21,7,1.1428571428571428,0.37796447300922725,1.0,2.0
S041,2022-09-24,7,1.1428571428571428,0.37796447300922725,1.0,2.0
S041,2022-10-01,7,1.7142857142857142,0.7559289460184545,1.0,3.0
S041,2022-10-08,7,2.0,1.0,1.0,4.0
S041,2022-10-15,7,1.7142857142857142,0.7559289460184545,1.0,3.0
S041,2022-10-22,7,1.4285714285714286,0.5345224838248488,1.0,2.0
S041,2022-10-29,7,1.0,0.0,1.0,1.0
S041,2022-11-06,7,1.2857142857142858,0.48795003647426666,1.0,2.0
S041,2022-11-13,7,1.7142857142857142,0.7559289460184545,1.0,3.0
S041,2022-11-19,7,1.2857142857142858,0.48795003647426666,1.0,2.0
S041,2022-11-27,7,1.7142857142857142,0.9511897312113419,1.0,3.0
S041,2022-12-03,7,2.4285714285714284,0.9759000729485333,1.0,4.0
S041,2022-12-10,7,1.5714285714285714,1.1338934190276817,1.0,4.0
S042,2022-09-10,5,1.2,0.4472135954999579,1.0,2.0
S042,2022-09-17,5,1.0,0.0,1.0,1.0
S042,2022-09-24,7,1.7142857142857142,1.2535663410560174,1.0,4.0
S042,2022-10-01,7,1.1428571428571428,0.37796447300922725,1.0,2.0
S042,2022-10-08,7,2.0,1.2909944487358056,1.0,4.0
S042,2022-10-15,7,1.0,0.0,1.0,1.0
S042,2022-10-22,7,1.5714285714285714,1.1338934190276817,1.0,4.0
S042,2022-10-29,7,1.4285714285714286,1.1338934190276815,1.0,4.0
S042,2022-11-05,7,1.4285714285714286,1.1338934190276815,1.0,4.0
S049,2022-10-08,2,2.5,0.7071067811865476,2.0,3.0
S049,2022-10-16,7,2.2857142857142856,0.951189731211342,1.0,4.0
S049,2022-10-31,5,3.0,1.4142135623730951,2.0,5.0
S049,2022-11-02,7,3.2857142857142856,1.2535663410560174,2.0,5.0
S049,2022-11-07,7,3.857142857142857,0.6900655593423541,3.0,5.0
S049,2022-11-14,7,1.5714285714285714,0.7867957924694432,1.0,3.0
S049,2022-11-19,7,1.1428571428571428,0.37796447300922725,1.0,2.0
S069,2022-10-08,4,2.0,0.0,2.0,2.0
S069,2022-10-18,7,2.0,0.0,2.0,2.0
S069,2022-10-23,7,1.8571428571428572,0.3779644730092273,1.0,2.0
S069,2022-10-31,6,2.0,0.0,2.0,2.0
S069,2022-11-06,6,2.1666666666666665,0.40824829046386296,2.0,3.0
S069,2022-11-15,7,2.0,0.0,2.0,2.0
S071,2022-10-09,5,2.0,0.0,2.0,2.0
S071,2022-10-16,7,2.142857142857143,0.3779644730092273,2.0,3.0
S071,2022-10-22,7,2.2857142857142856,0.7559289460184545,2.0,4.0
S119,2022-07-16,0,,,,
S119,2022-07-23,0,,,,
S119,2022-07-30,0,,,,
S119,2022-08-06,0,,,,
S119,2022-08-14,6,2.3333333333333335,0.5163977794943222,2.0,3.0
S119,2022-08-20,5,2.4,0.5477225575051661,2.0,3.0
S119,2022-08-27,4,2.0,0.0,2.0,2.0
S119,2022-09-03,6,2.1666666666666665,0.408248290463863,2.0,3.0
S119,2022-09-10,6,2.0,0.0,2.0,2.0
S119,2022-09-18,6,2.0,0.0,2.0,2.0
S503,2022-09-17,3,2.6666666666666665,1.1547005383792515,2.0,4.0
S503,2022-09-24,7,3.142857142857143,0.6900655593423541,2.0,4.0
S503,2022-10-02,7,3.5714285714285716,1.2724180205607036,2.0,5.0
S503,2022-10-08,7,3.4285714285714284,0.7867957924694432,2.0,4.0
S503,2022-10-15,7,4.0,0.5773502691896257,3.0,5.0
S504,2022-09-17,2,2.0,0.0,2.0,2.0
S504,2022-09-25,7,1.8571428571428572,0.3779644730092273,1.0,2.0
S504,2022-10-02,5,2.0,0.0,2.0,2.0
S504,2022-10-08,5,1.8,0.4472135954999579,1.0,2.0
S504,2022-10-16,6,2.0,0.0,2.0,2.0
S504,2022-10-23,5,2.0,0.0,2.0,2.0
S504,2022-10-29,5,2.0,0.0,2.0,2.0
S504,2022-11-06,7,2.0,0.0,2.0,2.0
S504,2022-11-13,7,2.0,0.0,2.0,2.0
S505,2022-09-17,2,2.5,0.7071067811865476,2.0,3.0
S505,2022-10-03,6,2.6666666666666665,1.632993161855452,1.0,5.0
S505,2022-10-08,6,2.1666666666666665,1.1690451944500122,1.0,4.0
S505,2022-10-17,7,2.2857142857142856,1.1126972805283737,1.0,4.0
S505,2022-10-22,7,2.0,1.0,1.0,3.0
S505,2022-10-31,7,3.4285714285714284,1.2724180205607034,1.0,5.0
S505,2022-11-08,6,2.6666666666666665,1.632993161855452,1.0,5.0
S505,2022-11-12,7,2.4285714285714284,1.618347187425374,1.0,5.0
S507,2022-09-24,2,3.5,0.7071067811865476,3.0,4.0
S507,2022-10-02,7,3.5714285714285716,1.1338934190276817,2.0,5.0
S507,2022-10-09,7,3.2857142857142856,0.48795003647426666,3.0,4.0
S507,2022-10-16,7,3.857142857142857,0.6900655593423543,3.0,5.0
S507,2022-10-22,6,3.1666666666666665,0.752772652709081,2.0,4.0
S507,2022-10-30,7,3.5714285714285716,0.7867957924694432,3.0,5.0
S507,2022-11-07,7,3.4285714285714284,0.5345224838248487,3.0,4.0
S507,2022-11-12,7,4.428571428571429,0.7867957924694432,3.0,5.0
S507,2022-11-19,7,4.285714285714286,0.4879500364742666,4.0,5.0
S507,2022-11-26,7,3.857142857142857,0.6900655593423543,3.0,5.0
S605,2022-08-06,1,3.0,,3.0,3.0
S605,2022-08-13,6,2.0,0.6324555320336759,1.0,3.0
S605,2022-08-20,4,2.25,0.9574271077563381,1.0,3.0
S605,2022-08-28,4,3.0,0.0,3.0,3.0
S605,2022-09-03,6,2.25,0.8803408430829505,1.0,3.0
S605,2022-09-10,7,1.7857142857142858,0.3933978962347216,1.0,2.0
S605,2022-09-17,7,2.0,0.0,2.0,2.0
S605,2022-09-26,7,1.8571428571428572,0.37796447300922725,1.0,2.0
S605,2022-10-04,7,2.0,0.0,2.0,2.0
S605,2022-10-10,7,2.0,0.0,2.0,2.0
S605,2022-10-28,3,2.0,0.0,2.0,2.0
S605,2022-10-31,6,2.0,0.0,2.0,2.0
S605,2022-11-02,6,2.0,0.0,2.0,2.0
S605,2022-11-11,0,,,,
S605,2022-11-22,3,2.0,0.0,2.0,2.0
S646,2022-09-04,1,3.0,,3.0,3.0
S646,2022-09-09,4,2.25,0.5,2.0,3.0
S646,2022-09-16,6,2.3333333333333335,0.816496580927726,2.0,4.0
S646,2022-09-23,4,2.75,0.9574271077563381,2.0,4.0
S646,2022-10-03,4,2.375,0.75,2.0,3.5
S646,2022-10-07,5,2.0,0.0,2.0,2.0
S646,2022-10-16,4,2.0,0.816496580927726,1.0,3.0
S646,2022-10-24,4,2.25,0.5,2.0,3.0
S646,2022-10-28,4,2.875,0.6291528696058958,2.0,3.5
S646,2022-11-06,2,2.5,0.7071067811865476,2.0,3.0
S646,2022-11-16,3,2.1666666666666665,0.2886751345948129,2.0,2.5
S646,2022-11-20,4,2.125,0.25,2.0,2.5
S648,2022-09-03,1,2.0,,2.0,2.0
S648,2022-09-12,7,2.642857142857143,0.6900655593423543,2.0,3.5
S648,2022-09-17,7,1.9285714285714286,0.607492896293956,1.0,3.0
S648,2022-09-26,6,2.1666666666666665,0.40824829046386296,2.0,3.0
S649,2022-09-10,5,2.3,0.4472135954999579,2.0,3.0
S649,2022-09-17,7,1.8571428571428572,1.2149857925879117,1.0,4.0
S649,2022-10-01,7,1.8571428571428572,0.6900655593423541,1.0,3.0
S649,2022-10-09,7,1.5714285714285714,0.7867957924694432,1.0,3.0
S649,2022-10-16,7,2.4285714285714284,0.5345224838248487,2.0,3.0
S649,2022-10-25,7,4.0,0.816496580927726,3.0,5.0
S649,2022-11-14,7,2.142857142857143,0.3779644730092273,2.0,3.0
S649,2022-11-16,7,2.2857142857142856,0.48795003647426655,2.0,3.0
S981,2022-09-17,2,2.0,0.0,2.0,2.0
S981,2022-09-25,7,2.7142857142857144,0.48795003647426655,2.0,3.0
S981,2022-10-02,7,2.7142857142857144,1.1126972805283737,1.0,4.0
S981,2022-10-09,7,2.4285714285714284,0.9759000729485333,1.0,4.0
S981,2022-10-15,7,2.5714285714285716,0.7867957924694432,2.0,4.0
S981,2022-10-23,7,3.0,0.5773502691896257,2.0,4.0
S981,2022-10-30,7,2.0,0.5773502691896257,1.0,3.0
S981,2022-11-06,6,2.8333333333333335,0.752772652709081,2.0,4.0
S981,2022-11-15,5,3.6,0.5477225575051661,3.0,4.0
S981,2022-11-20,6,4.0,0.6324555320336759,3.0,5.0
S981,2022-11-27,7,3.0,0.816496580927726,2.0,4.0
S982,2022-09-18,3,1.0,0.0,1.0,1.0
S982,2022-09-24,7,1.0,0.0,1.0,1.0
S982,2022-10-01,7,1.0,0.0,1.0,1.0
S982,2022-10-09,7,1.1428571428571428,0.37796447300922725,1.0,2.0
S982,2022-10-16,7,1.1428571428571428,0.37796447300922725,1.0,2.0
S982,2022-10-25,7,1.0,0.0,1.0,1.0
S982,2022-10-30,7,1.1428571428571428,0.37796447300922725,1.0,2.0
S982,2022-11-06,7,1.0,0.0,1.0,1.0
S982,2022-11-15,7,1.0,0.0,1.0,1.0
S984,2022-09-25,4,2.25,0.5,2.0,3.0
S984,2022-10-03,7,1.7142857142857142,0.48795003647426666,1.0,2.0
S984,2022-11-14,4,2.0,0.0,2.0,2.0
S984,2022-11-23,5,2.4,0.5477225575051661,2.0,3.0
S984,2022-11-28,7,2.142857142857143,0.37796447300922725,2.0,3.0
S984,2022-11-30,7,2.0,0.0,2.0,2.0
S984,2022-12-03,7,2.0,0.0,2.0,2.0
S984,2022-12-08,6,2.1666666666666665,0.40824829046386296,2.0,3.0
S985,2022-09-17,1,3.0,,3.0,3.0
S985,2022-09-25,7,1.7142857142857142,0.4879500364742666,1.0,2.0
S985,2022-10-02,7,1.7142857142857142,0.7559289460184545,1.0,3.0
S985,2022-10-09,7,1.7142857142857142,0.4879500364742666,1.0,2.0
S985,2022-10-17,7,2.142857142857143,0.6900655593423541,1.0,3.0
S985,2022-10-24,7,2.142857142857143,0.6900655593423541,1.0,3.0
S985,2022-10-29,7,1.5714285714285714,0.5345224838248488,1.0,2.0
S985,2022-11-07,7,1.8571428571428572,0.3779644730092273,1.0,2.0
S985,2022-11-18,7,2.142857142857143,0.3779644730092273,2.0,3.0
S985,2022-11-19,7,2.142857142857143,0.37796447300922725,2.0,3.0
S985,2022-11-28,7,2.4285714285714284,0.7867957924694432,2.0,4.0
S986,2022-09-17,2,1.75,1.0606601717798212,1.0,2.5
S986,2022-09-25,7,1.0,0.0,1.0,1.0
S986,2022-10-01,7,1.0,0.0,1.0,1.0
S986,2022-10-08,7,1.0,0.0,1.0,1.0
S986,2022-10-15,7,1.7142857142857142,0.9511897312113419,1.0,3.0
S986,2022-10-22,7,1.1428571428571428,0.37796447300922725,1.0,2.0
S986,2022-10-29,7,1.5714285714285714,1.511857892036909,1.0,5.0
S986,2022-11-05,7,1.0,0.0,1.0,1.0
S986,2022-11-13,7,1.5714285714285714,1.511857892036909,1.0,5.0
S986,2022-11-20,7,1.2857142857142858,0.7559289460184545,1.0,3.0
S986,2022-11-27,7,1.4285714285714286,1.1338934190276815,1.0,4.0
S987,2022-10-21,7,1.4285714285714286,0.5345224838248488,1.0,2.0
S987,2022-10-24,7,1.5714285714285714,0.5345224838248488,1.0,2.0
S987,2022-10-30,7,1.8571428571428572,0.6900655593423541,1.0,3.0
S987,2022-11-02,7,1.8571428571428572,0.8997354108424372,1.0,3.0
S987,2022-11-15,3,2.6666666666666665,0.5773502691896258,2.0,3.0
S987,2022-12-01,7,1.7142857142857142,0.7559289460184545,1.0,3.0
S987,2022-12-05,6,1.3333333333333333,0.5163977794943223,1.0,2.0
S987,2022-12-14,6,1.5,0.5477225575051661,1.0,2.0
S987,2022-12-24,5,1.2,0.44721359549995804,1.0,2.0
S988,2022-09-17,2,3.0,0.0,3.0,3.0
S988,2022-09-24,7,3.0,0.0,3.0,3.0
S988,2022-10-01,7,3.0,0.0,3.0,3.0
S988,2022-10-08,7,3.0,0.0,3.0,3.0
S988,2022-10-15,7,3.0,0.0,3.0,3.0
S988,2022-10-25,7,3.0,0.0,3.0,3.0
S988,2022-10-30,7,3.0,0.0,3.0,3.0
S988,2022-11-05,7,3.0,0.0,3.0,3.0
S988,2022-11-13,7,3.857142857142857,0.6900655593423541,3.0,5.0
S988,2022-11-19,7,4.0,0.5773502691896257,3.0,5.0
S989,2022-09-17,2,2.0,0.0,2.0,2.0
S989,2022-09-25,7,2.7142857142857144,0.7559289460184545,2.0,4.0
S989,2022-10-02,7,2.5714285714285716,0.9759000729485333,1.0,4.0
S989,2022-10-09,7,2.4285714285714284,0.5345224838248487,2.0,3.0
S989,2022-10-18,7,4.0,0.5773502691896257,3.0,5.0
S989,2022-10-24,7,2.5714285714285716,1.1338934190276817,2.0,5.0
S989,2022-10-29,7,2.142857142857143,0.37796447300922725,2.0,3.0
S989,2022-11-06,7,2.857142857142857,0.8997354108424372,2.0,4.0
S989,2022-11-12,7,2.2857142857142856,0.48795003647426655,2.0,3.0
S989,2022-11-21,7,2.5714285714285716,0.9759000729485333,1.0,4.0
S989,2022-11-26,7,3.0,0.816496580927726,2.0,4.0
S991,2022-09-18,3,1.0,0.0,1.0,1.0
S991,2022-09-25,7,1.0,0.0,1.0,1.0
S991,2022-10-02,6,1.0,0.0,1.0,1.0
S991,2022-10-08,7,1.0,0.0,1.0,1.0
S991,2022-10-15,7,1.0,0.0,1.0,1.0
S991,2022-10-22,7,1.0,0.0,1.0,1.0
S991,2022-10-29,7,1.0,0.0,1.0,1.0
S991,2022-11-06,7,1.0,0.0,1.0,1.0
S991,2022-11-12,7,1.0,0.0,1.0,1.0
S991,2022-11-19,7,1.0,0.0,1.0,1.0
S992,2022-09-17,4,3.0833333333333335,0.8333333333333333,2.0,4.0
S992,2022-09-25,7,3.5714285714285716,1.1338934190276817,2.0,5.0
S992,2022-10-02,7,2.7142857142857144,0.951189731211342,1.0,4.0
S992,2022-10-08,7,4.0,1.0,3.0,5.0
S992,2022-10-15,7,2.857142857142857,0.37796447300922725,2.0,3.0
S992,2022-10-22,7,2.857142857142857,0.3779644730092273,2.0,3.0
S992,2022-10-30,6,3.5833333333333335,0.9174239296348591,2.5,5.0
S992,2022-11-06,7,3.0,1.1547005383792515,2.0,5.0
S992,2022-11-13,7,3.0,0.816496580927726,2.0,4.0
S993,2022-09-17,2,1.0,0.0,1.0,1.0
S993,2022-09-25,7,1.0,0.0,1.0,1.0
S993,2022-10-01,7,1.0,0.0,1.0,1.0
S993,2022-10-15,7,1.0,0.0,1.0,1.0
S993,2022-10-26,7,1.2857142857142858,0.4879500364742666,1.0,2.0
S993,2022-11-15,3,1.0,0.0,1.0,1.0
S993,2022-11-18,4,1.0,0.0,1.0,1.0
S993,2022-11-19,5,1.0,0.0,1.0,1.0
S994,2022-09-17,2,1.75,0.3535533905932738,1.5,2.0
S994,2022-09-25,7,1.2857142857142858,0.4879500364742666,1.0,2.0
S994,2022-10-03,7,2.4285714285714284,1.8126539343499315,1.0,5.0
S994,2022-10-09,7,1.5714285714285714,0.7867957924694431,1.0,3.0
S994,2022-10-15,7,1.8571428571428572,0.6900655593423541,1.0,3.0
S994,2022-10-23,6,1.8333333333333333,0.408248290463863,1.0,2.0
S994,2022-10-31,7,1.5714285714285714,0.7867957924694431,1.0,3.0
S994,2022-11-05,7,2.4285714285714284,0.9759000729485333,1.0,4.0
S994,2022-11-13,7,2.2857142857142856,1.2535663410560174,1.0,4.0
