id,S,W,n_weeks,coverage_ratio,R_person,absR_person,gender,psychological_distress_between
S001,-4.6,79.07142857142857,10,1.0,-2.769410565460425,2.769410565460425,2,0.658893279656706
S008,-2.0,73.66269841269842,6,0.647887323943662,1.3047893955285528,1.3047893955285528,1,-0.7208652023984441
S012,-5.4,78.23333333333332,5,0.6086956521739131,-3.4162053853262266,3.4162053853262266,1,-0.1988324683005539
S013,-2.0,76.58874458874459,11,0.96875,0.595231860471547,0.595231860471547,1,-0.9717861742513548
S016,-3.8333333333333335,81.48333333333333,6,0.6901408450704225,-2.539677830561174,2.539677830561174,2,0.52778871786123
S019,-2.4,80.26190476190476,10,0.9066666666666666,-0.7205138239864021,0.7205138239864021,2,-0.0382674949007937
S030,-2.6,80.81666666666666,5,0.9714285714285714,-1.0675495519798255,1.0675495519798255,2,-0.0695008988650325
S040,-4.111111111111111,74.73148148148148,9,1.0,-1.1975232017322208,1.1975232017322208,1,1.0787912767395484
S041,-2.357142857142857,78.4952380952381,14,0.9782608695652174,-0.24656504290807468,0.24656504290807468,2,-0.0743420264216604
S042,-2.5714285714285716,70.00238095238095,7,0.7936507936507936,1.5852409475485116,1.5852409475485116,2,-0.2625956618442376
S069,-2.6666666666666665,77.10714285714285,6,0.9230769230769232,-0.23883687980176987,0.23883687980176987,1,-0.4196134020345333
S071,-2.0,76.09126984126983,3,1.0,0.7158680139475211,0.7158680139475211,1,0.0763990404537722
S119,-2.7,79.1952380952381,10,0.9130434782608696,-0.780611727926661,0.780611727926661,2,-0.2701022582401045
S504,-2.0,73.73095238095237,9,1.0,1.2882380102945792,1.2882380102945792,1,-0.8954966368850488
S505,-3.25,77.37202380952381,8,0.8979591836734694,-0.9228835846206096,0.9228835846206096,2,-0.3430922712460024
S507,-2.0,66.08785714285713,10,0.9402985074626866,3.141665977954658,3.141665977954658,2,1.007679135883082
S646,-3.0,78.76388888888889,12,1.0,-0.9947722351203876,0.9947722351203876,2,-0.3898625467559189
S649,-3.625,76.08690476190476,8,1.0,-1.0096977860920258,1.0096977860920258,2,0.4985807206577659
S981,-2.0,66.59071428571428,10,0.9324324324324323,3.0197246095331707,3.0197246095331707,2,0.7671316030231806
S982,-2.0,71.15661375661375,9,0.9333333333333332,1.9125075053016642,1.9125075053016642,2,-0.6463848765216252
S984,-2.1666666666666665,77.47777777777777,6,0.4883720930232558,0.202554270406885,0.202554270406885,1,0.4857941761399852
S985,-2.0,75.33181818181818,11,0.927536231884058,0.9000327929885771,0.9000327929885771,2,-0.2592252328488515
S986,-2.090909090909091,78.4121212121212,11,0.9342105263157896,0.05647405996680788,0.05647405996680788,1,-0.3922090645925966
S987,-3.3333333333333335,73.83333333333333,3,0.2941176470588235,-0.15330645739240606,0.15330645739240606,2,0.9971141348173868
S989,-4.3,80.97714285714287,10,0.9295774647887324,-2.912779225117382,2.912779225117382,2,0.9997606518113288
S991,-2.0,76.225,4,0.3676470588235294,0.6834388463669966,0.6834388463669966,2,-0.9031255906216794
S992,-2.111111111111111,79.1005291005291,9,0.9516129032258064,-0.1319282299205442,0.1319282299205442,1,0.1886057592840898
S993,-2.142857142857143,68.90476190476191,7,0.8666666666666667,2.306783763800002,2.306783763800002,1,-0.8430475799457132
S994,-2.0,73.3125,8,0.9152542372881356,1.3897114738366037,1.3897114738366037,1,-0.6830066068497789
