id,D,n_weeks,coverage_ratio,D_star,absD_star,gender,psychological_distress_between
S001,-2.212190476190476,10,1.0,-2.6406421332270984,2.6406421332270984,2,0.658893279656706
S008,1.4469973544973544,6,0.8571428571428571,1.7272482736359374,1.7272482736359374,1,-0.7208652023984441
S012,0.07333333333333343,5,0.8857142857142858,0.08753635451114468,0.08753635451114468,1,-0.1988324683005539
S013,1.3378427128427128,11,0.9740259740259741,1.5969528271575149,1.5969528271575149,1,-0.9717861742513548
S016,0.49699074074074073,6,0.8571428571428571,0.5932466955032429,0.5932466955032429,2,0.52778871786123
S019,0.7539682539682542,10,1.0,0.8999949868570061,0.8999949868570061,2,-0.0382674949007937
S030,0.8841666666666665,5,0.9714285714285715,1.0554099106400496,1.0554099106400496,2,-0.0695008988650325
S040,1.0928703703703704,9,1.0,1.3045348387563627,1.3045348387563627,1,1.0787912767395484
S041,-0.09117063492063503,14,0.979591836734694,-0.10882834117389333,0.10882834117389333,2,-0.0743420264216604
S042,0.6119841269841269,7,0.9183673469387755,0.7305117203846705,0.7305117203846705,2,-0.2625956618442376
S069,0.09365079365079361,6,0.9285714285714285,0.11178885099908067,0.11178885099908067,1,-0.4196134020345333
S071,1.9806878306878304,3,1.0,2.364302619859088,2.364302619859088,1,0.0763990404537722
S119,0.4976666666666669,10,0.9142857142857143,0.5940535331142677,0.5940535331142677,2,-0.2701022582401045
S504,2.324578373015873,8,1.0,2.774797043853506,2.774797043853506,1,-0.8954966368850488
S505,-0.29137896825396836,8,0.9107142857142857,-0.3478125363023306,0.3478125363023306,2,-0.3430922712460024
S507,0.7878611111111111,10,0.9142857142857143,0.9404521299240883,0.9404521299240883,2,1.007679135883082
S646,0.6712169312169313,12,1.0,0.8012165897030159,0.8012165897030159,2,-0.3898625467559189
S649,1.0243998015873017,8,1.0,1.2228030571758026,1.2228030571758026,2,0.4985807206577659
S981,-0.11412698412698422,10,1.0,-0.136230820115829,0.136230820115829,2,0.7671316030231806
S982,-0.05236331569664933,9,0.9365079365079365,-0.06250491499364831,0.06250491499364831,2,-0.6463848765216252
S984,1.1519444444444444,6,0.6904761904761904,1.3750502354458958,1.3750502354458958,1,0.4857941761399852
S985,0.5615873015873015,11,0.9350649350649349,0.6703541607368603,0.6703541607368603,2,-0.2592252328488515
S986,0.25601010101010113,11,0.9350649350649349,0.3055935130971019,0.3055935130971019,1,-0.3922090645925966
S987,0.38055555555555554,3,0.7619047619047619,0.4542606275767729,0.4542606275767729,2,0.9971141348173868
S989,0.04850793650793657,10,1.0,0.05790283536494765,0.05790283536494765,2,0.9997606518113288
S991,1.6102083333333332,4,0.75,1.922069556865444,1.922069556865444,2,-0.9031255906216794
S992,0.6342151675485006,9,0.9523809523809523,0.7570484146755068,0.7570484146755068,1,0.1886057592840898
S993,1.2912698412698411,7,0.9387755102040816,1.5413598353856297,1.5413598353856297,1,-0.8430475799457132
S994,0.591825396825397,8,1.0,0.7064486965255468,0.7064486965255468,1,-0.6830066068497789
