id,S_person,n_weeks,n_valid_days,n_total_days,coverage_ratio_sleeptime_only,W_tib,D_tib,coverage_ratio,absD_star,gender,psychological_distress_between
S001,5.05,10,67,67,1.0,8.0906432748538,-3.0406432748538004,1.0,4.0842033401715,2,0.658893279656706
S008,7.757575757575757,11,46,71,0.647887323943662,7.890384615384615,-0.1328088578088584,0.647887323943662,0.17838935108012027,1,-0.7208652023984441
S012,6.8,10,42,69,0.6086956521739131,6.91547619047619,-0.1154761904761905,0.6086956521739131,0.15510804794285324,1,-0.1988324683005539
S013,8.090909090909092,11,62,64,0.96875,8.001851851851852,0.0890572390572401,0.96875,0.11962201427312136,1,-0.9717861742513548
S016,8.090909090909092,11,49,71,0.6901408450704225,8.700980392156861,-0.6100713012477694,0.6901408450704225,0.8194500377288475,2,0.52778871786123
S019,7.677272727272728,11,68,75,0.9066666666666666,7.703333333333333,-0.0260606060606054,0.9066666666666666,0.03500470285345652,2,-0.0382674949007937
S030,7.7,5,34,35,0.9714285714285714,7.759722222222222,-0.0597222222222217,0.9714285714285714,0.08021911070583919,2,-0.0695008988650325
S040,7.444444444444445,9,62,62,1.0,7.435555555555555,0.0088888888888893,1.0,0.011939588570172072,1,1.0787912767395484
S041,5.746428571428572,14,90,92,0.9782608695652174,6.633333333333334,-0.8869047619047619,0.9782608695652174,1.1912937702827386,2,-0.0743420264216604
S042,6.666666666666667,9,50,63,0.7936507936507936,7.001149425287356,-0.3344827586206893,0.7936507936507936,0.44927848369653994,2,-0.2625956618442376
S069,5.836111111111111,6,36,39,0.9230769230769232,6.548529411764706,-0.7124183006535949,0.9230769230769232,0.9569229074622764,1,-0.4196134020345333
S071,8.0,3,20,20,1.0,7.016666666666667,0.9833333333333334,1.0,1.3208169855752245,1,0.0763990404537722
S119,7.583333333333333,10,63,69,0.9130434782608696,8.0,-0.4166666666666669,0.9130434782608696,0.5596682142267903,2,-0.2701022582401045
S504,9.125,8,55,55,1.0,8.065942028985507,1.059057971014493,1.0,1.4225306001607891,1,-0.8954966368850488
S505,5.941666666666666,8,44,49,0.8979591836734694,7.0528455284552845,-1.111178861788618,0.8979591836734694,1.4925395742331031,2,-0.3430922712460024
S507,5.7,10,63,67,0.9402985074626866,5.919444444444445,-0.219444444444445,0.9402985074626866,0.2947585928261101,2,1.007679135883082
S646,7.5,12,73,73,1.0,7.832835820895522,-0.3328358208955224,1.0,0.44706631082713133,2,-0.3898625467559189
S649,7.5,8,51,51,1.0,7.58,-0.08,1.0,0.10745629713154368,2,0.4985807206577659
S981,5.112121212121213,11,69,74,0.9324324324324323,6.021153846153847,-0.9090326340326332,0.9324324324324323,1.2210160103110055,2,0.7671316030231806
S982,5.68148148148148,9,56,60,0.9333333333333332,6.445833333333334,-0.7643518518518535,0.9333333333333332,1.0266802463204803,2,-0.6463848765216252
S985,7.031818181818181,11,64,69,0.927536231884058,7.503333333333333,-0.4715151515151516,0.927536231884058,0.6333409027904621,2,-0.2592252328488515
S986,6.533333333333332,11,71,76,0.9342105263157896,7.161640211640212,-0.6283068783068799,0.9342105263157896,0.8439441325642093,1,-0.3922090645925966
S989,7.207575757575757,11,66,71,0.9295774647887324,8.016379310344828,-0.8088035527690707,0.9295774647887324,1.0863879360925177,2,0.9997606518113288
S992,6.437037037037038,9,59,62,0.9516129032258064,6.843030303030303,-0.4059932659932652,0.9516129032258064,0.5453316627997269,1,0.1886057592840898
S993,6.875,8,39,45,0.8666666666666667,6.673333333333333,0.2016666666666671,0.8666666666666667,0.27087941568576696,1,-0.8430475799457132
S994,6.720370370370371,9,54,59,0.9152542372881356,7.263666666666666,-0.5432962962962957,0.9152542372881356,0.7297576030660243,1,-0.6830066068497789
