id,survey_date,q1-1,q1-2,q2,q3,q4,q5,q6,q6-1-1,q6-1-2,q6-1-3,q6-1-4,q6-2-1,q6-2-2,q6-2-3,q6-2-4,q6-3-1,q6-3-2,q6-3-3,q6-3-4,q7,q7-1,q7-2,q8-1,q8-2,q9,mq1,mq2,mq3,mq4,wearable_coverage,w_mean_steps,w_mean_hr,w_mean_sleep_minutes,w_mean_sleep_score,w_sleep_nights_n,survey_sleep_hr,wearable_sleep_hr,D_sleep_hr,absGap_sleeptime,insomnia_sum,Squal,Zs_qual,Zw_qual,R_qual,absGap_sleepquality
S001,2022-09-04,5,0,03:00,08:00,1,1,2,요가(또는 필라테스),2,1,-1,0,,,,0,,,,2,1,20,0,30,5,2,2,2,2,1.0,7466.142857142857,71.59884998321249,469.6,80.2,5,5.0,7.826666666666667,-2.826666666666667,3.3741285738841182,2,-2,0.7789341772943849,1.0594210628387013,-0.28048688554431644,0.28048688554431644
S001,2022-09-10,6,0,02:00,08:10,2,2,2,요가(또는 필라테스),2,1,-1,0,,,,0,,,,2,2,30,0,30,5,2,3,2,2,1.0,8502.857142857143,69.0332064451291,423.1428571428572,79.71428571428571,7,6.0,7.052380952380954,-1.052380952380954,1.25620352902357,4,-4,-1.346141907459644,0.9416367865224923,-2.287778693982136,2.287778693982136
S001,2022-09-17,5,30,02:37,08:10,3,1,2,요가(또는 필라테스),2,1,-1,0,,,,0,,,,2,2,30,0,30,8,2,4,2,2,1.0,7569.0,70.43010537653798,449.5,79.33333333333333,6,5.5,7.491666666666666,-1.9916666666666663,2.377407810018585,4,-4,-1.346141907459644,0.8492569619607616,-2.1953988694204054,2.1953988694204054
S001,2022-09-24,6,0,01:30,08:00,3,2,2,요가(또는 필라테스),2,1,-1,0,,,,0,,,,2,2,30,0,30,15,2,2,2,1,1.0,8527.0,76.9088957655587,454.3333333333333,81.5,6,6.0,7.572222222222222,-1.572222222222222,1.8767263883828718,5,-5,-2.4086799498366585,1.3746672141556073,-3.783347163992266,3.783347163992266
S001,2022-10-01,6,0,02:29,08:20,4,2,1,-1,-1,-1,-1,-1,-1.0,-1.0,-1.0,-1,-1.0,-1.0,-1.0,1,-1,-1,1,0,20,2,2,3,2,1.0,9036.714285714286,74.4449270996599,407.57142857142856,74.0,7,6.0,6.792857142857143,-0.7928571428571427,0.9464157809159459,6,-6,-3.4712179922136728,-0.44406058190347003,-3.0271574103102026,3.0271574103102026
S001,2022-10-08,4,0,03:00,07:50,4,3,2,요가(또는 필라테스),3,1,-1,0,,,,0,,,,2,2,60,0,30,15,3,2,2,3,1.0,7195.571428571428,69.12812321001954,395.3333333333333,78.5,6,4.0,6.588888888888889,-2.5888888888888886,3.0902985759237396,7,-7,-4.533756034590688,0.6471760957319764,-5.180932130322664,5.180932130322664
S001,2022-10-17,5,0,02:30,08:00,3,3,2,요가(또는 필라테스),3,1,-1,0,,,,0,,,,2,2,60,1,0,20,3,2,2,2,1.0,8759.57142857143,71.81766427156914,485.5,81.5,6,5.0,8.091666666666667,-3.091666666666667,3.6904531276857537,6,-6,-3.4712179922136728,1.3746672141556073,-4.84588520636928,4.84588520636928
S001,2022-10-22,4,0,02:40,07:40,3,3,2,요가(또는 필라테스),2,1,-1,0,,,,0,,,,2,1,30,0,30,10,3,2,4,4,1.0,6800.0,70.14385052925476,385.2,77.8,5,4.0,6.42,-2.42,2.8886996988677707,6,-6,-3.4712179922136728,0.47742816809979516,-3.948646160313468,3.948646160313468
S001,2022-10-29,4,0,03:47,08:40,1,1,2,요가(또는 필라테스),2,1,-1,0,,,,0,,,,2,1,30,0,30,5,2,2,3,2,1.0,6399.142857142857,66.96527146361105,436.3333333333333,79.16666666666667,6,4.0,7.272222222222222,-3.272222222222222,3.905978242959405,2,-2,0.7789341772943849,0.8088407887150066,-0.029906611420621787,0.029906611420621787
S001,2022-11-05,5,0,02:44,08:00,1,3,2,요가(또는 필라테스),3,1,-1,0,,,,0,,,,2,1,30,0,40,10,2,3,2,2,1.0,9381.285714285714,73.52358659932236,450.8,79.0,5,5.0,7.513333333333334,-2.5133333333333336,3.0001096046092277,4,-4,-1.346141907459644,0.7684246154692482,-2.114566522928892,2.114566522928892
S004,2022-09-04,6,0,05:00,12:00,4,4,1,-1,-1,-1,-1,-1,-1.0,-1.0,-1.0,-1,-1.0,-1.0,-1.0,1,-1,-1,0,30,3,2,2,2,2,0.7142857142857143,5251.4,85.88297916909946,,,0,6.0,,,,8,-8,-5.596294076967702,,,
S004,2022-09-10,6,0,05:00,00:00,4,4,1,-1,-1,-1,-1,-1,-1.0,-1.0,-1.0,-1,-1.0,-1.0,-1.0,1,-1,-1,0,20,3,2,3,2,2,0.4285714285714285,2855.333333333333,98.65175011467484,,,0,6.0,,,,8,-8,-5.596294076967702,,,
S004,2022-09-20,12,0,05:35,15:35,4,4,1,-1,-1,-1,-1,-1,-1.0,-1.0,-1.0,-1,-1.0,-1.0,-1.0,1,-1,-1,0,10,2,1,4,4,4,1.0,3520.1428571428573,84.3284718364355,,,0,12.0,,,,8,-8,-5.596294076967702,,,
S004,2022-09-25,15,0,03:00,10:00,4,4,1,-1,-1,-1,-1,-1,-1.0,-1.0,-1.0,-1,-1.0,-1.0,-1.0,1,-1,-1,0,20,3,2,2,3,2,1.0,4604.0,87.20824144717895,,,0,15.0,,,,8,-8,-5.596294076967702,,,
S004,2022-10-02,9,0,03:10,00:05,4,4,1,-1,-1,-1,-1,-1,-1.0,-1.0,-1.0,-1,-1.0,-1.0,-1.0,1,-1,-1,0,20,3,2,2,2,2,1.0,7691.714285714285,89.56520609191658,,,0,9.0,,,,8,-8,-5.596294076967702,,,
S004,2022-10-09,10,0,02:28,12:28,3,3,1,-1,-1,-1,-1,-1,-1.0,-1.0,-1.0,-1,-1.0,-1.0,-1.0,1,-1,-1,0,20,3,2,2,2,2,1.0,4344.142857142857,88.60945840880302,,,0,10.0,,,,6,-6,-3.4712179922136728,,,
S004,2022-10-15,10,0,23:09,23:09,4,4,1,-1,-1,-1,-1,-1,-1.0,-1.0,-1.0,-1,-1.0,-1.0,-1.0,1,-1,-1,0,20,3,2,2,2,2,0.8571428571428571,2610.0,83.51026990484775,,,0,10.0,,,,8,-8,-5.596294076967702,,,
S004,2022-10-22,5,0,04:49,22:49,4,4,1,-1,-1,-1,-1,-1,-1.0,-1.0,-1.0,-1,-1.0,-1.0,-1.0,1,-1,-1,0,10,3,3,1,1,1,1.0,9513.142857142857,91.80178280802402,,,0,5.0,,,,8,-8,-5.596294076967702,,,
S004,2022-10-30,5,0,02:46,14:46,4,4,1,-1,-1,-1,-1,-1,-1.0,-1.0,-1.0,-1,-1.0,-1.0,-1.0,1,-1,-1,0,30,3,2,2,2,2,1.0,11096.857142857143,90.74490786190628,,,0,5.0,,,,8,-8,-5.596294076967702,,,
S004,2022-11-06,10,0,23:00,11:00,2,3,1,-1,-1,-1,-1,-1,-1.0,-1.0,-1.0,-1,-1.0,-1.0,-1.0,1,-1,-1,0,30,10,3,2,2,2,1.0,5740.571428571428,93.62449436278858,,,0,10.0,,,,5,-5,-2.4086799498366585,,,
S006,2022-09-03,8,0,02:30,10:30,2,2,2,헬스,3,2,-1,경보,4.0,1.0,0.0,달리기,3.0,0.0,30.0,2,5,60,1,30,10,2,3,3,3,0.0,,,,,0,8.0,,,,4,-4,-1.346141907459644,,,
S006,2022-09-10,10,0,03:00,13:00,2,2,2,헬스,4,2,-1,경보,3.0,2.0,0.0,달리기,3.0,2.0,0.0,2,5,60,1,0,10,2,3,2,2,0.0,,,,,0,10.0,,,,4,-4,-1.346141907459644,,,
S006,2022-09-19,10,0,03:00,13:00,2,2,2,헬스,3,1,-1,달리기,3.0,0.0,30.0,경보,5.0,1.0,0.0,2,5,60,1,0,10,2,3,2,2,0.0,,,,,0,10.0,,,,4,-4,-1.346141907459644,,,
S006,2022-09-24,7,0,03:00,10:00,2,2,2,헬스,3,1,-1,경보,3.0,1.0,0.0,달리기,3.0,0.0,30.0,2,5,60,1,0,10,2,3,2,2,0.0,,,,,0,7.0,,,,4,-4,-1.346141907459644,,,
S006,2022-10-01,7,0,03:00,10:00,2,2,2,헬스,3,1,-1,경보,3.0,0.0,30.0,달리기,3.0,0.0,30.0,1,-1,-1,1,0,10,1,3,2,1,0.0,,,,,0,7.0,,,,4,-4,-1.346141907459644,,,
S006,2022-10-08,8,0,03:00,13:30,2,2,2,헬스,3,1,-1,달리기,3.0,0.0,30.0,경보,5.0,0.0,30.0,2,7,60,1,0,10,2,3,2,2,0.0,,,,,0,8.0,,,,4,-4,-1.346141907459644,,,
S006,2022-10-15,10,0,03:00,11:00,2,2,1,-1,-1,-1,-1,-1,-1.0,-1.0,-1.0,-1,-1.0,-1.0,-1.0,2,3,60,1,0,10,2,3,2,2,0.0,,,,,0,10.0,,,,4,-4,-1.346141907459644,,,
S006,2022-10-22,9,0,03:30,13:00,2,3,2,헬스,3,1,-1,달리기,3.0,0.0,30.0,0,,,,2,5,60,1,0,10,2,2,3,2,0.0,,,,,0,9.0,,,,5,-5,-2.4086799498366585,,,
S006,2022-10-29,5,0,05:00,10:00,2,2,2,헬스,2,1,-1,0,,,,0,,,,1,-1,-1,1,0,15,2,2,3,3,0.0,,,,,0,5.0,,,,4,-4,-1.346141907459644,,,
S006,2022-11-05,5,0,04:30,09:30,4,4,2,헬스,5,1,-1,0,,,,0,,,,1,-1,-1,1,0,5,2,3,3,2,0.0,,,,,0,5.0,,,,8,-8,-5.596294076967702,,,
S006,2022-11-12,5,0,05:00,10:00,4,1,1,-1,-1,-1,-1,-1,-1.0,-1.0,-1.0,-1,-1.0,-1.0,-1.0,1,-1,-1,1,30,10,2,2,3,2,0.0,,,,,0,5.0,,,,5,-5,-2.4086799498366585,,,
S007,2022-09-03,7,0,02:00,08:00,3,3,2,달리기,1,2,-1,0,,,,0,,,,2,1,60,0,30,6,1,1,4,4,0.0,,,,,0,7.0,,,,6,-6,-3.4712179922136728,,,
S007,2022-09-10,7,0,02:00,09:00,3,3,2,달리기,1,2,-1,경보,2.0,0.0,30.0,0,,,,2,2,30,0,30,6,1,4,4,4,0.0,,,,,0,7.0,,,,6,-6,-3.4712179922136728,,,
S007,2022-09-17,7,0,03:00,10:00,2,2,2,달리기,1,2,-1,경보,3.0,1.0,0.0,0,,,,2,3,60,1,0,6,1,4,4,4,0.0,,,,,0,7.0,,,,4,-4,-1.346141907459644,,,
S007,2022-09-24,7,0,02:00,09:00,1,1,2,달리기,1,2,-1,경보,3.0,1.0,0.0,0,,,,2,3,60,1,0,6,1,4,4,4,0.0,,,,,0,7.0,,,,2,-2,0.7789341772943849,,,
S007,2022-10-01,7,0,02:30,09:30,1,1,1,-1,-1,-1,-1,-1,-1.0,-1.0,-1.0,-1,-1.0,-1.0,-1.0,2,3,60,1,0,6,1,2,2,2,0.0,,,,,0,7.0,,,,2,-2,0.7789341772943849,,,
S007,2022-10-08,7,0,03:00,10:00,3,3,2,달리기,1,2,-1,경보,3.0,2.0,0.0,0,,,,2,3,120,1,0,6,1,4,4,4,1.0,11403.0,86.97860442738745,,,0,7.0,,,,6,-6,-3.4712179922136728,,,
S007,2022-10-15,5,0,05:00,10:00,1,1,1,-1,-1,-1,-1,-1,-1.0,-1.0,-1.0,-1,-1.0,-1.0,-1.0,1,-1,-1,1,0,6,1,4,4,4,0.8571428571428571,8656.5,83.8214028894085,,,0,5.0,,,,2,-2,0.7789341772943849,,,
S007,2022-10-22,6,0,05:00,11:00,4,4,1,-1,-1,-1,-1,-1,-1.0,-1.0,-1.0,-1,-1.0,-1.0,-1.0,1,-1,-1,1,0,6,1,4,4,4,0.5714285714285714,7056.0,89.23641756195501,,,0,6.0,,,,8,-8,-5.596294076967702,,,
S007,2022-10-29,5,0,04:30,09:30,4,4,2,달리기,1,2,-1,0,,,,0,,,,1,-1,-1,1,30,6,3,1,1,4,0.0,,,,,0,5.0,,,,8,-8,-5.596294076967702,,,
S007,2022-11-05,6,0,04:00,11:00,4,4,2,달리기,1,2,-1,0,,,,0,,,,1,-1,-1,1,0,6,1,1,4,4,0.0,,,,,0,6.0,,,,8,-8,-5.596294076967702,,,
S008,2022-09-03,7,20,00:30,19:20,1,1,1,-1,-1,-1,-1,-1,-1.0,-1.0,-1.0,-1,-1.0,-1.0,-1.0,1,-1,-1,0,30,10,1,4,2,2,0.7142857142857143,12888.2,84.27349894771571,,,0,7.333333333333333,,,,2,-2,0.7789341772943849,,,
S008,2022-09-10,8,0,00:30,09:00,1,1,1,-1,-1,-1,-1,-1,-1.0,-1.0,-1.0,-1,-1.0,-1.0,-1.0,1,-1,-1,0,50,15,1,4,1,1,0.8571428571428571,11712.333333333334,92.82833630766584,,,0,8.0,,,,2,-2,0.7789341772943849,,,
S008,2022-09-19,7,0,12:14,09:04,1,1,1,-1,-1,-1,-1,-1,-1.0,-1.0,-1.0,-1,-1.0,-1.0,-1.0,1,-1,-1,0,30,15,1,4,2,2,0.4285714285714285,6819.333333333333,89.8754311428155,,,0,7.0,,,,2,-2,0.7789341772943849,,,
S008,2022-09-25,7,0,00:30,21:00,1,1,1,-1,-1,-1,-1,-1,-1.0,-1.0,-1.0,-1,-1.0,-1.0,-1.0,1,-1,-1,0,30,15,1,4,2,2,0.0,,,,,0,7.0,,,,2,-2,0.7789341772943849,,,
S008,2022-10-04,8,0,00:30,08:30,1,1,1,-1,-1,-1,-1,-1,-1.0,-1.0,-1.0,-1,-1.0,-1.0,-1.0,1,-1,-1,0,30,9,1,4,2,2,0.8571428571428571,8748.0,87.13072918469392,352.3333333333333,68.33333333333333,3,8.0,5.872222222222222,2.127777777777778,2.539880589224877,2,-2,0.7789341772943849,-1.8182104722592185,2.5971446495536035,2.5971446495536035
S008,2022-10-08,8,0,00:30,09:00,1,1,1,-1,-1,-1,-1,-1,-1.0,-1.0,-1.0,-1,-1.0,-1.0,-1.0,1,-1,-1,0,30,12,1,4,2,2,1.0,9537.857142857143,80.23416713638014,386.2,72.0,5,8.0,6.4366666666666665,1.5633333333333335,1.8661159211694,2,-2,0.7789341772943849,-0.9290546608525574,1.7079888381469424,1.7079888381469424
S008,2022-10-15,8,0,03:00,11:00,1,1,1,-1,-1,-1,-1,-1,-1.0,-1.0,-1.0,-1,-1.0,-1.0,-1.0,1,-1,-1,0,30,12,1,3,2,2,1.0,7802.142857142857,74.8882992623585,398.8333333333333,76.5,6,8.0,6.647222222222222,1.3527777777777779,1.6147804790502804,2,-2,0.7789341772943849,0.1621820167828891,0.6167521605114957,0.6167521605114957
S008,2022-10-23,8,0,01:00,21:00,1,1,1,-1,-1,-1,-1,-1,-1.0,-1.0,-1.0,-1,-1.0,-1.0,-1.0,1,-1,-1,0,30,15,1,4,2,2,0.0,,,,,0,8.0,,,,2,-2,0.7789341772943849,,,
S008,2022-10-29,8,0,02:00,10:00,1,1,1,-1,-1,-1,-1,-1,-1.0,-1.0,-1.0,-1,-1.0,-1.0,-1.0,1,-1,-1,0,30,15,1,4,2,1,0.2857142857142857,14767.5,84.14910790070338,395.0,73.0,1,8.0,6.583333333333333,1.416666666666667,1.6910432121471113,2,-2,0.7789341772943849,-0.6865576213780137,1.4654917986723985,1.4654917986723985
S008,2022-11-09,8,0,13:29,10:00,1,1,1,-1,-1,-1,-1,-1,-1.0,-1.0,-1.0,-1,-1.0,-1.0,-1.0,1,-1,-1,0,15,9,1,4,1,1,1.0,9241.0,80.30839720302609,411.1428571428572,77.71428571428571,7,8.0,6.852380952380954,1.1476190476190462,1.3698871063107672,2,-2,0.7789341772943849,0.4566427075734049,0.32229146972097994,0.32229146972097994
S008,2022-11-15,8,0,02:00,22:00,1,1,1,-1,-1,-1,-1,-1,-1.0,-1.0,-1.0,-1,-1.0,-1.0,-1.0,1,-1,-1,0,30,9,1,4,1,1,1.0,11338.57142857143,84.74448789316486,415.57142857142856,74.42857142857143,7,8.0,6.926190476190476,1.0738095238095244,1.281782333913189,2,-2,0.7789341772943849,-0.34013327927152226,1.1190674565659071,1.1190674565659071
S012,2022-09-03,8,0,03:28,12:28,3,2,1,-1,-1,-1,-1,-1,-1.0,-1.0,-1.0,-1,-1.0,-1.0,-1.0,1,-1,-1,2,0,6,1,4,2,1,0.7142857142857143,7651.6,84.59980532558605,546.0,86.0,1,8.0,9.1,-1.0999999999999996,1.313045317667168,5,-5,-2.4086799498366585,2.465903891791054,-4.874583841627713,4.874583841627713
S012,2022-09-10,7,0,03:00,12:00,3,3,1,-1,-1,-1,-1,-1,-1.0,-1.0,-1.0,-1,-1.0,-1.0,-1.0,1,-1,-1,0,30,5,2,4,2,1,1.0,9420.42857142857,81.81073359001891,368.0,76.33333333333333,6,7.0,6.133333333333334,0.8666666666666663,1.0345205533135262,6,-6,-3.4712179922136728,0.12176584353713069,-3.5929838357508035,3.5929838357508035
S012,2022-09-17,5,0,03:18,08:26,2,3,1,-1,-1,-1,-1,-1,-1.0,-1.0,-1.0,-1,-1.0,-1.0,-1.0,1,-1,-1,0,30,5,2,3,2,1,1.0,8198.714285714286,77.04268001888052,289.0,74.33333333333333,3,5.0,4.816666666666666,0.18333333333333357,0.2188408862778617,5,-5,-2.4086799498366585,-0.36322823541195665,-2.045451714424702,2.045451714424702
S012,2022-09-24,7,0,00:00,07:00,1,4,1,-1,-1,-1,-1,-1,-1.0,-1.0,-1.0,-1,-1.0,-1.0,-1.0,1,-1,-1,0,30,5,2,2,3,1,0.8571428571428571,7618.333333333333,79.51190767411619,424.0,79.5,2,7.0,7.066666666666666,-0.06666666666666643,0.07957850410104023,5,-5,-2.4086799498366585,0.8896731352065201,-3.2983530850431784,3.2983530850431784
S012,2022-10-01,6,0,01:00,07:00,2,4,1,-1,-1,-1,-1,-1,-1.0,-1.0,-1.0,-1,-1.0,-1.0,-1.0,1,-1,-1,1,0,5,1,3,3,1,0.8571428571428571,7017.666666666667,82.53923346780476,331.0,75.0,2,6.0,5.516666666666667,0.4833333333333334,0.5769441547325438,6,-6,-3.4712179922136728,-0.20156354242892638,-3.2696544497847464,3.2696544497847464
S012,2022-10-08,7,0,02:06,09:07,2,4,1,-1,-1,-1,-1,-1,-1.0,-1.0,-1.0,-1,-1.0,-1.0,-1.0,1,-1,-1,0,30,5,1,3,3,1,0.5714285714285714,4904.0,78.89009945515208,,,0,7.0,,,,6,-6,-3.4712179922136728,,,
S012,2022-10-15,8,0,03:00,11:00,1,1,1,-1,-1,-1,-1,-1,-1.0,-1.0,-1.0,-1,-1.0,-1.0,-1.0,1,-1,-1,0,20,3,2,3,2,2,0.2857142857142857,1285.5,72.47051020408163,,,0,8.0,,,,2,-2,0.7789341772943849,,,
S012,2022-10-23,7,0,03:17,10:54,2,4,1,-1,-1,-1,-1,-1,-1.0,-1.0,-1.0,-1,-1.0,-1.0,-1.0,1,-1,-1,0,20,2,2,3,2,2,0.0,,,,,0,7.0,,,,6,-6,-3.4712179922136728,,,
S012,2022-10-29,8,0,02:00,22:01,1,2,2,달리기,1,2,-1,0,,,,0,,,,1,-1,-1,0,30,6,2,3,3,1,0.5714285714285714,9736.25,85.68257699459409,,,0,8.0,,,,3,-3,-0.2836038650826296,,,
S012,2022-11-06,5,0,04:00,09:00,1,4,1,-1,-1,-1,-1,-1,-1.0,-1.0,-1.0,-1,-1.0,-1.0,-1.0,1,-1,-1,0,30,6,2,3,3,2,0.1428571428571428,8094.0,84.00016803898504,,,0,5.0,,,,5,-5,-2.4086799498366585,,,
S013,2022-09-03,9,0,01:00,09:10,1,1,1,-1,-1,-1,-1,-1,-1.0,-1.0,-1.0,-1,-1.0,-1.0,-1.0,1,-1,-1,0,20,2,1,4,1,1,1.0,3980.0,89.86145542454292,425.7142857142857,77.57142857142857,7,9.0,7.095238095238096,1.9047619047619042,2.2736715457440138,2,-2,0.7789341772943849,0.4220002733627568,0.35693390393162805,0.35693390393162805
S013,2022-09-11,9,0,01:50,09:00,1,1,1,-1,-1,-1,-1,-1,-1.0,-1.0,-1.0,-1,-1.0,-1.0,-1.0,1,-1,-1,0,40,2,1,4,1,1,1.0,6897.0,88.76077542800628,424.0,76.28571428571429,7,9.0,7.066666666666666,1.9333333333333336,2.307776618930175,2,-2,0.7789341772943849,0.11021836546691695,0.6687158118274679,0.6687158118274679
S013,2022-09-18,8,0,03:00,09:20,1,1,1,-1,-1,-1,-1,-1,-1.0,-1.0,-1.0,-1,-1.0,-1.0,-1.0,1,-1,-1,0,20,2,1,4,1,1,1.0,10024.285714285714,93.08632527520504,358.5,74.83333333333333,6,8.0,5.975,2.0250000000000004,2.417197062069106,2,-2,0.7789341772943849,-0.24197971567468482,1.0209138929690698,1.0209138929690698
S013,2022-09-28,8,0,02:00,09:33,1,1,1,-1,-1,-1,-1,-1,-1.0,-1.0,-1.0,-1,-1.0,-1.0,-1.0,2,1,60,0,40,2,1,4,1,1,0.7142857142857143,8798.6,83.32872716676673,425.5,79.0,2,8.0,7.091666666666667,0.9083333333333332,1.084257118376677,2,-2,0.7789341772943849,0.7684246154692482,0.010509561825136626,0.010509561825136626
S013,2022-10-03,8,0,03:00,10:00,1,1,1,-1,-1,-1,-1,-1,-1.0,-1.0,-1.0,-1,-1.0,-1.0,-1.0,2,1,60,0,30,2,1,4,1,1,1.0,8465.714285714286,85.08972856008845,386.0,77.5,2,8.0,6.433333333333334,1.5666666666666664,1.8700948463744518,2,-2,0.7789341772943849,0.4046790562574328,0.3742551210369521,0.3742551210369521
S013,2022-10-19,8,0,04:00,13:20,1,1,1,-1,-1,-1,-1,-1,-1.0,-1.0,-1.0,-1,-1.0,-1.0,-1.0,2,1,30,0,30,2,1,4,1,1,1.0,7085.428571428572,88.37666946311982,404.2857142857143,78.28571428571429,7,8.0,6.738095238095238,1.2619047619047619,1.5063073990554097,2,-2,0.7789341772943849,0.5952124444160043,0.18372173287838056,0.18372173287838056
S013,2022-10-24,8,0,03:21,13:21,1,1,1,-1,-1,-1,-1,-1,-1.0,-1.0,-1.0,-1,-1.0,-1.0,-1.0,1,-1,-1,0,30,2,1,4,1,1,1.0,5551.0,86.89936052890684,437.1666666666667,81.0,6,8.0,7.286111111111111,0.7138888888888886,0.8521531480819751,2,-2,0.7789341772943849,1.2534186944183356,-0.4744845171239508,0.4744845171239508
S013,2022-10-28,8,0,03:30,09:30,1,1,1,-1,-1,-1,-1,-1,-1.0,-1.0,-1.0,-1,-1.0,-1.0,-1.0,1,-1,-1,0,30,2,1,4,1,1,1.0,5113.0,86.4033326678521,429.0,74.85714285714286,7,8.0,7.15,0.8499999999999996,1.014625927288266,2,-2,0.7789341772943849,-0.2362059766395745,1.0151401539339593,1.0151401539339593
S013,2022-11-01,8,0,03:00,09:30,1,1,1,-1,-1,-1,-1,-1,-1.0,-1.0,-1.0,-1,-1.0,-1.0,-1.0,1,-1,-1,0,30,2,1,4,1,1,1.0,6630.857142857143,88.45170487066132,353.42857142857144,69.0,7,8.0,5.890476190476191,2.109523809523809,2.518091236911496,2,-2,0.7789341772943849,-1.6565457792761884,2.4354799565705734,2.4354799565705734
S013,2022-11-08,8,0,03:00,09:20,1,1,1,-1,-1,-1,-1,-1,-1.0,-1.0,-1.0,-1,-1.0,-1.0,-1.0,1,-1,-1,0,30,2,1,4,1,1,1.0,5330.428571428572,87.70072875344373,401.57142857142856,79.14285714285714,7,8.0,6.692857142857142,1.3071428571428578,1.5603070982668308,2,-2,0.7789341772943849,0.8030670496798964,-0.02413287238551154,0.02413287238551154
S013,2022-11-12,7,0,03:00,09:00,1,1,1,-1,-1,-1,-1,-1,-1.0,-1.0,-1.0,-1,-1.0,-1.0,-1.0,1,-1,-1,0,30,2,1,4,1,1,1.0,7498.285714285715,88.86704539290224,411.8571428571428,75.0,7,7.0,6.864285714285713,0.135714285714287,0.1619990976342626,2,-2,0.7789341772943849,-0.20156354242892638,0.9804977197233112,0.9804977197233112
S015,2022-09-03,8,0,01:00,09:00,1,1,1,-1,-1,-1,-1,-1,-1.0,-1.0,-1.0,-1,-1.0,-1.0,-1.0,1,-1,-1,1,0,5,1,4,1,1,0.0,,,,,0,8.0,,,,2,-2,0.7789341772943849,,,
S015,2022-09-10,9,0,02:00,10:00,1,2,1,-1,-1,-1,-1,-1,-1.0,-1.0,-1.0,-1,-1.0,-1.0,-1.0,1,-1,-1,0,30,2,1,3,2,1,0.0,,,,,0,9.0,,,,3,-3,-0.2836038650826296,,,
S015,2022-09-18,7,0,03:00,10:00,1,1,1,-1,-1,-1,-1,-1,-1.0,-1.0,-1.0,-1,-1.0,-1.0,-1.0,1,-1,-1,0,30,5,1,4,2,1,0.0,,,,,0,7.0,,,,2,-2,0.7789341772943849,,,
S015,2022-09-24,7,0,02:00,09:00,1,1,1,-1,-1,-1,-1,-1,-1.0,-1.0,-1.0,-1,-1.0,-1.0,-1.0,1,-1,-1,0,20,4,1,3,3,2,0.0,,,,,0,7.0,,,,2,-2,0.7789341772943849,,,
S015,2022-10-01,8,0,02:00,10:00,1,1,1,-1,-1,-1,-1,-1,-1.0,-1.0,-1.0,-1,-1.0,-1.0,-1.0,1,-1,-1,0,20,4,1,4,2,1,0.0,,,,,0,8.0,,,,2,-2,0.7789341772943849,,,
S015,2022-10-08,8,0,01:00,09:00,1,1,1,-1,-1,-1,-1,-1,-1.0,-1.0,-1.0,-1,-1.0,-1.0,-1.0,1,-1,-1,1,0,4,1,4,3,1,0.0,,,,,0,8.0,,,,2,-2,0.7789341772943849,,,
S015,2022-10-16,8,0,02:00,10:00,1,2,1,-1,-1,-1,-1,-1,-1.0,-1.0,-1.0,-1,-1.0,-1.0,-1.0,1,-1,-1,0,20,4,2,2,4,2,0.0,,,,,0,8.0,,,,3,-3,-0.2836038650826296,,,
S015,2022-10-22,8,0,02:00,10:00,1,1,1,-1,-1,-1,-1,-1,-1.0,-1.0,-1.0,-1,-1.0,-1.0,-1.0,1,-1,-1,0,20,4,1,4,2,1,0.0,,,,,0,8.0,,,,2,-2,0.7789341772943849,,,
S015,2022-10-29,9,0,01:00,10:00,1,1,1,-1,-1,-1,-1,-1,-1.0,-1.0,-1.0,-1,-1.0,-1.0,-1.0,1,-1,-1,0,30,4,1,4,2,1,0.0,,,,,0,9.0,,,,2,-2,0.7789341772943849,,,
S015,2022-11-05,7,0,02:00,09:00,1,1,1,-1,-1,-1,-1,-1,-1.0,-1.0,-1.0,-1,-1.0,-1.0,-1.0,1,-1,-1,0,20,4,1,4,1,1,0.0,,,,,0,7.0,,,,2,-2,0.7789341772943849,,,
S016,2022-09-03,8,0,02:00,10:00,2,2,1,-1,-1,-1,-1,-1,-1.0,-1.0,-1.0,-1,-1.0,-1.0,-1.0,1,-1,-1,0,40,3,2,3,3,2,1.0,1423.2857142857142,96.9472818747976,,,0,8.0,,,,4,-4,-1.346141907459644,,,
S016,2022-09-11,8,0,00:30,09:40,2,2,1,-1,-1,-1,-1,-1,-1.0,-1.0,-1.0,-1,-1.0,-1.0,-1.0,1,-1,-1,0,30,3,2,3,2,2,0.5714285714285714,2825.75,88.98068594389088,374.5,76.75,4,8.0,6.241666666666666,1.7583333333333337,2.098883045664944,4,-4,-1.346141907459644,0.22280627665152503,-1.568948184111169,1.568948184111169
S016,2022-09-17,8,0,00:30,09:00,2,1,1,-1,-1,-1,-1,-1,-1.0,-1.0,-1.0,-1,-1.0,-1.0,-1.0,1,-1,-1,0,30,3,3,2,3,3,0.8571428571428571,4347.5,93.80458157527733,460.0,78.0,1,8.0,7.666666666666667,0.33333333333333304,0.3978925205052022,3,-3,-0.2836038650826296,0.5259275759947046,-0.8095314410773342,0.8095314410773342
S016,2022-09-24,8,0,01:00,09:30,2,2,1,-1,-1,-1,-1,-1,-1.0,-1.0,-1.0,-1,-1.0,-1.0,-1.0,1,-1,-1,0,30,3,2,2,2,3,1.0,3433.428571428572,79.54607732696856,429.0,82.4,5,8.0,7.15,0.8499999999999996,1.014625927288266,4,-4,-1.346141907459644,1.5929145496826982,-2.939056457142342,2.939056457142342
S016,2022-10-03,8,0,01:30,10:00,1,2,1,-1,-1,-1,-1,-1,-1.0,-1.0,-1.0,-1,-1.0,-1.0,-1.0,1,-1,-1,0,30,3,2,3,3,2,0.0,,,,,0,8.0,,,,3,-3,-0.2836038650826296,,,
S016,2022-10-09,8,0,01:00,10:00,1,2,1,-1,-1,-1,-1,-1,-1.0,-1.0,-1.0,-1,-1.0,-1.0,-1.0,1,-1,-1,0,30,3,2,2,1,3,0.0,,,,,0,8.0,,,,3,-3,-0.2836038650826296,,,
S016,2022-10-15,8,0,00:30,09:00,3,1,1,-1,-1,-1,-1,-1,-1.0,-1.0,-1.0,-1,-1.0,-1.0,-1.0,1,-1,-1,0,30,3,2,3,2,2,0.7142857142857143,2088.8,80.7126676579459,483.3333333333333,78.66666666666667,3,8.0,8.055555555555555,-0.05555555555555536,0.06631542008420019,4,-4,-1.346141907459644,0.6875922689777348,-2.033734176437379,2.033734176437379
S016,2022-10-23,9,0,01:30,09:30,2,2,1,-1,-1,-1,-1,-1,-1.0,-1.0,-1.0,-1,-1.0,-1.0,-1.0,1,-1,-1,0,30,3,2,3,3,2,1.0,3814.857142857143,79.59325344689496,,,0,9.0,,,,4,-4,-1.346141907459644,,,
S016,2022-10-29,8,0,01:00,09:00,3,1,1,-1,-1,-1,-1,-1,-1.0,-1.0,-1.0,-1,-1.0,-1.0,-1.0,1,-1,-1,0,30,3,2,2,3,2,0.2857142857142857,2747.5,76.8978073984994,,,0,8.0,,,,4,-4,-1.346141907459644,,,
S016,2022-11-07,8,0,00:00,08:30,3,1,1,-1,-1,-1,-1,-1,-1.0,-1.0,-1.0,-1,-1.0,-1.0,-1.0,1,-1,-1,0,30,3,2,2,3,2,1.0,3576.714285714286,81.15186352913597,487.25,86.75,4,8.0,8.120833333333334,-0.12083333333333357,0.1442360386831362,4,-4,-1.346141907459644,2.6477766713969615,-3.993918578856605,3.993918578856605
S016,2022-11-12,8,0,01:00,21:00,3,1,1,-1,-1,-1,-1,-1,-1.0,-1.0,-1.0,-1,-1.0,-1.0,-1.0,1,-1,-1,0,30,3,2,3,2,2,1.0,2826.1428571428573,84.35712017064328,467.0,86.33333333333333,3,8.0,7.783333333333333,0.21666666666666679,0.25863013832838183,4,-4,-1.346141907459644,2.546736238282567,-3.892878145742211,3.892878145742211
S019,2022-09-03,8,0,23:30,07:00,1,3,1,-1,-1,-1,-1,-1,-1.0,-1.0,-1.0,-1,-1.0,-1.0,-1.0,1,-1,-1,0,60,15,1,3,2,1,1.0,10147.42857142857,80.45867178438107,422.2857142857143,80.28571428571429,7,8.0,7.038095238095238,0.961904761904762,1.1482041306007276,4,-4,-1.346141907459644,1.0802065233650915,-2.4263484308247354,2.4263484308247354
S019,2022-09-10,8,0,00:00,08:30,1,1,1,-1,-1,-1,-1,-1,-1.0,-1.0,-1.0,-1,-1.0,-1.0,-1.0,1,-1,-1,1,0,20,1,3,2,2,1.0,8708.57142857143,74.83447521586517,452.57142857142856,85.57142857142857,7,8.0,7.542857142857143,0.4571428571428573,0.5456811709785637,2,-2,0.7789341772943849,2.3619765891591062,-1.5830424118647213,1.5830424118647213
S019,2022-09-17,8,17,23:30,08:00,1,2,1,-1,-1,-1,-1,-1,-1.0,-1.0,-1.0,-1,-1.0,-1.0,-1.0,1,-1,-1,2,0,20,1,2,3,3,1.0,6232.857142857143,74.91395755008814,482.3333333333333,84.16666666666667,6,8.283333333333333,8.038888888888888,0.24444444444444535,0.29178784837048294,3,-3,-0.2836038650826296,2.021325986087725,-2.304929851170354,2.304929851170354
S019,2022-09-24,10,0,23:00,09:00,1,1,1,-1,-1,-1,-1,-1,-1.0,-1.0,-1.0,-1,-1.0,-1.0,-1.0,1,-1,-1,1,30,20,1,3,2,2,1.0,8178.142857142857,77.58472597116041,464.2857142857143,81.28571428571429,7,10.0,7.738095238095238,2.261904761904762,2.699984960571017,2,-2,0.7789341772943849,1.3227035628396353,-0.5437693855452504,0.5437693855452504
S019,2022-10-01,7,30,08:00,00:00,1,1,1,-1,-1,-1,-1,-1,-1.0,-1.0,-1.0,-1,-1.0,-1.0,-1.0,1,-1,-1,2,0,20,1,3,2,2,1.0,8951.42857142857,81.39328910943571,460.8571428571428,82.71428571428571,7,7.5,7.680952380952379,-0.18095238095237942,0.21599879684567957,2,-2,0.7789341772943849,1.6691279049461232,-0.8901937276517383,0.8901937276517383
S019,2022-10-09,6,30,08:00,01:00,1,1,1,-1,-1,-1,-1,-1,-1.0,-1.0,-1.0,-1,-1.0,-1.0,-1.0,1,-1,-1,2,0,20,2,2,2,2,1.0,8606.142857142857,74.67268626534106,303.57142857142856,77.14285714285714,7,6.5,5.059523809523809,1.4404761904761907,1.7194641064689113,2,-2,0.7789341772943849,0.31807297073080903,0.4608612065635758,0.4608612065635758
S019,2022-10-15,4,30,02:00,07:30,1,1,1,-1,-1,-1,-1,-1,-1.0,-1.0,-1.0,-1,-1.0,-1.0,-1.0,1,-1,-1,1,30,20,2,2,3,2,1.0,7366.0,74.57899146787993,275.8333333333333,68.16666666666667,6,4.5,4.597222222222222,-0.09722222222222232,0.11605198514735086,2,-2,0.7789341772943849,-1.8586266455049736,2.6375608227993586,2.6375608227993586
S019,2022-10-22,6,40,08:00,00:00,1,1,1,-1,-1,-1,-1,-1,-1.0,-1.0,-1.0,-1,-1.0,-1.0,-1.0,1,-1,-1,1,30,12,2,3,2,2,1.0,6838.285714285715,78.16878625594863,345.1666666666667,77.0,6,6.666666666666667,5.752777777777778,0.9138888888888888,1.090888660385097,2,-2,0.7789341772943849,0.2834305365201609,0.49550364077422393,0.49550364077422393
S019,2022-10-30,8,0,09:00,23:30,1,1,1,-1,-1,-1,-1,-1,-1.0,-1.0,-1.0,-1,-1.0,-1.0,-1.0,1,-1,-1,1,0,10,1,3,2,2,1.0,7657.0,73.48437621590948,449.0,83.0,7,8.0,7.483333333333333,0.5166666666666666,0.6167334067830639,2,-2,0.7789341772943849,1.7384127733674228,-0.959478596073038,0.959478596073038
S019,2022-11-05,9,0,09:30,23:30,1,2,1,-1,-1,-1,-1,-1,-1.0,-1.0,-1.0,-1,-1.0,-1.0,-1.0,2,3,60,1,0,20,1,3,2,2,1.0,6235.285714285715,73.75328911862643,478.7142857142857,83.28571428571429,7,9.0,7.978571428571429,1.0214285714285714,1.2192563664052278,3,-3,-0.2836038650826296,1.8076976417887225,-2.091301506871352,2.091301506871352
S019,2022-11-15,8,0,12:00,08:00,1,2,1,-1,-1,-1,-1,-1,-1.0,-1.0,-1.0,-1,-1.0,-1.0,-1.0,1,-1,-1,1,0,10,1,3,2,2,0.0,,,,,0,8.0,,,,3,-3,-0.2836038650826296,,,
S021,2022-09-03,7,0,02:00,09:07,2,1,1,-1,-1,-1,-1,-1,-1.0,-1.0,-1.0,-1,-1.0,-1.0,-1.0,1,-1,-1,0,20,3,1,3,3,2,0.0,,,,,0,7.0,,,,3,-3,-0.2836038650826296,,,
S021,2022-09-10,7,0,12:00,20:00,2,2,1,-1,-1,-1,-1,-1,-1.0,-1.0,-1.0,-1,-1.0,-1.0,-1.0,1,-1,-1,0,30,3,1,3,3,3,0.0,,,,,0,7.0,,,,4,-4,-1.346141907459644,,,
S021,2022-09-17,6,0,03:00,10:00,2,1,1,-1,-1,-1,-1,-1,-1.0,-1.0,-1.0,-1,-1.0,-1.0,-1.0,1,-1,-1,0,15,3,1,3,2,1,0.0,,,,,0,6.0,,,,3,-3,-0.2836038650826296,,,
S021,2022-09-24,6,0,03:00,09:00,1,1,1,-1,-1,-1,-1,-1,-1.0,-1.0,-1.0,-1,-1.0,-1.0,-1.0,1,-1,-1,0,15,6,1,3,3,2,0.0,,,,,0,6.0,,,,2,-2,0.7789341772943849,,,
S021,2022-10-09,6,0,03:30,10:30,3,1,1,-1,-1,-1,-1,-1,-1.0,-1.0,-1.0,-1,-1.0,-1.0,-1.0,1,-1,-1,0,15,3,1,4,2,2,0.8571428571428571,5681.833333333333,82.98951572754848,427.1666666666667,74.0,6,6.0,7.1194444444444445,-1.1194444444444445,1.3362557146966385,4,-4,-1.346141907459644,-0.44406058190347003,-0.9020813255561739,0.9020813255561739
S021,2022-10-15,6,0,02:00,09:03,2,2,1,-1,-1,-1,-1,-1,-1.0,-1.0,-1.0,-1,-1.0,-1.0,-1.0,1,-1,-1,0,15,3,1,3,2,2,0.0,,,,,0,6.0,,,,4,-4,-1.346141907459644,,,
S021,2022-10-22,7,0,02:00,09:00,2,1,1,-1,-1,-1,-1,-1,-1.0,-1.0,-1.0,-1,-1.0,-1.0,-1.0,1,-1,-1,0,15,3,1,3,2,2,0.0,,,,,0,7.0,,,,3,-3,-0.2836038650826296,,,
S021,2022-10-29,0,7,02:00,09:00,1,1,1,-1,-1,-1,-1,-1,-1.0,-1.0,-1.0,-1,-1.0,-1.0,-1.0,1,-1,-1,0,15,3,1,3,2,1,0.0,,,,,0,0.11666666666666667,,,,2,-2,0.7789341772943849,,,
S021,2022-11-05,7,0,03:00,10:00,2,1,1,-1,-1,-1,-1,-1,-1.0,-1.0,-1.0,-1,-1.0,-1.0,-1.0,1,-1,-1,0,10,3,1,3,2,2,0.0,,,,,0,7.0,,,,3,-3,-0.2836038650826296,,,
S021,2022-11-12,7,0,02:00,09:00,1,1,1,-1,-1,-1,-1,-1,-1.0,-1.0,-1.0,-1,-1.0,-1.0,-1.0,1,-1,-1,0,15,3,1,3,2,2,0.0,,,,,0,7.0,,,,2,-2,0.7789341772943849,,,
S026,2022-09-03,7,30,00:30,21:10,1,1,2,헬스,3,1,-1,경보,6.0,,30.0,달리기,3.0,,10.0,2,6,30,1,0,5,1,4,2,1,0.5714285714285714,8912.5,98.2645759185112,,,0,7.5,,,,2,-2,0.7789341772943849,,,
S026,2022-09-10,8,0,01:10,21:00,2,1,2,헬스,4,1,-1,경보,5.0,0.0,30.0,달리기,2.0,0.0,20.0,2,5,30,1,0,5,1,4,2,1,0.8571428571428571,1892.8333333333333,92.44994451915646,,,0,8.0,,,,3,-3,-0.2836038650826296,,,
S026,2022-09-17,7,0,00:30,09:24,1,1,2,경보,4,1,-1,달리기,2.0,0.0,10.0,헬스,3.0,0.0,30.0,1,-1,-1,0,30,5,1,4,2,2,0.7142857142857143,4766.4,89.68852371521905,,,0,7.0,,,,2,-2,0.7789341772943849,,,
S026,2022-09-24,8,0,00:09,21:00,1,1,1,-1,-1,-1,-1,-1,-1.0,-1.0,-1.0,-1,-1.0,-1.0,-1.0,2,3,20,0,30,5,1,4,1,1,0.8571428571428571,6104.166666666667,91.24528935388771,,,0,8.0,,,,2,-2,0.7789341772943849,,,
S026,2022-10-01,7,0,00:00,09:00,1,1,1,-1,-1,-1,-1,-1,-1.0,-1.0,-1.0,-1,-1.0,-1.0,-1.0,2,3,30,0,40,8,1,3,1,3,1.0,7010.285714285715,95.49281751677152,,,0,7.0,,,,2,-2,0.7789341772943849,,,
S026,2022-10-09,6,30,00:50,21:00,2,1,1,-1,-1,-1,-1,-1,-1.0,-1.0,-1.0,-1,-1.0,-1.0,-1.0,2,3,30,1,0,6,1,3,4,2,0.5714285714285714,695.25,96.03785518514104,,,0,6.5,,,,3,-3,-0.2836038650826296,,,
S026,2022-10-15,8,0,02:26,09:00,2,1,1,-1,-1,-1,-1,-1,-1.0,-1.0,-1.0,-1,-1.0,-1.0,-1.0,2,5,30,1,0,7,1,3,3,1,0.0,,,,,0,8.0,,,,3,-3,-0.2836038650826296,,,
S030,2022-10-01,7,30,00:30,22:00,2,1,1,-1,-1,-1,-1,-1,-1.0,-1.0,-1.0,-1,-1.0,-1.0,-1.0,1,-1,-1,0,30,7,2,2,2,2,0.8571428571428571,8654.333333333334,82.91583879366384,411.5,80.0,4,7.5,6.858333333333333,0.6416666666666666,0.7659431019725148,3,-3,-0.2836038650826296,1.0109216549437918,-1.2945255200264214,1.2945255200264214
S030,2022-10-11,7,0,02:02,22:40,2,1,1,-1,-1,-1,-1,-1,-1.0,-1.0,-1.0,-1,-1.0,-1.0,-1.0,1,-1,-1,0,30,10,1,3,2,2,1.0,5098.285714285715,77.02996118836609,417.1666666666667,83.0,6,7.0,6.952777777777778,0.04722222222222161,0.05636810707156963,3,-3,-0.2836038650826296,1.7384127733674228,-2.0220166384500526,2.0220166384500526
S030,2022-10-24,7,0,13:30,10:21,2,1,1,-1,-1,-1,-1,-1,-1.0,-1.0,-1.0,-1,-1.0,-1.0,-1.0,1,-1,-1,1,30,5,2,4,2,2,1.0,7779.428571428572,86.76303468835017,342.75,76.75,4,7.0,5.7125,1.2874999999999996,1.5368598604513444,3,-3,-0.2836038650826296,0.22280627665152503,-0.5064101417341547,0.5064101417341547
S030,2022-11-05,8,0,01:40,22:45,1,1,1,-1,-1,-1,-1,-1,-1.0,-1.0,-1.0,-1,-1.0,-1.0,-1.0,1,-1,-1,0,30,10,1,2,1,2,1.0,3602.5714285714284,80.43051479790583,442.8333333333333,81.33333333333333,6,8.0,7.3805555555555555,0.6194444444444445,0.7394169339388348,2,-2,0.7789341772943849,1.334251040909849,-0.5553168636154641,0.5553168636154641
S030,2022-11-12,9,0,01:20,10:40,1,1,1,-1,-1,-1,-1,-1,-1.0,-1.0,-1.0,-1,-1.0,-1.0,-1.0,1,-1,-1,0,40,10,1,3,2,1,1.0,6543.142857142857,86.90576551138012,430.5,83.0,4,9.0,7.175,1.8250000000000002,2.1784615497659843,2,-2,0.7789341772943849,1.7384127733674228,-0.959478596073038,0.959478596073038
S032,2022-09-03,10,30,00:30,09:00,1,1,1,-1,-1,-1,-1,-1,-1.0,-1.0,-1.0,-1,-1.0,-1.0,-1.0,1,-1,-1,1,0,5,1,4,1,1,0.0,,,,,0,10.5,,,,2,-2,0.7789341772943849,,,
S032,2022-09-11,10,30,00:30,09:00,1,1,1,-1,-1,-1,-1,-1,-1.0,-1.0,-1.0,-1,-1.0,-1.0,-1.0,1,-1,-1,1,0,5,1,4,1,1,0.2857142857142857,1092.5,,,,0,10.5,,,,2,-2,0.7789341772943849,,,
S032,2022-09-17,10,0,00:30,09:00,1,1,1,-1,-1,-1,-1,-1,-1.0,-1.0,-1.0,-1,-1.0,-1.0,-1.0,1,-1,-1,1,0,5,1,4,1,1,1.0,6848.142857142857,88.48588782716709,,,0,10.0,,,,2,-2,0.7789341772943849,,,
S033,2022-09-10,6,0,00:12,06:13,1,1,1,-1,-1,-1,-1,-1,-1.0,-1.0,-1.0,-1,-1.0,-1.0,-1.0,2,1,38,0,15,3,1,2,3,2,0.5714285714285714,4594.25,92.22589433452484,368.0,81.0,1,6.0,6.133333333333334,-0.13333333333333375,0.1591570082020815,2,-2,0.7789341772943849,1.2534186944183356,-0.4744845171239508,0.4744845171239508
S033,2022-09-17,6,0,00:10,06:10,1,1,1,-1,-1,-1,-1,-1,-1.0,-1.0,-1.0,-1,-1.0,-1.0,-1.0,1,-1,-1,0,30,3,1,1,1,4,0.0,,,,,0,6.0,,,,2,-2,0.7789341772943849,,,
S033,2022-09-24,6,0,00:40,06:40,1,1,1,-1,-1,-1,-1,-1,-1.0,-1.0,-1.0,-1,-1.0,-1.0,-1.0,1,-1,-1,1,0,3,1,3,4,4,0.0,,,,,0,6.0,,,,2,-2,0.7789341772943849,,,
S033,2022-10-07,6,0,00:04,06:04,1,1,1,-1,-1,-1,-1,-1,-1.0,-1.0,-1.0,-1,-1.0,-1.0,-1.0,2,1,30,0,15,3,1,2,4,4,0.0,,,,,0,6.0,,,,2,-2,0.7789341772943849,,,
S033,2022-10-08,6,0,23:02,06:02,1,1,2,요가(또는 필라테스),2,1,-1,0,,,,0,,,,1,-1,-1,0,30,3,1,2,2,4,0.0,,,,,0,6.0,,,,2,-2,0.7789341772943849,,,
S033,2022-10-15,6,0,00:00,06:00,1,1,1,-1,-1,-1,-1,-1,-1.0,-1.0,-1.0,-1,-1.0,-1.0,-1.0,1,-1,-1,0,30,3,1,3,2,2,0.0,,,,,0,6.0,,,,2,-2,0.7789341772943849,,,
S033,2022-10-23,6,0,00:33,05:33,1,1,1,-1,-1,-1,-1,-1,-1.0,-1.0,-1.0,-1,-1.0,-1.0,-1.0,1,-1,-1,1,0,3,1,4,4,2,0.0,,,,,0,6.0,,,,2,-2,0.7789341772943849,,,
S033,2022-11-01,5,0,02:00,06:00,1,1,1,-1,-1,-1,-1,-1,-1.0,-1.0,-1.0,-1,-1.0,-1.0,-1.0,1,-1,-1,0,15,3,1,4,4,4,0.0,,,,,0,5.0,,,,2,-2,0.7789341772943849,,,
S033,2022-11-05,3,0,03:00,06:00,1,1,2,요가(또는 필라테스),2,0,-1,0,,,,0,,,,1,-1,-1,0,30,2,1,2,3,2,0.0,,,,,0,3.0,,,,2,-2,0.7789341772943849,,,
S033,2022-11-12,5,0,00:34,05:34,1,1,1,-1,-1,-1,-1,-1,-1.0,-1.0,-1.0,-1,-1.0,-1.0,-1.0,1,-1,-1,0,30,2,1,4,4,4,0.0,,,,,0,5.0,,,,2,-2,0.7789341772943849,,,
S033,2022-11-20,5,0,01:18,05:18,1,1,1,-1,-1,-1,-1,-1,-1.0,-1.0,-1.0,-1,-1.0,-1.0,-1.0,1,-1,-1,0,30,2,1,4,4,4,0.0,,,,,0,5.0,,,,2,-2,0.7789341772943849,,,
S040,2022-09-10,9,0,01:00,09:00,2,2,1,-1,-1,-1,-1,-1,-1.0,-1.0,-1.0,-1,-1.0,-1.0,-1.0,1,-1,-1,0,30,4,3,1,4,3,1.0,7482.428571428572,93.3590156949541,420.0,76.66666666666667,3,9.0,7.0,2.0,2.3873551230312153,4,-4,-1.346141907459644,0.20259819002864754,-1.5487400974882914,1.5487400974882914
S040,2022-09-17,7,0,02:00,09:30,2,2,2,자전거,3,1,-1,0,,,,0,,,,1,-1,-1,1,30,4,3,1,4,4,1.0,8690.57142857143,93.80446180453472,415.0,74.5,4,7.0,6.916666666666667,0.08333333333333304,0.09947313012630028,4,-4,-1.346141907459644,-0.32281206216619823,-1.0233298452934456,1.0233298452934456
S040,2022-09-24,8,0,02:00,21:30,2,2,2,자전거,4,1,-1,0,,,,0,,,,2,2,40,1,30,4,2,2,4,4,1.0,7081.428571428572,95.9454819271008,292.0,65.5,2,8.0,4.866666666666666,3.1333333333333337,3.7401896927489044,4,-4,-1.346141907459644,-2.5052854174370913,1.1591435099774474,1.1591435099774474
S040,2022-10-02,8,0,02:00,09:00,2,3,2,경보,3,1,-1,0,,,,0,,,,2,2,30,0,30,4,2,2,3,4,1.0,11804.285714285714,91.37428058243472,412.0,76.0,2,8.0,6.866666666666666,1.1333333333333337,1.3528345697176891,5,-5,-2.4086799498366585,0.04093349704561728,-2.449613446882276,2.449613446882276
S040,2022-10-08,8,0,02:00,08:40,2,2,1,-1,-1,-1,-1,-1,-1.0,-1.0,-1.0,-1,-1.0,-1.0,-1.0,1,-1,-1,1,0,4,2,2,3,2,1.0,9095.42857142857,85.098459768092,391.0,78.0,3,8.0,6.516666666666667,1.4833333333333334,1.7706217162481515,4,-4,-1.346141907459644,0.5259275759947046,-1.8720694834543485,1.8720694834543485
S040,2022-10-15,8,0,03:00,08:43,2,2,1,-1,-1,-1,-1,-1,-1.0,-1.0,-1.0,-1,-1.0,-1.0,-1.0,1,-1,-1,1,0,4,2,2,3,2,1.0,9671.57142857143,80.43929984563454,331.6,75.0,5,8.0,5.526666666666667,2.4733333333333327,2.952362502148602,4,-4,-1.346141907459644,-0.20156354242892638,-1.1445783650307175,1.1445783650307175
S040,2022-10-22,5,0,15:00,10:00,2,2,1,-1,-1,-1,-1,-1,-1.0,-1.0,-1.0,-1,-1.0,-1.0,-1.0,1,-1,-1,1,0,4,2,3,3,3,1.0,8970.142857142857,85.42767721537307,394.75,76.75,4,5.0,6.579166666666667,-1.5791666666666666,1.885015815893397,4,-4,-1.346141907459644,0.22280627665152503,-1.568948184111169,1.568948184111169
S040,2022-10-30,8,0,02:10,09:25,2,2,2,기타,2,2,-1,0,,,,0,,,,1,-1,-1,1,0,4,2,2,2,2,1.0,9709.0,92.46982805841546,387.5,76.5,4,8.0,6.458333333333333,1.541666666666667,1.840252907336562,4,-4,-1.346141907459644,0.1621820167828891,-1.508323924242533,1.508323924242533
S040,2022-11-12,6,0,02:00,08:30,2,2,2,기타,1,2,-1,0,,,,0,,,,1,-1,-1,1,0,4,2,1,4,2,1.0,10744.857142857143,94.90726931289797,386.0,73.66666666666667,3,6.0,6.433333333333334,-0.43333333333333357,0.5172602766567637,4,-4,-1.346141907459644,-0.5248929283949835,-0.8212489790646604,0.8212489790646604
S041,2022-09-10,6,0,01:00,08:25,1,1,1,-1,-1,-1,-1,-1,-1.0,-1.0,-1.0,-1,-1.0,-1.0,-1.0,1,-1,-1,2,0,2,1,4,2,2,0.7142857142857143,9207.8,85.84459593961103,366.0,79.66666666666667,3,6.0,6.1,-0.09999999999999964,0.11936775615156034,2,-2,0.7789341772943849,0.9300893084522786,-0.1511551311578937,0.1511551311578937
S041,2022-09-21,6,0,02:13,08:13,1,1,1,-1,-1,-1,-1,-1,-1.0,-1.0,-1.0,-1,-1.0,-1.0,-1.0,1,-1,-1,3,0,6,1,3,3,1,1.0,10392.0,85.66723626157224,301.75,73.75,4,6.0,5.029166666666667,0.9708333333333332,1.1588619659714023,2,-2,0.7789341772943849,-0.5046848417721059,1.283619019066491,1.283619019066491
S041,2022-09-24,6,0,02:06,08:06,2,1,1,-1,-1,-1,-1,-1,-1.0,-1.0,-1.0,-1,-1.0,-1.0,-1.0,2,1,20,1,0,4,2,4,4,2,1.0,10715.57142857143,85.7683442175748,319.7142857142857,75.0,7,6.0,5.328571428571428,0.6714285714285717,0.8014692198747655,3,-3,-0.2836038650826296,-0.20156354242892638,-0.0820403226537032,0.0820403226537032
S041,2022-10-01,5,49,02:00,08:00,2,1,1,-1,-1,-1,-1,-1,-1.0,-1.0,-1.0,-1,-1.0,-1.0,-1.0,2,1,60,0,30,4,1,3,4,1,1.0,12892.857142857143,84.58851195760168,379.3333333333333,81.16666666666667,6,5.816666666666666,6.322222222222222,-0.5055555555555555,0.6034703227662238,3,-3,-0.2836038650826296,1.293834867664094,-1.5774387327467236,1.5774387327467236
S041,2022-10-08,5,2,02:24,09:03,2,1,1,-1,-1,-1,-1,-1,-1.0,-1.0,-1.0,-1,-1.0,-1.0,-1.0,1,-1,-1,2,0,4,1,4,2,2,1.0,5458.285714285715,77.18476217528432,301.5,81.0,2,5.033333333333333,5.025,0.00833333333333286,0.0099473130126295,3,-3,-0.2836038650826296,1.2534186944183356,-1.5370225595009652,1.5370225595009652
S041,2022-10-15,5,10,02:16,08:16,2,1,1,-1,-1,-1,-1,-1,-1.0,-1.0,-1.0,-1,-1.0,-1.0,-1.0,1,-1,-1,1,0,4,1,3,3,1,1.0,7999.571428571428,82.32557764740808,299.5,75.5,2,5.166666666666667,4.991666666666666,0.1750000000000007,0.2088935732652322,3,-3,-0.2836038650826296,-0.08031502269165455,-0.20328884239097503,0.20328884239097503
S041,2022-10-22,6,40,02:00,08:00,1,1,1,-1,-1,-1,-1,-1,-1.0,-1.0,-1.0,-1,-1.0,-1.0,-1.0,1,-1,-1,4,0,4,1,4,3,1,1.0,9739.714285714286,85.85615949370958,303.6,75.8,5,6.666666666666667,5.0600000000000005,1.6066666666666665,1.9178419488350762,2,-2,0.7789341772943849,-0.007565910849292145,0.786500088143677,0.786500088143677
S041,2022-10-29,6,53,02:00,09:00,1,1,2,기타,3,2,-1,0,,,,0,,,,1,-1,-1,2,0,4,1,4,3,1,1.0,9992.0,85.88873738127133,381.2857142857143,79.0,7,6.883333333333333,6.354761904761904,0.5285714285714285,0.6309438539439639,2,-2,0.7789341772943849,0.7684246154692482,0.010509561825136626,0.010509561825136626
S041,2022-11-06,4,0,04:00,08:34,1,1,1,-1,-1,-1,-1,-1,-1.0,-1.0,-1.0,-1,-1.0,-1.0,-1.0,1,-1,-1,2,0,4,3,2,2,1,1.0,6818.857142857143,83.08586311841472,397.0,77.0,1,4.0,6.616666666666666,-2.6166666666666663,3.1234562859658395,2,-2,0.7789341772943849,0.2834305365201609,0.49550364077422393,0.49550364077422393
S041,2022-11-13,5,45,02:05,08:05,1,1,2,기타,3,2,-1,0,,,,0,,,,1,-1,-1,0,30,4,1,3,3,1,1.0,11836.142857142857,87.66885638033172,414.0,80.75,4,5.75,6.9,-1.1500000000000004,1.3727291957429493,2,-2,0.7789341772943849,1.1927944345496997,-0.41386025725531483,0.41386025725531483
S041,2022-11-19,6,5,03:12,10:07,1,1,1,-1,-1,-1,-1,-1,-1.0,-1.0,-1.0,-1,-1.0,-1.0,-1.0,1,-1,-1,3,0,12,3,2,3,1,1.0,9276.857142857143,82.96514331380857,377.6,79.8,5,6.083333333333333,6.293333333333334,-0.21000000000000085,0.2506722879182786,2,-2,0.7789341772943849,0.9624222470488825,-0.1834880697544976,0.1834880697544976
S041,2022-11-27,5,18,03:04,08:49,1,1,1,-1,-1,-1,-1,-1,-1.0,-1.0,-1.0,-1,-1.0,-1.0,-1.0,1,-1,-1,4,50,12,3,1,3,1,1.0,8379.714285714286,85.62792253012212,323.0,78.33333333333333,6,5.3,5.383333333333334,-0.08333333333333393,0.09947313012630135,2,-2,0.7789341772943849,0.606759922486218,0.17217425480816684,0.17217425480816684
S041,2022-12-03,5,50,03:44,09:38,2,1,1,-1,-1,-1,-1,-1,-1.0,-1.0,-1.0,-1,-1.0,-1.0,-1.0,1,-1,-1,4,0,12,3,2,3,1,1.0,9056.285714285714,89.49449875014167,378.5,81.16666666666667,6,5.833333333333333,6.308333333333334,-0.47500000000000053,0.5669968417199143,3,-3,-0.2836038650826296,1.293834867664094,-1.5774387327467236,1.5774387327467236
S041,2022-12-10,5,55,03:37,09:13,1,1,1,-1,-1,-1,-1,-1,-1.0,-1.0,-1.0,-1,-1.0,-1.0,-1.0,1,-1,-1,5,0,13,3,1,3,2,1.0,6668.571428571428,88.02165097518821,360.8,81.0,5,5.916666666666667,6.013333333333334,-0.09666666666666668,0.11538883094650876,2,-2,0.7789341772943849,1.2534186944183356,-0.4744845171239508,0.4744845171239508
S042,2022-09-10,6,0,03:00,09:00,1,1,1,-1,-1,-1,-1,-1,-1.0,-1.0,-1.0,-1,-1.0,-1.0,-1.0,1,-1,-1,1,0,50,1,4,2,2,0.7142857142857143,6754.8,87.0096548671906,,,0,6.0,,,,2,-2,0.7789341772943849,,,
S042,2022-09-17,8,0,03:00,09:00,1,2,1,-1,-1,-1,-1,-1,-1.0,-1.0,-1.0,-1,-1.0,-1.0,-1.0,1,-1,-1,1,0,50,1,4,2,1,1.0,5347.285714285715,91.8448604300113,338.0,69.5,2,8.0,5.633333333333334,2.3666666666666663,2.825036895586938,3,-3,-0.2836038650826296,-1.5352972595389165,1.251693394456287,1.251693394456287
S042,2022-09-24,5,0,02:00,08:00,1,1,1,-1,-1,-1,-1,-1,-1.0,-1.0,-1.0,-1,-1.0,-1.0,-1.0,1,-1,-1,1,0,50,1,4,4,4,1.0,9398.42857142857,92.91570429272323,369.0,71.75,4,5.0,6.15,-1.1500000000000004,1.3727291957429493,2,-2,0.7789341772943849,-0.9896789207211932,1.768613098015578,1.768613098015578
S042,2022-10-01,8,0,02:00,08:30,1,2,1,-1,-1,-1,-1,-1,-1.0,-1.0,-1.0,-1,-1.0,-1.0,-1.0,2,2,60,0,30,50,1,3,4,2,1.0,10461.42857142857,91.49879721771973,351.8,67.6,5,8.0,5.863333333333333,2.1366666666666667,2.5504910564383483,3,-3,-0.2836038650826296,-1.996041634540551,1.7124377694579214,1.7124377694579214
S042,2022-10-08,6,0,03:00,09:00,1,2,1,-1,-1,-1,-1,-1,-1.0,-1.0,-1.0,-1,-1.0,-1.0,-1.0,1,-1,-1,0,45,50,1,4,4,1,1.0,5040.571428571428,80.2077507440102,307.3333333333333,69.0,3,6.0,5.122222222222222,0.8777777777777782,1.0477836373303673,3,-3,-0.2836038650826296,-1.6565457792761884,1.3729419141935588,1.3729419141935588
S042,2022-10-15,5,0,06:00,10:00,1,1,1,-1,-1,-1,-1,-1,-1.0,-1.0,-1.0,-1,-1.0,-1.0,-1.0,1,-1,-1,1,0,50,2,2,3,2,1.0,8411.42857142857,84.75482833146961,338.8333333333333,67.83333333333333,6,5.0,5.647222222222222,-0.6472222222222221,0.7725746439809349,2,-2,0.7789341772943849,-1.9394589919964904,2.7183931692908754,2.7183931692908754
S042,2022-10-22,6,0,06:00,10:00,1,1,1,-1,-1,-1,-1,-1,-1.0,-1.0,-1.0,-1,-1.0,-1.0,-1.0,2,3,30,1,30,50,2,2,4,2,1.0,10184.42857142857,89.37693602323195,347.6666666666667,66.66666666666667,6,6.0,5.794444444444445,0.20555555555555483,0.2453670543115407,2,-2,0.7789341772943849,-2.222372204716789,3.001306382011174,3.001306382011174
S042,2022-10-29,8,0,03:00,09:00,1,2,2,헬스,3,0,-1,0,,,,0,,,,1,-1,-1,1,0,50,1,3,3,2,0.4285714285714285,8936.333333333334,90.21968110926028,450.3333333333333,77.66666666666667,3,8.0,7.5055555555555555,0.49444444444444446,0.5902072387493839,3,-3,-0.2836038650826296,0.4450952295031912,-0.7286990945858207,0.7286990945858207
S042,2022-11-05,8,0,01:00,09:00,1,1,1,-1,-1,-1,-1,-1,-1.0,-1.0,-1.0,-1,-1.0,-1.0,-1.0,1,-1,-1,1,0,50,2,4,2,1,0.0,,,,,0,8.0,,,,2,-2,0.7789341772943849,,,
S049,2022-10-08,4,0,03:01,21:01,3,4,1,-1,-1,-1,-1,-1,-1.0,-1.0,-1.0,-1,-1.0,-1.0,-1.0,1,-1,-1,0,30,4,2,3,3,2,0.0,,,,,0,4.0,,,,7,-7,-4.533756034590688,,,
S049,2022-10-16,6,0,00:00,20:00,2,3,2,헬스,3,1,-1,0,,,,0,,,,2,1,20,0,15,4,2,3,2,3,0.0,,,,,0,6.0,,,,5,-5,-2.4086799498366585,,,
S049,2022-10-31,6,0,01:00,20:00,2,3,1,-1,-1,-1,-1,-1,-1.0,-1.0,-1.0,-1,-1.0,-1.0,-1.0,1,-1,-1,0,15,4,3,1,3,2,0.0,,,,,0,6.0,,,,5,-5,-2.4086799498366585,,,
S049,2022-11-02,6,0,02:00,20:03,2,3,1,-1,-1,-1,-1,-1,-1.0,-1.0,-1.0,-1,-1.0,-1.0,-1.0,1,-1,-1,0,30,4,3,1,3,2,0.0,,,,,0,6.0,,,,5,-5,-2.4086799498366585,,,
S049,2022-11-07,5,0,01:30,21:30,3,4,1,-1,-1,-1,-1,-1,-1.0,-1.0,-1.0,-1,-1.0,-1.0,-1.0,2,1,20,1,15,4,3,1,3,2,0.0,,,,,0,5.0,,,,7,-7,-4.533756034590688,,,
S049,2022-11-14,8,0,23:00,10:00,2,2,1,-1,-1,-1,-1,-1,-1.0,-1.0,-1.0,-1,-1.0,-1.0,-1.0,1,-1,-1,0,15,4,2,3,3,3,0.0,,,,,0,8.0,,,,4,-4,-1.346141907459644,,,
S049,2022-11-19,7,0,12:00,07:00,2,2,1,-1,-1,-1,-1,-1,-1.0,-1.0,-1.0,-1,-1.0,-1.0,-1.0,1,-1,-1,0,10,4,2,3,2,2,0.0,,,,,0,7.0,,,,4,-4,-1.346141907459644,,,
S069,2022-10-08,4,50,03:00,09:00,2,1,2,달리기,1,0,-1,0,,,,0,,,,1,-1,-1,0,30,15,1,3,2,2,0.5714285714285714,6668.0,74.35613570136154,347.0,80.5,2,4.833333333333333,5.783333333333333,-0.9500000000000002,1.1339936834398274,3,-3,-0.2836038650826296,1.1321701746810637,-1.4157740397636933,1.4157740397636933
S069,2022-10-18,5,47,15:00,21:30,2,1,2,달리기,1,0,-1,0,,,,0,,,,1,-1,-1,0,30,14,2,2,2,2,1.0,5229.714285714285,74.03407353905423,325.42857142857144,73.57142857142857,7,5.783333333333333,5.423809523809524,0.35952380952380913,0.4291555042591823,3,-3,-0.2836038650826296,-0.5479878845354178,0.2643840194527882,0.2643840194527882
S069,2022-10-23,5,42,02:00,09:00,1,2,1,-1,-1,-1,-1,-1,-1.0,-1.0,-1.0,-1,-1.0,-1.0,-1.0,1,-1,-1,0,30,14,1,4,1,1,1.0,5106.571428571428,72.07091609362854,328.2857142857143,75.14285714285714,7,5.7,5.4714285714285715,0.22857142857142865,0.27284058548928186,3,-3,-0.2836038650826296,-0.16692110821827827,-0.11668275686435131,0.11668275686435131
S069,2022-10-31,5,50,02:00,08:30,2,1,1,-1,-1,-1,-1,-1,-1.0,-1.0,-1.0,-1,-1.0,-1.0,-1.0,1,-1,-1,0,30,14,1,4,2,1,1.0,7261.428571428572,76.15264625314228,347.57142857142856,76.85714285714286,7,5.833333333333333,5.792857142857143,0.04047619047619033,0.04831552034706014,3,-3,-0.2836038650826296,0.24878810230951282,-0.5323919673921425,0.5323919673921425
S069,2022-11-06,6,21,02:30,10:00,1,1,1,-1,-1,-1,-1,-1,-1.0,-1.0,-1.0,-1,-1.0,-1.0,-1.0,1,-1,-1,0,40,21,1,3,1,1,1.0,7363.428571428572,74.69473614329887,368.4285714285714,79.0,7,6.35,6.14047619047619,0.20952380952380967,0.25010387003184176,2,-2,0.7789341772943849,0.7684246154692482,0.010509561825136626,0.010509561825136626
S069,2022-11-15,6,31,02:30,08:03,1,1,1,-1,-1,-1,-1,-1,-1.0,-1.0,-1.0,-1,-1.0,-1.0,-1.0,1,-1,-1,0,30,15,1,3,1,2,1.0,5488.428571428572,75.08019238809524,350.57142857142856,77.57142857142857,7,6.516666666666667,5.8428571428571425,0.6738095238095241,0.8043113093069455,2,-2,0.7789341772943849,0.4220002733627568,0.35693390393162805,0.35693390393162805
S071,2022-10-09,8,0,01:36,08:30,1,1,1,-1,-1,-1,-1,-1,-1.0,-1.0,-1.0,-1,-1.0,-1.0,-1.0,1,-1,-1,0,30,6,1,3,3,3,1.0,5104.857142857143,81.4182670555665,377.0,78.25,4,8.0,6.283333333333333,1.7166666666666668,2.0491464806017934,2,-2,0.7789341772943849,0.5865518358633405,0.19238234143104438,0.19238234143104438
S071,2022-10-16,8,0,02:00,08:30,1,1,1,-1,-1,-1,-1,-1,-1.0,-1.0,-1.0,-1,-1.0,-1.0,-1.0,1,-1,-1,0,30,6,1,2,3,3,1.0,4054.571428571429,81.69947411236421,372.1428571428572,75.85714285714286,7,8.0,6.202380952380953,1.7976190476190466,2.1457775212959125,2,-2,0.7789341772943849,0.006291062834969167,0.7726431144594157,0.7726431144594157
S071,2022-10-22,8,0,14:40,20:00,1,1,1,-1,-1,-1,-1,-1,-1.0,-1.0,-1.0,-1,-1.0,-1.0,-1.0,1,-1,-1,0,30,6,1,3,2,2,1.0,4021.714285714286,83.86728241794572,334.3333333333333,74.16666666666667,6,8.0,5.572222222222222,2.427777777777778,2.897983857679559,2,-2,0.7789341772943849,-0.4036444086577116,1.1825785859520965,1.1825785859520965
S119,2022-07-16,8,0,03:00,11:00,2,1,1,-1,-1,-1,-1,-1,-1.0,-1.0,-1.0,-1,-1.0,-1.0,-1.0,1,-1,-1,3,0,1,1,3,2,1,0.7142857142857143,6319.4,73.8597767648225,290.3333333333333,72.66666666666667,3,8.0,4.838888888888889,3.1611111111111114,3.773347402791005,3,-3,-0.2836038650826296,-0.7673899678695271,0.4837861027868975,0.4837861027868975
S119,2022-07-23,7,0,03:20,11:00,2,1,1,-1,-1,-1,-1,-1,-1.0,-1.0,-1.0,-1,-1.0,-1.0,-1.0,1,-1,-1,3,0,1,1,2,4,2,1.0,3595.8571428571427,76.89825427965036,421.6666666666667,79.16666666666667,6,7.0,7.027777777777778,-0.02777777777777768,0.033157710042100094,3,-3,-0.2836038650826296,0.8088407887150066,-1.0924446537976362,1.0924446537976362
S119,2022-07-30,7,30,03:00,10:00,1,1,1,-1,-1,-1,-1,-1,-1.0,-1.0,-1.0,-1,-1.0,-1.0,-1.0,1,-1,-1,3,0,1,1,3,2,2,1.0,3556.714285714286,78.25930945068579,409.7142857142857,76.85714285714286,7,7.5,6.828571428571428,0.6714285714285717,0.8014692198747655,2,-2,0.7789341772943849,0.24878810230951282,0.5301460749848721,0.5301460749848721
S119,2022-08-06,8,0,04:20,13:00,2,1,1,-1,-1,-1,-1,-1,-1.0,-1.0,-1.0,-1,-1.0,-1.0,-1.0,1,-1,-1,3,0,1,1,3,2,2,1.0,1323.857142857143,70.4556587169064,448.5,84.66666666666667,6,8.0,7.475,0.5250000000000004,0.6266807197956945,3,-3,-0.2836038650826296,2.1425745058249968,-2.4261783709076266,2.4261783709076266
S119,2022-08-14,7,20,05:00,13:00,3,1,1,-1,-1,-1,-1,-1,-1.0,-1.0,-1.0,-1,-1.0,-1.0,-1.0,1,-1,-1,2,0,1,1,3,3,2,1.0,2566.0,69.3094600073911,435.8333333333333,80.66666666666667,6,7.333333333333333,7.263888888888888,0.06944444444444464,0.08289427510525077,4,-4,-1.346141907459644,1.1725863479268221,-2.518728255386466,2.518728255386466
S119,2022-08-20,6,0,07:45,13:45,3,1,1,-1,-1,-1,-1,-1,-1.0,-1.0,-1.0,-1,-1.0,-1.0,-1.0,1,-1,-1,3,0,1,1,3,3,2,1.0,1589.571428571429,68.59941455520918,401.0,81.5,6,6.0,6.683333333333334,-0.6833333333333336,0.8156796670356655,4,-4,-1.346141907459644,1.3746672141556073,-2.7208091216152512,2.7208091216152512
S119,2022-08-27,8,0,02:00,10:00,1,1,1,-1,-1,-1,-1,-1,-1.0,-1.0,-1.0,-1,-1.0,-1.0,-1.0,1,-1,-1,4,0,3,1,3,2,2,1.0,9798.857142857143,78.89215374267869,429.4,75.0,5,8.0,7.156666666666666,0.8433333333333337,1.0066680768781628,2,-2,0.7789341772943849,-0.20156354242892638,0.9804977197233112,0.9804977197233112
S119,2022-09-03,8,0,01:20,08:40,1,1,1,-1,-1,-1,-1,-1,-1.0,-1.0,-1.0,-1,-1.0,-1.0,-1.0,1,-1,-1,3,0,2,1,3,2,2,1.0,4252.857142857143,78.5977313256781,399.2857142857143,72.42857142857143,7,8.0,6.654761904761904,1.3452380952380958,1.6057805291817109,2,-2,0.7789341772943849,-0.8251273582206096,1.6040615355149943,1.6040615355149943
S119,2022-09-10,8,0,01:00,09:00,1,1,1,-1,-1,-1,-1,-1,-1.0,-1.0,-1.0,-1,-1.0,-1.0,-1.0,1,-1,-1,3,0,3,1,3,2,2,1.0,3354.285714285714,76.65887031350589,489.0,84.0,6,8.0,8.15,-0.15000000000000036,0.17905163422734158,2,-2,0.7789341772943849,1.9809098128419667,-1.2019756355475817,1.2019756355475817
S119,2022-09-18,8,0,01:30,09:00,1,1,1,-1,-1,-1,-1,-1,-1.0,-1.0,-1.0,-1,-1.0,-1.0,-1.0,1,-1,-1,3,0,3,1,3,2,2,0.4285714285714285,1099.6666666666667,69.27046981454092,526.6666666666666,85.0,3,8.0,8.777777777777777,-0.7777777777777768,0.9284158811788048,2,-2,0.7789341772943849,2.22340685231651,-1.444472675022125,1.444472675022125
S503,2022-09-17,8,0,03:30,11:30,1,1,1,-1,-1,-1,-1,-1,-1.0,-1.0,-1.0,-1,-1.0,-1.0,-1.0,1,-1,-1,0,10,1,1,4,1,1,0.5714285714285714,17.5,84.97969009698363,,,0,8.0,,,,2,-2,0.7789341772943849,,,
S503,2022-09-24,8,0,03:30,11:30,1,1,1,-1,-1,-1,-1,-1,-1.0,-1.0,-1.0,-1,-1.0,-1.0,-1.0,1,-1,-1,0,0,1,1,4,1,2,0.4285714285714285,1170.6666666666667,101.16560726472775,,,0,8.0,,,,2,-2,0.7789341772943849,,,
S503,2022-10-02,8,0,03:30,11:30,1,1,1,-1,-1,-1,-1,-1,-1.0,-1.0,-1.0,-1,-1.0,-1.0,-1.0,1,-1,-1,0,0,1,1,4,1,2,0.0,,,,,0,8.0,,,,2,-2,0.7789341772943849,,,
S503,2022-10-08,8,0,03:30,11:30,1,1,1,-1,-1,-1,-1,-1,-1.0,-1.0,-1.0,-1,-1.0,-1.0,-1.0,1,-1,-1,0,0,1,1,3,1,1,0.0,,,,,0,8.0,,,,2,-2,0.7789341772943849,,,
S503,2022-10-15,8,30,03:30,11:30,1,1,1,-1,-1,-1,-1,-1,-1.0,-1.0,-1.0,-1,-1.0,-1.0,-1.0,1,-1,-1,0,0,1,1,4,1,2,0.0,,,,,0,8.5,,,,2,-2,0.7789341772943849,,,
S504,2022-09-17,9,00,13:38,21:00,1,1,1,-1,-1,-1,-1,-1,-1.0,-1.0,-1.0,-1,-1.0,-1.0,-1.0,1,-1,-1,3,0,3,1,4,4,1,1.0,4752.142857142857,73.74007002782727,355.2,72.6,5,9.0,5.92,3.08,3.6765268894680716,2,-2,0.7789341772943849,-0.7835564371678325,1.5624906144622175,1.5624906144622175
S504,2022-09-25,10,00,03:02,10:02,1,1,1,-1,-1,-1,-1,-1,-1.0,-1.0,-1.0,-1,-1.0,-1.0,-1.0,1,-1,-1,1,0,3,1,4,2,1,1.0,6364.428571428572,75.5846903567397,416.0,73.57142857142857,7,10.0,6.933333333333334,3.0666666666666664,3.6606111886478634,2,-2,0.7789341772943849,-0.5479878845354178,1.3269220618298028,1.3269220618298028
S504,2022-10-02,10,00,10:22,10:22,1,1,1,-1,-1,-1,-1,-1,-1.0,-1.0,-1.0,-1,-1.0,-1.0,-1.0,1,-1,-1,2,0,3,1,4,3,1,1.0,6079.857142857143,75.71257308718944,387.6666666666667,73.33333333333333,6,10.0,6.461111111111111,3.5388888888888888,4.224292259363567,2,-2,0.7789341772943849,-0.6057252748865003,1.3846594521808853,1.3846594521808853
S504,2022-10-08,9,00,23:39,21:39,1,1,1,-1,-1,-1,-1,-1,-1.0,-1.0,-1.0,-1,-1.0,-1.0,-1.0,1,-1,-1,1,0,3,1,4,1,2,1.0,4035.571428571429,76.68213257319994,426.3333333333333,71.16666666666667,6,9.0,7.105555555555555,1.8944444444444448,2.261355824871235,2,-2,0.7789341772943849,-1.1311355270813426,1.9100697043757275,1.9100697043757275
S504,2022-10-16,9,00,01:54,10:54,1,1,1,-1,-1,-1,-1,-1,-1.0,-1.0,-1.0,-1,-1.0,-1.0,-1.0,1,-1,-1,2,0,3,1,4,2,1,1.0,6558.285714285715,76.53495304773502,389.1666666666667,75.0,6,9.0,6.486111111111112,2.5138888888888884,3.0007727588100686,2,-2,0.7789341772943849,-0.20156354242892638,0.9804977197233112,0.9804977197233112
S504,2022-10-23,9,00,23:37,10:37,1,1,1,-1,-1,-1,-1,-1,-1.0,-1.0,-1.0,-1,-1.0,-1.0,-1.0,1,-1,-1,2,0,3,1,4,4,2,1.0,5343.285714285715,78.7898205093492,438.75,74.25,4,9.0,7.3125,1.6875,2.014330885057588,2,-2,0.7789341772943849,-0.38343632203483413,1.162370499329219,1.162370499329219
S504,2022-10-29,11,0#,23:46,08:46,1,1,1,-1,-1,-1,-1,-1,-1.0,-1.0,-1.0,-1,-1.0,-1.0,-1.0,1,-1,-1,1,0,3,1,4,1,1,1.0,7958.428571428572,82.20242166795391,380.6,72.6,5,,6.343333333333334,,,2,-2,0.7789341772943849,-0.7835564371678325,1.5624906144622175,1.5624906144622175
S504,2022-11-06,8,00,01:59,10:59,1,1,1,-1,-1,-1,-1,-1,-1.0,-1.0,-1.0,-1,-1.0,-1.0,-1.0,1,-1,-1,2,0,3,1,4,4,1,1.0,6409.142857142857,74.86969430851754,462.2857142857143,76.85714285714286,7,8.0,7.704761904761905,0.2952380952380951,0.3524190895903221,2,-2,0.7789341772943849,0.24878810230951282,0.5301460749848721,0.5301460749848721
S504,2022-11-13,9,00,00:48,08:48,1,1,1,-1,-1,-1,-1,-1,-1.0,-1.0,-1.0,-1,-1.0,-1.0,-1.0,1,-1,-1,2,0,3,1,4,4,1,1.0,7294.428571428572,77.79942369043594,388.8,74.2,5,9.0,6.48,2.5199999999999996,3.0080674550193307,2,-2,0.7789341772943849,-0.3955611740085606,1.1744953513029455,1.1744953513029455
S505,2022-09-17,6,30,12:30,19:00,2,1,1,-1,-1,-1,-1,-1,-1.0,-1.0,-1.0,-1,-1.0,-1.0,-1.0,1,-1,-1,0,30,3,1,3,2,2,0.2857142857142857,5058.0,88.66171960078222,432.0,86.0,1,6.5,7.2,-0.7000000000000002,0.8355742930609256,3,-3,-0.2836038650826296,2.465903891791054,-2.749507756873683,2.749507756873683
S505,2022-10-03,4,0,01:27,17:57,1,3,1,-1,-1,-1,-1,-1,-1.0,-1.0,-1.0,-1,-1.0,-1.0,-1.0,1,-1,-1,0,30,6,2,2,3,3,1.0,9464.0,92.5024280948706,362.8333333333333,75.83333333333333,6,4.0,6.047222222222222,-2.0472222222222216,2.443723230102785,4,-4,-1.346141907459644,0.0005173237998588514,-1.3466592312595027,1.3466592312595027
S505,2022-10-08,6,0,01:00,18:30,1,3,1,-1,-1,-1,-1,-1,-1.0,-1.0,-1.0,-1,-1.0,-1.0,-1.0,1,-1,-1,0,20,4,1,3,1,3,1.0,4443.857142857143,85.44672915279612,392.6,79.0,5,6.0,6.543333333333334,-0.5433333333333339,0.6485648084234809,4,-4,-1.346141907459644,0.7684246154692482,-2.114566522928892,2.114566522928892
S505,2022-10-17,6,30,12:00,07:00,1,4,1,-1,-1,-1,-1,-1,-1.0,-1.0,-1.0,-1,-1.0,-1.0,-1.0,1,-1,-1,0,30,6,1,4,1,2,1.0,5898.0,87.30085747856795,367.7142857142857,75.57142857142857,7,6.5,6.128571428571429,0.371428571428571,0.44336595142008234,5,-5,-2.4086799498366585,-0.0629938055863305,-2.345686144250328,2.345686144250328
S505,2022-10-22,6,11,23:01,18:01,1,2,1,-1,-1,-1,-1,-1,-1.0,-1.0,-1.0,-1,-1.0,-1.0,-1.0,1,-1,-1,0,30,5,1,4,1,2,1.0,6085.285714285715,88.75089172004796,362.8571428571428,74.14285714285714,7,6.183333333333334,6.047619047619047,0.135714285714287,0.1619990976342626,3,-3,-0.2836038650826296,-0.4094181476928219,0.12581428261019234,0.12581428261019234
S505,2022-10-31,6,11,22:00,18:30,1,1,1,-1,-1,-1,-1,-1,-1.0,-1.0,-1.0,-1,-1.0,-1.0,-1.0,1,-1,-1,0,20,4,1,3,1,1,1.0,7256.142857142857,88.61195067975943,374.1428571428572,78.71428571428571,7,6.183333333333334,6.235714285714287,-0.05238095238095308,0.06252596750796124,2,-2,0.7789341772943849,0.6991397470479486,0.07979443024643629,0.07979443024643629
S505,2022-11-08,6,19,23:00,17:37,1,2,1,-1,-1,-1,-1,-1,-1.0,-1.0,-1.0,-1,-1.0,-1.0,-1.0,1,-1,-1,0,20,3,1,4,2,2,1.0,6855.714285714285,90.34790443595324,345.0,75.28571428571429,7,6.316666666666666,5.75,0.5666666666666664,0.6764172848588441,3,-3,-0.2836038650826296,-0.13227867400762672,-0.15132519107500286,0.15132519107500286
S505,2022-11-12,5,51,12:00,18:09,1,1,1,-1,-1,-1,-1,-1,-1.0,-1.0,-1.0,-1,-1.0,-1.0,-1.0,1,-1,-1,0,10,6,1,4,1,1,1.0,8735.714285714286,92.25242618506192,354.7142857142857,74.42857142857143,7,5.85,5.911904761904762,-0.06190476190476257,0.07389432523668127,2,-2,0.7789341772943849,-0.34013327927152226,1.1190674565659071,1.1190674565659071
S507,2022-09-24,5,0,21:10,06:30,1,1,1,-1,-1,-1,-1,-1,-1.0,-1.0,-1.0,-1,-1.0,-1.0,-1.0,1,-1,-1,1,0,4,2,2,3,3,1.0,8616.285714285714,89.50815786198318,329.8,69.2,5,5.0,5.496666666666667,-0.49666666666666703,0.5928598555527522,2,-2,0.7789341772943849,-1.608046371381279,2.386980548675664,2.386980548675664
S507,2022-10-02,5,0,21:30,05:30,1,1,1,-1,-1,-1,-1,-1,-1.0,-1.0,-1.0,-1,-1.0,-1.0,-1.0,1,-1,-1,0,30,4,2,3,2,3,1.0,7614.428571428572,91.44885805367986,280.0,65.25,4,5.0,4.666666666666667,0.33333333333333304,0.3978925205052022,2,-2,0.7789341772943849,-2.565909677305727,3.344843854600112,3.344843854600112
S507,2022-10-09,6,0,21:30,04:30,1,1,1,-1,-1,-1,-1,-1,-1.0,-1.0,-1.0,-1,-1.0,-1.0,-1.0,1,-1,-1,0,30,3,2,3,3,3,1.0,7213.714285714285,87.7599748950158,266.0,65.2,5,6.0,4.433333333333334,1.5666666666666664,1.8700948463744518,2,-2,0.7789341772943849,-2.5780345292794538,3.3569687065738387,3.3569687065738387
S507,2022-10-16,6,0,21:30,05:30,1,1,1,-1,-1,-1,-1,-1,-1.0,-1.0,-1.0,-1,-1.0,-1.0,-1.0,1,-1,-1,0,30,3,2,3,3,3,1.0,8849.714285714286,90.62691259766368,268.4,66.8,5,6.0,4.473333333333333,1.5266666666666673,1.8223477439138285,2,-2,0.7789341772943849,-2.190039266120185,2.96897344341457,2.96897344341457
S507,2022-10-22,5,0,22:30,05:00,1,1,1,-1,-1,-1,-1,-1,-1.0,-1.0,-1.0,-1,-1.0,-1.0,-1.0,1,-1,-1,0,30,4,2,2,2,2,1.0,11869.714285714286,92.75160714768032,306.25,64.25,4,5.0,5.104166666666667,-0.10416666666666696,0.12434141265787615,2,-2,0.7789341772943849,-2.808406716780271,3.587340894074656,3.587340894074656
S507,2022-10-30,6,0,21:30,05:30,1,1,1,-1,-1,-1,-1,-1,-1.0,-1.0,-1.0,-1,-1.0,-1.0,-1.0,2,0,30,0,30,4,3,1,2,2,1.0,11841.714285714286,92.26717828226948,262.0,68.42857142857143,7,6.0,4.366666666666666,1.6333333333333337,1.949673350475493,2,-2,0.7789341772943849,-1.7951155161187842,2.574049693413169,2.574049693413169
S507,2022-11-07,6,0,21:30,05:30,1,1,1,-1,-1,-1,-1,-1,-1.0,-1.0,-1.0,-1,-1.0,-1.0,-1.0,1,-1,-1,0,30,4,2,2,3,3,0.7142857142857143,8054.2,87.35853441379705,266.3333333333333,64.0,3,6.0,4.438888888888888,1.5611111111111118,1.8634633043660327,2,-2,0.7789341772943849,-2.8690309766489066,3.6479651539432916,3.6479651539432916
S507,2022-11-12,5,0,21:30,05:11,1,1,1,-1,-1,-1,-1,-1,-1.0,-1.0,-1.0,-1,-1.0,-1.0,-1.0,1,-1,-1,0,30,2,2,2,3,3,0.4285714285714285,5356.666666666667,90.05274769939797,213.0,64.0,2,5.0,3.55,1.4500000000000002,1.7308324641976314,2,-2,0.7789341772943849,-2.8690309766489066,3.6479651539432916,3.6479651539432916
S507,2022-11-19,7,0,20:30,05:30,1,1,1,-1,-1,-1,-1,-1,-1.0,-1.0,-1.0,-1,-1.0,-1.0,-1.0,1,-1,-1,0,30,2,3,1,2,3,1.0,9854.857142857143,96.97106150842777,408.0,67.75,4,7.0,6.8,0.20000000000000018,0.23873551230312176,2,-2,0.7789341772943849,-1.959667078619368,2.738601255913753,2.738601255913753
S507,2022-11-26,6,0,21:01,05:10,1,1,1,-1,-1,-1,-1,-1,-1.0,-1.0,-1.0,-1,-1.0,-1.0,-1.0,2,5,30,0,30,2,3,1,3,3,1.0,11003.0,90.22776271371232,347.5,66.0,4,6.0,5.791666666666667,0.20833333333333304,0.24868282531575125,2,-2,0.7789341772943849,-2.3840368976998194,3.1629710749942044,3.1629710749942044
S605,2022-08-06,6,0,06:00,00:00,3,1,1,-1,-1,-1,-1,-1,-1.0,-1.0,-1.0,-1,-1.0,-1.0,-1.0,1,-1,-1,0,30,3,1,3,3,3,0.5714285714285714,1851.25,81.4207767385161,628.0,85.0,1,6.0,10.466666666666667,-4.466666666666667,5.331759774769714,4,-4,-1.346141907459644,2.22340685231651,-3.569548759776154,3.569548759776154
S605,2022-08-13,6,0,06:00,00:00,1,1,1,-1,-1,-1,-1,-1,-1.0,-1.0,-1.0,-1,-1.0,-1.0,-1.0,1,-1,-1,0,30,3,1,4,4,4,0.0,,,,,0,6.0,,,,2,-2,0.7789341772943849,,,
S605,2022-08-20,6,0,06:00,00:00,2,2,1,-1,-1,-1,-1,-1,-1.0,-1.0,-1.0,-1,-1.0,-1.0,-1.0,1,-1,-1,0,30,3,2,2,2,1,0.0,,,,,0,6.0,,,,4,-4,-1.346141907459644,,,
S605,2022-08-28,6,0,06:00,12:00,2,2,1,-1,-1,-1,-1,-1,-1.0,-1.0,-1.0,-1,-1.0,-1.0,-1.0,1,-1,-1,0,30,6,1,2,2,2,0.0,,,,,0,6.0,,,,4,-4,-1.346141907459644,,,
S605,2022-09-03,6,0,06:00,00:00,1,1,1,-1,-1,-1,-1,-1,-1.0,-1.0,-1.0,-1,-1.0,-1.0,-1.0,1,-1,-1,0,30,3,1,3,2,2,0.0,,,,,0,6.0,,,,2,-2,0.7789341772943849,,,
S605,2022-09-10,6,0,06:00,00:00,1,1,1,-1,-1,-1,-1,-1,-1.0,-1.0,-1.0,-1,-1.0,-1.0,-1.0,1,-1,-1,0,30,3,1,4,2,2,0.0,,,,,0,6.0,,,,2,-2,0.7789341772943849,,,
S605,2022-09-17,6,0,12:00,06:00,2,2,1,-1,-1,-1,-1,-1,-1.0,-1.0,-1.0,-1,-1.0,-1.0,-1.0,1,-1,-1,0,30,3,1,4,4,4,0.1428571428571428,0.0,,,,0,6.0,,,,4,-4,-1.346141907459644,,,
S605,2022-09-26,6,0,12:00,06:00,1,1,1,-1,-1,-1,-1,-1,-1.0,-1.0,-1.0,-1,-1.0,-1.0,-1.0,1,-1,-1,0,30,3,1,2,2,2,0.0,,,,,0,6.0,,,,2,-2,0.7789341772943849,,,
S605,2022-10-04,6,0,12:00,06:00,1,1,1,-1,-1,-1,-1,-1,-1.0,-1.0,-1.0,-1,-1.0,-1.0,-1.0,1,-1,-1,0,30,3,1,2,2,2,0.0,,,,,0,6.0,,,,2,-2,0.7789341772943849,,,
S605,2022-10-10,6,0,12:00,06:00,1,1,1,-1,-1,-1,-1,-1,-1.0,-1.0,-1.0,-1,-1.0,-1.0,-1.0,1,-1,-1,0,30,3,2,2,2,2,0.0,,,,,0,6.0,,,,2,-2,0.7789341772943849,,,
S605,2022-10-28,6,0,06:00,00:00,1,1,1,-1,-1,-1,-1,-1,-1.0,-1.0,-1.0,-1,-1.0,-1.0,-1.0,1,-1,-1,0,30,3,1,4,1,1,0.0,,,,,0,6.0,,,,2,-2,0.7789341772943849,,,
S605,2022-10-31,6,0,06:00,00:00,1,1,1,-1,-1,-1,-1,-1,-1.0,-1.0,-1.0,-1,-1.0,-1.0,-1.0,1,-1,-1,0,30,3,1,2,2,2,0.0,,,,,0,6.0,,,,2,-2,0.7789341772943849,,,
S605,2022-11-02,6,0,12:00,06:00,1,1,1,-1,-1,-1,-1,-1,-1.0,-1.0,-1.0,-1,-1.0,-1.0,-1.0,1,-1,-1,0,30,3,1,4,4,1,0.0,,,,,0,6.0,,,,2,-2,0.7789341772943849,,,
S605,2022-11-11,6,0,06:00,00:00,1,1,1,-1,-1,-1,-1,-1,-1.0,-1.0,-1.0,-1,-1.0,-1.0,-1.0,1,-1,-1,0,30,3,1,4,4,4,0.0,,,,,0,6.0,,,,2,-2,0.7789341772943849,,,
S605,2022-11-22,6,0,12:00,06:00,1,1,1,-1,-1,-1,-1,-1,-1.0,-1.0,-1.0,-1,-1.0,-1.0,-1.0,1,-1,-1,0,30,6,1,4,1,1,0.0,,,,,0,6.0,,,,2,-2,0.7789341772943849,,,
S646,2022-09-04,8,0,22:13,06:13,2,1,1,-1,-1,-1,-1,-1,-1.0,-1.0,-1.0,-1,-1.0,-1.0,-1.0,1,-1,-1,0,30,3,1,3,3,2,1.0,6885.142857142857,68.00763644342128,411.6666666666667,77.16666666666667,6,8.0,6.861111111111112,1.1388888888888884,1.3594661117261082,3,-3,-0.2836038650826296,0.32384670976591934,-0.6074505748485489,0.6074505748485489
S646,2022-09-09,7,0,22:29,06:06,1,1,2,헬스,1,0,-1,0,,,,0,,,,1,-1,-1,0,30,0,1,3,2,1,1.0,6976.428571428572,70.54218138042322,418.8333333333333,79.16666666666667,6,7.0,6.980555555555555,0.01944444444444482,0.023210397029470597,2,-2,0.7789341772943849,0.8088407887150066,-0.029906611420621787,0.029906611420621787
S646,2022-09-16,6,30,23:30,18:00,4,2,2,헬스,2,0,-1,0,,,,0,,,,1,-1,-1,0,20,3,2,2,4,2,1.0,6305.714285714285,70.18510155308938,397.0,78.33333333333333,6,6.5,6.616666666666666,-0.11666666666666625,0.1392623821768204,6,-6,-3.4712179922136728,0.606759922486218,-4.077977914699891,4.077977914699891
S646,2022-09-23,8,0,22:00,06:09,1,1,2,헬스,2,0,-1,0,,,,0,,,,1,-1,-1,0,20,4,1,4,2,1,1.0,7621.714285714285,72.33691591392746,412.8571428571428,78.85714285714286,7,8.0,6.88095238095238,1.1190476190476204,1.3357820331246102,2,-2,0.7789341772943849,0.7337821812586002,0.04515199603578468,0.04515199603578468
S646,2022-10-03,8,0,22:00,06:00,1,1,1,-1,-1,-1,-1,-1,-1.0,-1.0,-1.0,-1,-1.0,-1.0,-1.0,1,-1,-1,0,20,4,1,4,1,2,1.0,6413.714285714285,67.90747061522828,393.8571428571428,78.57142857142857,7,8.0,6.564285714285713,1.4357142857142868,1.7137799276045524,2,-2,0.7789341772943849,0.6644973128373005,0.11443686445708434,0.11443686445708434
S646,2022-10-07,8,0,22:01,06:00,2,1,2,헬스,1,0,-1,0,,,,0,,,,1,-1,-1,0,15,2,1,3,2,1,1.0,6292.428571428572,68.47743825867789,419.1428571428572,80.14285714285714,7,8.0,6.985714285714287,1.0142857142857133,1.2107300981086866,3,-3,-0.2836038650826296,1.04556408915444,-1.3291679542370696,1.3291679542370696
S646,2022-10-16,8,0,22:00,07:00,1,1,2,헬스,2,0,-1,0,,,,0,,,,1,-1,-1,0,20,2,1,3,1,1,1.0,6350.428571428572,71.9539196829713,405.57142857142856,78.57142857142857,7,8.0,6.7595238095238095,1.2404761904761905,1.4807285941657895,2,-2,0.7789341772943849,0.6644973128373005,0.11443686445708434,0.11443686445708434
S646,2022-10-24,8,30,22:00,06:30,1,1,2,기타,2,0,-1,0,,,,0,,,,1,-1,-1,0,20,4,1,4,1,1,1.0,7037.0,71.16108156240088,400.1666666666667,78.0,6,8.5,6.669444444444445,1.8305555555555548,2.1850930917744034,2,-2,0.7789341772943849,0.5259275759947046,0.2530066012996802,0.2530066012996802
S646,2022-10-28,7,0,23:29,06:00,3,1,2,헬스,2,0,-1,0,,,,0,,,,1,-1,-1,0,20,2,1,3,3,2,1.0,7062.285714285715,70.06039842737776,393.2,78.0,5,7.0,6.553333333333333,0.4466666666666672,0.5331759774769721,4,-4,-1.346141907459644,0.5259275759947046,-1.8720694834543485,1.8720694834543485
S646,2022-11-06,7,0,22:30,06:01,2,1,2,헬스,2,0,-1,0,,,,0,,,,1,-1,-1,0,20,4,2,2,2,2,1.0,5809.285714285715,70.12332445665123,410.0,79.5,6,7.0,6.833333333333333,0.16666666666666696,0.19894626025260162,3,-3,-0.2836038650826296,0.8896731352065201,-1.1732770002891497,1.1732770002891497
S646,2022-11-16,8,0,22:06,18:10,1,1,2,기타,4,1,-1,0,,,,0,,,,1,-1,-1,0,15,4,1,4,1,1,1.0,6309.285714285715,67.07132329832882,433.2857142857143,79.71428571428571,7,8.0,7.2214285714285715,0.7785714285714285,0.9293632443228659,2,-2,0.7789341772943849,0.9416367865224923,-0.16270260922810742,0.16270260922810742
S646,2022-11-20,6,0,23:30,18:11,4,1,2,기타,2,0,-1,0,,,,0,,,,1,-1,-1,0,20,4,1,2,3,2,1.0,5950.285714285715,65.82800426817728,421.1428571428572,79.14285714285714,7,6.0,7.019047619047621,-1.0190476190476208,1.21641427697305,5,-5,-2.4086799498366585,0.8030670496798964,-3.2117469995165546,3.2117469995165546
S648,2022-09-03,5,30,01:30,07:00,2,2,1,-1,-1,-1,-1,-1,-1.0,-1.0,-1.0,-1,-1.0,-1.0,-1.0,1,-1,-1,1,0,10,1,3,2,2,1.0,594.1428571428571,81.5983288169135,290.25,61.5,4,5.5,4.8375,0.6624999999999996,0.7908113845040896,4,-4,-1.346141907459644,-3.4752735753352657,2.1291316678756216,2.1291316678756216
S648,2022-09-12,8,0,02:10,10:10,1,1,2,등산,2,1,-1,0,,,,0,,,,1,-1,-1,0,30,6,1,3,2,1,0.5714285714285714,3190.5,98.67462239623468,,,0,8.0,,,,2,-2,0.7789341772943849,,,
S648,2022-09-17,6,30,23:00,05:00,2,2,1,-1,-1,-1,-1,-1,-1.0,-1.0,-1.0,-1,-1.0,-1.0,-1.0,1,-1,-1,0,30,6,1,3,2,2,0.2857142857142857,462.5,86.14335359355255,,,0,6.5,,,,4,-4,-1.346141907459644,,,
S648,2022-09-26,5,0,02:30,07:30,1,1,1,-1,-1,-1,-1,-1,-1.0,-1.0,-1.0,-1,-1.0,-1.0,-1.0,1,-1,-1,0,30,7,1,4,1,1,0.0,,,,,0,5.0,,,,2,-2,0.7789341772943849,,,
S649,2022-09-10,6,0,04:00,10:00,3,1,1,-1,-1,-1,-1,-1,-1.0,-1.0,-1.0,-1,-1.0,-1.0,-1.0,1,-1,-1,1,0,2,2,2,3,2,1.0,3504.714285714286,75.14727328202405,379.3333333333333,78.66666666666667,3,6.0,6.322222222222222,-0.32222222222222197,0.3846294364883622,4,-4,-1.346141907459644,0.6875922689777348,-2.033734176437379,2.033734176437379
S649,2022-09-17,8,0,02:00,10:00,3,1,1,-1,-1,-1,-1,-1,-1.0,-1.0,-1.0,-1,-1.0,-1.0,-1.0,2,1,20,1,0,3,2,2,4,4,1.0,5215.714285714285,76.31636567134053,427.3333333333333,80.66666666666667,6,8.0,7.122222222222222,0.8777777777777782,1.0477836373303673,4,-4,-1.346141907459644,1.1725863479268221,-2.518728255386466,2.518728255386466
S649,2022-10-01,7,0,02:00,10:30,2,1,1,-1,-1,-1,-1,-1,-1.0,-1.0,-1.0,-1,-1.0,-1.0,-1.0,1,-1,-1,0,20,2,2,2,3,2,1.0,6956.714285714285,76.66732514546491,375.8,73.6,5,7.0,6.263333333333334,0.7366666666666664,0.8793424703164973,3,-3,-0.2836038650826296,-0.5410593976932889,0.25745553261065934,0.25745553261065934
S649,2022-10-09,7,0,03:00,10:00,2,1,1,-1,-1,-1,-1,-1,-1.0,-1.0,-1.0,-1,-1.0,-1.0,-1.0,1,-1,-1,0,15,2,1,4,3,2,1.0,5381.857142857143,71.2342174046169,392.2857142857143,75.28571428571429,7,7.0,6.538095238095238,0.46190476190476204,0.5513653498429237,3,-3,-0.2836038650826296,-0.13227867400762672,-0.15132519107500286,0.15132519107500286
S649,2022-10-16,8,0,02:00,11:00,2,1,1,-1,-1,-1,-1,-1,-1.0,-1.0,-1.0,-1,-1.0,-1.0,-1.0,1,-1,-1,0,30,4,1,2,4,2,1.0,5277.571428571428,71.19826351020556,425.8571428571428,77.57142857142857,7,8.0,7.097619047619046,0.9023809523809536,1.0771518947962284,3,-3,-0.2836038650826296,0.4220002733627568,-0.7056041384453864,0.7056041384453864
S649,2022-10-25,8,0,03:00,00:00,3,1,1,-1,-1,-1,-1,-1,-1.0,-1.0,-1.0,-1,-1.0,-1.0,-1.0,1,-1,-1,0,20,4,2,2,4,3,1.0,4332.0,71.8211075091147,360.75,79.0,4,8.0,6.0125,1.9874999999999998,2.37243415351227,4,-4,-1.346141907459644,0.7684246154692482,-2.114566522928892,2.114566522928892
S649,2022-11-14,8,0,04:00,11:00,3,1,1,-1,-1,-1,-1,-1,-1.0,-1.0,-1.0,-1,-1.0,-1.0,-1.0,1,-1,-1,0,30,3,2,2,4,2,1.0,7810.857142857143,74.77418418936763,387.5,71.33333333333333,6,8.0,6.458333333333333,1.541666666666667,1.840252907336562,4,-4,-1.346141907459644,-1.0907193538355877,-0.2554225536240562,0.2554225536240562
S649,2022-11-16,8,0,03:30,11:00,3,1,1,-1,-1,-1,-1,-1,-1.0,-1.0,-1.0,-1,-1.0,-1.0,-1.0,1,-1,-1,0,30,4,2,2,3,2,1.0,7735.428571428572,74.13005832311873,359.42857142857144,72.57142857142857,7,8.0,5.9904761904761905,2.0095238095238095,2.3987234807599354,4,-4,-1.346141907459644,-0.7904849240099615,-0.5556569834496824,0.5556569834496824
S981,2022-09-17,6,0,02:00,08:00,2,1,2,헬스,2,1,-1,달리기,1.0,0.0,15.0,0,,,,2,1,15,1,20,3,1,3,3,2,0.2857142857142857,8210.0,107.16176821034858,,,0,6.0,,,,3,-3,-0.2836038650826296,,,
S981,2022-09-25,5,59,02:00,08:05,1,1,1,-1,-1,-1,-1,-1,-1.0,-1.0,-1.0,-1,-1.0,-1.0,-1.0,1,-1,-1,1,30,15,1,3,3,2,1.0,14144.142857142857,120.75889109624096,384.6,70.2,5,5.983333333333333,6.41,-0.42666666666666675,0.5093024262466593,2,-2,0.7789341772943849,-1.3655493319067353,2.14448350920112,2.14448350920112
S981,2022-10-02,5,16,04:00,10:00,1,1,1,-1,-1,-1,-1,-1,-1.0,-1.0,-1.0,-1,-1.0,-1.0,-1.0,1,-1,-1,1,30,20,3,2,1,2,1.0,14303.714285714286,111.82471419620224,315.85714285714283,68.28571428571429,7,5.266666666666667,5.264285714285714,0.0023809523809523725,0.0028420894321800083,2,-2,0.7789341772943849,-1.8297579503294323,2.6086921276238173,2.6086921276238173
S981,2022-10-09,4,36,03:30,09:00,1,1,1,-1,-1,-1,-1,-1,-1.0,-1.0,-1.0,-1,-1.0,-1.0,-1.0,1,-1,-1,0,32,24,3,2,4,3,1.0,15657.142857142857,107.01597017892938,253.8571428571429,63.71428571428572,7,4.6,4.230952380952382,0.36904761904761774,0.4405238619879013,2,-2,0.7789341772943849,-2.938315845070203,3.717250022364588,3.717250022364588
S981,2022-10-15,3,31,04:00,08:00,1,1,1,-1,-1,-1,-1,-1,-1.0,-1.0,-1.0,-1,-1.0,-1.0,-1.0,1,-1,-1,1,8,17,2,2,4,3,1.0,14966.857142857143,105.689547718692,258.0,68.25,4,3.5166666666666666,4.3,-0.7833333333333332,0.9350474231872259,2,-2,0.7789341772943849,-1.838418558882096,2.617352736176481,2.617352736176481
S981,2022-10-23,5,51,04:27,08:27,1,1,1,-1,-1,-1,-1,-1,-1.0,-1.0,-1.0,-1,-1.0,-1.0,-1.0,1,-1,-1,0,30,16,1,3,4,3,1.0,9187.857142857143,112.08618537012504,367.5,68.16666666666667,6,5.85,6.125,-0.27500000000000036,0.32826132941679254,2,-2,0.7789341772943849,-1.8586266455049736,2.6375608227993586,2.6375608227993586
S981,2022-10-30,4,41,03:03,08:10,1,1,1,-1,-1,-1,-1,-1,-1.0,-1.0,-1.0,-1,-1.0,-1.0,-1.0,1,-1,-1,0,27,27,1,3,3,2,1.0,13307.42857142857,111.3270089996188,289.4,66.6,5,4.683333333333334,4.823333333333333,-0.13999999999999968,0.1671148586121847,2,-2,0.7789341772943849,-2.2385386740150945,3.0174728513094795,3.0174728513094795
S981,2022-11-06,4,44,03:49,08:10,1,1,1,-1,-1,-1,-1,-1,-1.0,-1.0,-1.0,-1,-1.0,-1.0,-1.0,1,-1,-1,0,30,23,2,2,4,4,1.0,12798.285714285714,108.1466623557101,275.42857142857144,65.85714285714286,7,4.733333333333333,4.590476190476191,0.14285714285714235,0.1705253659308005,2,-2,0.7789341772943849,-2.4186793319104676,3.1976135092048525,3.1976135092048525
S981,2022-11-15,3,5,05:48,08:10,1,1,1,-1,-1,-1,-1,-1,-1.0,-1.0,-1.0,-1,-1.0,-1.0,-1.0,1,-1,-1,1,57,23,3,2,4,3,1.0,18317.571428571428,117.02869228055464,222.3333333333333,60.0,3,3.0833333333333335,3.705555555555555,-0.6222222222222213,0.7427327049430438,2,-2,0.7789341772943849,-3.8390191345470814,4.617953311841466,4.617953311841466
S981,2022-11-20,6,22,00:15,08:15,1,1,1,-1,-1,-1,-1,-1,-1.0,-1.0,-1.0,-1,-1.0,-1.0,-1.0,1,-1,-1,0,43,25,3,1,2,4,1.0,12806.57142857143,110.1145975369665,352.6666666666667,66.0,3,6.366666666666666,5.877777777777778,0.48888888888888804,0.5835756967409628,2,-2,0.7789341772943849,-2.3840368976998194,3.1629710749942044,3.1629710749942044
S981,2022-11-27,6,9,01:04,08:30,1,1,2,헬스,2,0,-1,0,,,,0,,,,1,-1,-1,0,42,23,2,2,3,3,1.0,12517.285714285714,102.12132789248028,362.8333333333333,68.83333333333333,6,6.15,6.047222222222222,0.10277777777777874,0.12268352715577194,2,-2,0.7789341772943849,-1.6969619525219468,2.4758961298163316,2.4758961298163316
S982,2022-09-18,7,0,03:30,09:30,1,1,1,-1,-1,-1,-1,-1,-1.0,-1.0,-1.0,-1,-1.0,-1.0,-1.0,1,-1,-1,1,0,4,1,4,1,1,0.4285714285714285,4346.333333333333,76.92026758461265,320.0,76.0,2,7.0,5.333333333333333,1.666666666666667,1.9894626025260131,2,-2,0.7789341772943849,0.04093349704561728,0.7380006802487675,0.7380006802487675
S982,2022-09-24,6,5,03:40,09:30,1,1,1,-1,-1,-1,-1,-1,-1.0,-1.0,-1.0,-1,-1.0,-1.0,-1.0,1,-1,-1,1,30,5,1,4,2,1,1.0,5585.0,78.33281896784544,305.57142857142856,69.28571428571429,7,6.083333333333333,5.0928571428571425,0.9904761904761905,1.1823092037868876,2,-2,0.7789341772943849,-1.5872609108548887,2.3661950881492735,2.3661950881492735
S982,2022-10-01,5,51,04:20,08:50,1,1,1,-1,-1,-1,-1,-1,-1.0,-1.0,-1.0,-1,-1.0,-1.0,-1.0,1,-1,-1,1,0,4,1,4,2,1,1.0,4083.714285714286,76.05002045065628,333.5,71.5,6,5.85,5.558333333333334,0.2916666666666661,0.3481559554420515,2,-2,0.7789341772943849,-1.0503031805898293,1.8292373578842143,1.8292373578842143
S982,2022-10-09,5,26,04:40,08:00,1,1,1,-1,-1,-1,-1,-1,-1.0,-1.0,-1.0,-1,-1.0,-1.0,-1.0,1,-1,-1,0,30,4,1,4,1,1,1.0,5324.857142857143,83.52234900870096,290.8,65.6,5,5.433333333333334,4.846666666666667,0.5866666666666669,0.7002908360891568,2,-2,0.7789341772943849,-2.4810357134896384,3.2599698907840233,3.2599698907840233
S982,2022-10-16,5,17,04:25,08:20,1,1,1,-1,-1,-1,-1,-1,-1.0,-1.0,-1.0,-1,-1.0,-1.0,-1.0,1,-1,-1,0,40,2,1,4,1,2,1.0,3515.1428571428573,77.35823784973931,357.0,74.0,5,5.283333333333333,5.95,-0.666666666666667,0.7957850410104055,2,-2,0.7789341772943849,-0.44406058190347003,1.222994759197855,1.222994759197855
S982,2022-10-25,3,40,06:15,09:10,1,1,1,-1,-1,-1,-1,-1,-1.0,-1.0,-1.0,-1,-1.0,-1.0,-1.0,1,-1,-1,0,30,8,2,3,1,4,1.0,4108.285714285715,79.12709145646014,417.3333333333333,77.66666666666667,3,3.6666666666666665,6.955555555555555,-3.2888888888888883,3.9258728689846647,2,-2,0.7789341772943849,0.4450952295031912,0.33383894779119366,0.33383894779119366
S982,2022-10-30,5,50,04:00,08:50,1,1,1,-1,-1,-1,-1,-1,-1.0,-1.0,-1.0,-1,-1.0,-1.0,-1.0,1,-1,-1,0,40,7,1,3,2,2,1.0,5705.428571428572,82.355360030504,376.5,69.5,4,5.833333333333333,6.275,-0.4416666666666673,0.5272075896693942,2,-2,0.7789341772943849,-1.5352972595389165,2.3142314368333015,2.3142314368333015
S982,2022-11-06,6,41,04:10,11:02,1,1,1,-1,-1,-1,-1,-1,-1.0,-1.0,-1.0,-1,-1.0,-1.0,-1.0,1,-1,-1,0,20,5,1,4,1,1,1.0,5692.428571428572,81.05682732318685,347.1428571428572,69.57142857142857,7,6.683333333333334,5.785714285714287,0.8976190476190462,1.0714677159318653,2,-2,0.7789341772943849,-1.5179760424335924,2.296910219727977,2.296910219727977
S982,2022-11-15,5,18,04:40,08:45,1,1,1,-1,-1,-1,-1,-1,-1.0,-1.0,-1.0,-1,-1.0,-1.0,-1.0,1,-1,-1,0,40,5,1,4,1,1,1.0,4429.142857142857,81.01515548433679,348.42857142857144,67.28571428571429,7,5.3,5.807142857142858,-0.507142857142858,0.605365049054345,2,-2,0.7789341772943849,-2.072254989803976,2.851189167098361,2.851189167098361
S984,2022-09-25,8,0,01:00,09:30,2,1,2,헬스,4,2,-1,0,,,,0,,,,2,1,25,0,20,3,2,3,2,2,0.5714285714285714,7471.25,77.23423993470232,384.0,77.66666666666667,3,8.0,6.4,1.5999999999999996,1.9098840984249719,3,-3,-0.2836038650826296,0.4450952295031912,-0.7286990945858207,0.7286990945858207
S984,2022-10-03,6,0,04:35,09:41,1,1,2,헬스,4,2,-1,0,,,,0,,,,2,1,20,0,20,3,2,2,2,2,1.0,11166.714285714286,90.43521575897373,326.8,69.8,5,6.0,5.446666666666667,0.5533333333333328,0.6605015840386356,2,-2,0.7789341772943849,-1.462548147696554,2.241482324990939,2.241482324990939
S984,2022-11-14,5,0,01:21,09:21,1,1,2,헬스,4,2,-1,0,,,,0,,,,2,4,30,0,30,3,2,3,3,3,0.0,,,,,0,5.0,,,,2,-2,0.7789341772943849,,,
S984,2022-11-23,8,0,03:00,10:00,1,1,2,헬스,4,2,-1,0,,,,0,,,,2,3,20,0,10,3,3,3,4,3,0.0,,,,,0,8.0,,,,2,-2,0.7789341772943849,,,
S984,2022-11-28,9,0,03:32,11:32,1,1,2,헬스,4,2,-1,0,,,,0,,,,1,-1,-1,0,20,3,2,3,3,3,0.2857142857142857,5979.0,68.02107651747106,474.0,82.0,1,9.0,7.9,1.0999999999999996,1.313045317667168,2,-2,0.7789341772943849,1.4959157338928792,-0.7169815565984944,0.7169815565984944
S984,2022-11-30,8,0,03:23,12:23,1,1,2,헬스,4,2,-1,0,,,,0,,,,1,-1,-1,0,10,3,2,3,4,3,0.5714285714285714,8823.25,73.26702687321419,365.0,80.0,3,8.0,6.083333333333333,1.916666666666667,2.2878819929049152,2,-2,0.7789341772943849,1.0109216549437918,-0.23198747764940697,0.23198747764940697
S984,2022-12-03,8,0,05:05,11:05,1,1,2,헬스,0,0,-1,0,,,,0,,,,1,-1,-1,0,10,3,2,3,2,3,1.0,9516.857142857143,74.21537876502687,369.0,77.4,5,8.0,6.15,1.8499999999999996,2.2083034888038737,2,-2,0.7789341772943849,0.38042935230997976,0.3985048249844051,0.3985048249844051
S984,2022-12-08,8,0,11:40,23:58,1,1,1,-1,-1,-1,-1,-1,-1.0,-1.0,-1.0,-1,-1.0,-1.0,-1.0,1,-1,-1,0,10,3,1,3,2,2,0.7142857142857143,8451.4,75.356463307171,486.5,78.0,4,8.0,8.108333333333333,-0.1083333333333325,0.12931506916418983,2,-2,0.7789341772943849,0.5259275759947046,0.2530066012996802,0.2530066012996802
S985,2022-09-17,7,0,01:30,08:00,1,1,1,-1,-1,-1,-1,-1,-1.0,-1.0,-1.0,-1,-1.0,-1.0,-1.0,1,-1,-1,1,0,8,2,2,2,1,0.2857142857142857,8321.0,80.8742328905461,345.0,75.0,1,7.0,5.75,1.25,1.4920969518945095,2,-2,0.7789341772943849,-0.20156354242892638,0.9804977197233112,0.9804977197233112
S985,2022-09-25,6,30,01:00,08:00,1,1,1,-1,-1,-1,-1,-1,-1.0,-1.0,-1.0,-1,-1.0,-1.0,-1.0,1,-1,-1,1,30,16,1,3,2,1,1.0,11441.42857142857,84.97773097968471,377.0,69.5,6,6.5,6.283333333333333,0.21666666666666679,0.25863013832838183,2,-2,0.7789341772943849,-1.5352972595389165,2.3142314368333015,2.3142314368333015
S985,2022-10-02,6,44,02:00,10:00,1,1,1,-1,-1,-1,-1,-1,-1.0,-1.0,-1.0,-1,-1.0,-1.0,-1.0,1,-1,-1,1,0,13,1,3,2,1,1.0,8980.42857142857,79.7501482404464,392.6666666666667,77.33333333333333,6,6.733333333333333,6.544444444444445,0.18888888888888822,0.22547242828628064,2,-2,0.7789341772943849,0.36426288301167437,0.4146712942827105,0.4146712942827105
S985,2022-10-09,7,21,00:30,20:30,1,1,1,-1,-1,-1,-1,-1,-1.0,-1.0,-1.0,-1,-1.0,-1.0,-1.0,1,-1,-1,1,0,11,1,3,1,2,1.0,10753.857142857143,79.86925372970948,403.2857142857143,78.42857142857143,7,7.35,6.7214285714285715,0.6285714285714281,0.7503116100955243,2,-2,0.7789341772943849,0.6298548786266523,0.1490792986677325,0.1490792986677325
S985,2022-10-17,7,0,02:01,21:00,1,1,1,-1,-1,-1,-1,-1,-1.0,-1.0,-1.0,-1,-1.0,-1.0,-1.0,1,-1,-1,1,0,8,1,2,2,2,1.0,8819.714285714286,81.6184006321868,365.5,73.5,4,7.0,6.091666666666667,0.9083333333333332,1.084257118376677,2,-2,0.7789341772943849,-0.5653091016407419,1.3442432789351266,1.3442432789351266
S985,2022-10-24,5,35,00:30,08:00,1,1,1,-1,-1,-1,-1,-1,-1.0,-1.0,-1.0,-1,-1.0,-1.0,-1.0,1,-1,-1,1,0,9,2,3,2,2,1.0,8200.714285714286,82.93271578968263,365.25,75.5,4,5.583333333333333,6.0875,-0.5041666666666673,0.6018124372641196,2,-2,0.7789341772943849,-0.08031502269165455,0.8592491999860394,0.8592491999860394
S985,2022-10-29,7,13,00:00,08:00,1,1,1,-1,-1,-1,-1,-1,-1.0,-1.0,-1.0,-1,-1.0,-1.0,-1.0,2,1,60,1,0,12,1,4,1,1,1.0,7796.0,79.6770224683207,399.0,79.57142857142857,7,7.216666666666667,6.65,0.5666666666666664,0.6764172848588441,2,-2,0.7789341772943849,0.9069943523118441,-0.12806017501745925,0.12806017501745925
S985,2022-11-07,7,30,00:00,08:00,1,1,1,-1,-1,-1,-1,-1,-1.0,-1.0,-1.0,-1,-1.0,-1.0,-1.0,2,2,60,0,50,7,2,3,1,2,1.0,5761.857142857143,73.84152508095973,373.5,71.83333333333333,6,7.5,6.225,1.2750000000000004,1.5219388909324003,2,-2,0.7789341772943849,-0.9694708340983158,1.7484050113927005,1.7484050113927005
S985,2022-11-18,9,0,21:30,06:30,1,1,1,-1,-1,-1,-1,-1,-1.0,-1.0,-1.0,-1,-1.0,-1.0,-1.0,2,1,60,0,50,7,1,3,1,2,1.0,4790.428571428572,80.5484374455212,434.25,77.75,4,9.0,7.2375,1.7625000000000002,2.103856702171259,2,-2,0.7789341772943849,0.4653033161260687,0.3136308611683162,0.3136308611683162
S985,2022-11-19,6,58,23:00,18:00,1,1,1,-1,-1,-1,-1,-1,-1.0,-1.0,-1.0,-1,-1.0,-1.0,-1.0,2,1,60,1,0,8,1,3,1,2,1.0,5201.285714285715,81.56462752947566,432.4,77.4,5,6.966666666666667,7.206666666666666,-0.23999999999999932,0.28648261476374504,2,-2,0.7789341772943849,0.38042935230997976,0.3985048249844051,0.3985048249844051
S985,2022-11-28,6,30,01:00,07:30,1,1,1,-1,-1,-1,-1,-1,-1.0,-1.0,-1.0,-1,-1.0,-1.0,-1.0,2,2,60,1,0,6,1,3,1,1,1.0,6213.142857142857,81.24699574757742,382.5,72.83333333333333,6,6.5,6.375,0.125,0.14920969518945096,2,-2,0.7789341772943849,-0.7269737946237721,1.505907971918157,1.505907971918157
S986,2022-09-17,7,0,02:00,10:00,1,1,2,헬스,3,1,-1,0,,,,0,,,,2,3,15,1,0,6,1,4,3,2,0.2857142857142857,7165.5,85.8187919079409,392.0,81.0,1,7.0,6.533333333333333,0.4666666666666668,0.5570495287072837,2,-2,0.7789341772943849,1.2534186944183356,-0.4744845171239508,0.4744845171239508
S986,2022-09-25,7,0,03:00,10:00,1,1,2,헬스,3,1,-1,0,,,,0,,,,1,-1,-1,1,0,4,1,4,3,1,1.0,8877.142857142857,81.90583529995187,326.85714285714283,75.28571428571429,7,7.0,5.447619047619047,1.552380952380953,1.8530423097813729,2,-2,0.7789341772943849,-0.13227867400762672,0.9112128513020116,0.9112128513020116
S986,2022-10-01,6,30,03:00,09:00,1,1,2,헬스,3,1,-1,0,,,,0,,,,1,-1,-1,0,30,3,1,4,3,1,1.0,9307.42857142857,81.01472628384468,313.0,76.2,5,6.5,5.216666666666667,1.2833333333333332,1.5318862039450296,2,-2,0.7789341772943849,0.08943290494052669,0.6895012723538582,0.6895012723538582
S986,2022-10-08,6,2,15:02,22:03,1,1,2,헬스,2,1,-1,0,,,,0,,,,1,-1,-1,0,50,9,1,4,1,2,1.0,8109.857142857143,78.62314632636055,393.6666666666667,78.0,6,6.033333333333333,6.561111111111112,-0.5277777777777786,0.6299964907999049,2,-2,0.7789341772943849,0.5259275759947046,0.2530066012996802,0.2530066012996802
S986,2022-10-15,6,59,03:00,09:00,2,1,2,헬스,2,1,-1,0,,,,0,,,,1,-1,-1,1,0,10,1,4,3,2,1.0,7037.714285714285,82.61341679833983,422.57142857142856,80.14285714285714,7,6.983333333333333,7.042857142857143,-0.05952380952380931,0.07105223580450021,3,-3,-0.2836038650826296,1.04556408915444,-1.3291679542370696,1.3291679542370696
S986,2022-10-22,7,39,04:30,22:30,1,1,2,헬스,2,1,-1,0,,,,0,,,,1,-1,-1,1,0,9,1,4,2,3,1.0,6648.714285714285,81.75167635471121,404.2,81.0,5,7.65,6.736666666666666,0.913333333333334,1.0902255061842558,2,-2,0.7789341772943849,1.2534186944183356,-0.4744845171239508,0.4744845171239508
S986,2022-10-29,6,28,22:00,06:00,1,1,1,-1,-1,-1,-1,-1,-1.0,-1.0,-1.0,-1,-1.0,-1.0,-1.0,1,-1,-1,1,0,9,1,1,3,1,1.0,7452.0,78.03126441682181,385.1666666666667,78.16666666666667,6,6.466666666666667,6.419444444444445,0.04722222222222161,0.05636810707156963,2,-2,0.7789341772943849,0.566343749240463,0.2125904280539218,0.2125904280539218
S986,2022-11-05,6,14,21:08,06:00,1,1,1,-1,-1,-1,-1,-1,-1.0,-1.0,-1.0,-1,-1.0,-1.0,-1.0,1,-1,-1,1,0,9,1,4,1,1,1.0,12055.57142857143,83.13129276115917,383.4285714285714,79.42857142857143,7,6.233333333333333,6.39047619047619,-0.15714285714285658,0.18757790252388054,2,-2,0.7789341772943849,0.872351918101196,-0.0934177408068112,0.0934177408068112
S986,2022-11-13,6,0,02:55,08:51,1,1,2,헬스,1,1,-1,0,,,,0,,,,1,-1,-1,1,0,9,1,4,4,4,1.0,6105.285714285715,79.09902881183048,427.2857142857143,82.0,7,6.0,7.121428571428571,-1.121428571428571,1.338624122556788,2,-2,0.7789341772943849,1.4959157338928792,-0.7169815565984944,0.7169815565984944
S986,2022-11-20,6,0,03:00,09:00,1,1,2,헬스,2,1,-1,0,,,,0,,,,1,-1,-1,1,0,9,1,4,4,4,1.0,10002.142857142857,77.35511287899796,354.85714285714283,77.14285714285714,7,6.0,5.914285714285714,0.0857142857142863,0.10231521955848136,2,-2,0.7789341772943849,0.31807297073080903,0.4608612065635758,0.4608612065635758
S986,2022-11-27,6,0,03:06,09:06,1,1,2,헬스,1,1,-1,0,,,,0,,,,1,-1,-1,0,30,9,2,4,4,4,1.0,6905.142857142857,82.51943696891087,340.0,74.16666666666667,6,6.0,5.666666666666667,0.33333333333333304,0.3978925205052022,2,-2,0.7789341772943849,-0.4036444086577116,1.1825785859520965,1.1825785859520965
S987,2022-10-21,8,30,03:00,10:05,2,1,2,기타,0,0,-1,기타,0.0,0.0,0.0,기타,0.0,0.0,0.0,2,1,10,20,0,1,2,2,2,4,0.1428571428571428,5041.0,87.69708840656432,,,0,8.5,,,,3,-3,-0.2836038650826296,,,
S987,2022-10-24,7,0,03:06,09:06,2,1,1,-1,-1,-1,-1,-1,-1.0,-1.0,-1.0,-1,-1.0,-1.0,-1.0,1,-1,-1,1,0,0,2,2,2,4,0.5714285714285714,5098.75,88.86724724675382,,,0,7.0,,,,3,-3,-0.2836038650826296,,,
S987,2022-10-30,8,0,02:15,10:15,2,1,1,-1,-1,-1,-1,-1,-1.0,-1.0,-1.0,-1,-1.0,-1.0,-1.0,1,-1,-1,0,20,2,2,2,2,4,1.0,4650.142857142857,83.83277471109487,313.3333333333333,70.33333333333333,3,8.0,5.222222222222222,2.7777777777777777,3.315771004210021,3,-3,-0.2836038650826296,-1.3332163933101313,1.0496125282275017,1.0496125282275017
S987,2022-11-02,5,0,12:20,09:21,2,1,1,-1,-1,-1,-1,-1,-1.0,-1.0,-1.0,-1,-1.0,-1.0,-1.0,1,-1,-1,0,30,1,3,2,2,3,1.0,4197.714285714285,82.46089815328502,375.6666666666667,75.66666666666667,3,5.0,6.261111111111111,-1.261111111111111,1.5053600359113497,3,-3,-0.2836038650826296,-0.039898849445896126,-0.24370501563673347,0.24370501563673347
S987,2022-11-15,5,0,05:05,11:05,2,2,1,-1,-1,-1,-1,-1,-1.0,-1.0,-1.0,-1,-1.0,-1.0,-1.0,2,1,10,0,10,0,3,2,2,2,0.2857142857142857,1343.0,71.14005319790935,322.5,75.5,2,5.0,5.375,-0.375,0.4476290855683529,4,-4,-1.346141907459644,-0.08031502269165455,-1.2658268847679894,1.2658268847679894
S987,2022-12-01,6,0,02:36,07:37,1,1,1,-1,-1,-1,-1,-1,-1.0,-1.0,-1.0,-1,-1.0,-1.0,-1.0,1,-1,-1,0,10,1,3,2,2,4,0.0,,,,,0,6.0,,,,2,-2,0.7789341772943849,,,
S987,2022-12-05,9,0,02:20,11:20,2,1,1,-1,-1,-1,-1,-1,-1.0,-1.0,-1.0,-1,-1.0,-1.0,-1.0,1,-1,-1,0,20,0,1,3,2,4,0.0,,,,,0,9.0,,,,3,-3,-0.2836038650826296,,,
S987,2022-12-14,10,0,01:22,12:22,1,2,1,-1,-1,-1,-1,-1,-1.0,-1.0,-1.0,-1,-1.0,-1.0,-1.0,2,1,20,0,5,1,1,4,4,4,0.0,,,,,0,10.0,,,,3,-3,-0.2836038650826296,,,
S987,2022-12-24,8,0,01:01,08:01,2,1,1,-1,-1,-1,-1,-1,-1.0,-1.0,-1.0,-1,-1.0,-1.0,-1.0,2,1,10,0,10,1,1,3,2,4,0.0,,,,,0,8.0,,,,3,-3,-0.2836038650826296,,,
S988,2022-09-17,5,0,01:00,06:00,4,4,2,헬스,4,1,-1,0,,,,0,,,,2,4,20,1,0,30,2,2,4,3,0.0,,,,,0,5.0,,,,8,-8,-5.596294076967702,,,
S988,2022-09-24,4,0,03:30,07:15,3,3,2,헬스,3,1,-1,0,,,,0,,,,2,5,30,2,0,30,3,1,3,3,0.0,,,,,0,4.0,,,,6,-6,-3.4712179922136728,,,
S988,2022-10-01,4,0,02:00,06:00,3,3,2,헬스,5,1,-1,0,,,,0,,,,2,5,20,2,0,30,2,2,4,3,0.7142857142857143,7624.8,77.01991639948412,,,0,4.0,,,,6,-6,-3.4712179922136728,,,
S988,2022-10-08,6,0,01:00,07:00,3,3,2,헬스,5,1,-1,0,,,,0,,,,2,5,30,5,0,30,2,3,3,3,1.0,9688.714285714286,80.7680162702229,340.5,70.5,6,6.0,5.675,0.3250000000000002,0.3879452074925727,6,-6,-3.4712179922136728,-1.292800220064373,-2.1784177721492997,2.1784177721492997
S988,2022-10-15,7,0,12:00,07:00,3,3,2,헬스,5,1,-1,0,,,,0,,,,2,5,30,2,0,30,2,3,3,3,0.1428571428571428,6967.0,83.73661021616412,,,0,7.0,,,,6,-6,-3.4712179922136728,,,
S988,2022-10-25,5,0,01:00,06:02,4,4,2,헬스,5,1,-1,0,,,,0,,,,2,5,40,2,0,30,3,2,4,4,0.7142857142857143,4492.8,80.47355303083638,,,0,5.0,,,,8,-8,-5.596294076967702,,,
S988,2022-10-30,6,0,01:00,07:00,3,3,2,헬스,5,1,-1,0,,,,0,,,,2,5,60,2,0,30,3,1,4,4,1.0,6867.285714285715,80.42984824641374,,,0,6.0,,,,6,-6,-3.4712179922136728,,,
S988,2022-11-05,6,0,01:00,07:00,3,3,2,헬스,5,1,-1,0,,,,0,,,,2,5,30,2,0,30,3,1,4,4,1.0,8057.571428571428,83.47919842758468,,,0,6.0,,,,6,-6,-3.4712179922136728,,,
S988,2022-11-13,6,0,01:05,07:05,3,3,2,헬스,5,1,-1,0,,,,0,,,,2,5,30,8,30,30,3,1,3,3,0.4285714285714285,6424.666666666667,81.3173523479784,,,0,6.0,,,,6,-6,-3.4712179922136728,,,
S988,2022-11-19,6,0,01:00,07:00,3,3,2,헬스,5,1,-1,0,,,,0,,,,2,5,30,1,0,30,2,2,3,2,0.0,,,,,0,6.0,,,,6,-6,-3.4712179922136728,,,
S989,2022-09-17,7,10,23:20,06:50,2,2,1,-1,-1,-1,-1,-1,-1.0,-1.0,-1.0,-1,-1.0,-1.0,-1.0,1,-1,-1,0,20,2,2,1,4,2,0.2857142857142857,1412.0,67.87794833060448,,,0,7.166666666666667,,,,4,-4,-1.346141907459644,,,
S989,2022-09-25,7,15,22:30,06:30,2,3,1,-1,-1,-1,-1,-1,-1.0,-1.0,-1.0,-1,-1.0,-1.0,-1.0,1,-1,-1,0,30,2,2,2,3,2,1.0,3717.571428571429,69.00028057163158,434.4285714285714,80.42857142857143,7,7.25,7.24047619047619,0.009523809523810378,0.011368357728721093,5,-5,-2.4086799498366585,1.1148489575757397,-3.5235289074123983,3.5235289074123983
S989,2022-10-02,6,56,00:40,07:00,2,3,1,-1,-1,-1,-1,-1,-1.0,-1.0,-1.0,-1,-1.0,-1.0,-1.0,2,4,10,0,15,5,2,2,4,2,1.0,6144.142857142857,75.95595232351141,384.8571428571428,79.14285714285714,7,6.933333333333334,6.414285714285713,0.5190476190476208,0.619575496215246,5,-5,-2.4086799498366585,0.8030670496798964,-3.2117469995165546,3.2117469995165546
S989,2022-10-09,7,48,23:04,07:33,2,3,1,-1,-1,-1,-1,-1,-1.0,-1.0,-1.0,-1,-1.0,-1.0,-1.0,2,4,10,0,37,6,3,2,3,2,1.0,3482.428571428572,73.82432197454588,450.0,79.5,6,7.8,7.5,0.2999999999999998,0.3581032684546821,5,-5,-2.4086799498366585,0.8896731352065201,-3.2983530850431784,3.2983530850431784
S989,2022-10-18,8,12,01:07,07:41,2,3,1,-1,-1,-1,-1,-1,-1.0,-1.0,-1.0,-1,-1.0,-1.0,-1.0,2,4,15,0,10,2,3,1,3,4,1.0,2761.8571428571427,75.07512060871144,474.57142857142856,84.42857142857143,7,8.2,7.909523809523809,0.29047619047619033,0.3467349107259621,5,-5,-2.4086799498366585,2.0848371154739143,-4.493517065310573,4.493517065310573
S989,2022-10-24,7,7,22:40,06:40,2,3,1,-1,-1,-1,-1,-1,-1.0,-1.0,-1.0,-1,-1.0,-1.0,-1.0,2,4,10,0,15,2,3,2,3,2,1.0,1999.142857142857,72.56229970580817,410.5,82.0,6,7.116666666666666,6.841666666666667,0.27499999999999947,0.3282613294167915,5,-5,-2.4086799498366585,1.4959157338928792,-3.9045956837295375,3.9045956837295375
S989,2022-10-29,6,58,00:05,07:43,2,3,1,-1,-1,-1,-1,-1,-1.0,-1.0,-1.0,-1,-1.0,-1.0,-1.0,1,-1,-1,0,20,2,2,2,3,2,1.0,2985.285714285714,76.7523145587394,419.57142857142856,81.57142857142857,7,6.966666666666667,6.992857142857143,-0.026190476190476097,0.03126298375398009,5,-5,-2.4086799498366585,1.3919884312609314,-3.80066838109759,3.80066838109759
S989,2022-11-06,6,56,00:07,07:30,2,2,1,-1,-1,-1,-1,-1,-1.0,-1.0,-1.0,-1,-1.0,-1.0,-1.0,1,-1,-1,0,30,4,2,2,3,2,1.0,4717.428571428572,75.85978534779159,410.8333333333333,79.83333333333333,6,6.933333333333334,6.847222222222222,0.08611111111111125,0.10278890113051083,4,-4,-1.346141907459644,0.9705054816980335,-2.3166473891576773,2.3166473891576773
S989,2022-11-12,6,58,00:40,08:30,1,1,1,-1,-1,-1,-1,-1,-1.0,-1.0,-1.0,-1,-1.0,-1.0,-1.0,2,4,10,0,20,5,3,2,4,3,1.0,5536.857142857143,73.49462581200844,418.0,83.6,5,6.966666666666667,6.966666666666667,0.0,0.0,2,-2,0.7789341772943849,1.8839109970521477,-1.1049768197577627,1.1049768197577627
S989,2022-11-21,6,36,00:33,08:01,1,2,1,-1,-1,-1,-1,-1,-1.0,-1.0,-1.0,-1,-1.0,-1.0,-1.0,1,-1,-1,0,15,3,3,2,2,3,1.0,3831.428571428572,77.22894081892962,407.3333333333333,77.66666666666667,6,6.6,6.788888888888889,-0.1888888888888891,0.22547242828628172,3,-3,-0.2836038650826296,0.4450952295031912,-0.7286990945858207,0.7286990945858207
S989,2022-11-26,7,21,00:30,07:40,2,2,1,-1,-1,-1,-1,-1,-1.0,-1.0,-1.0,-1,-1.0,-1.0,-1.0,2,3,10,0,15,3,2,2,3,2,1.0,2920.714285714286,74.90807044473131,487.8,81.6,5,7.35,8.13,-0.7800000000000011,0.9310684979821754,4,-4,-1.346141907459644,1.3989169181030603,-2.745058825562704,2.745058825562704
S991,2022-09-18,6,30,02:20,08:00,1,1,2,달리기,3,0,-1,0,,,,0,,,,2,3,20,1,0,10,1,4,1,1,0.4285714285714285,6893.333333333333,86.97996313389469,323.0,77.0,1,6.5,5.383333333333334,1.1166666666666663,1.332939943692428,2,-2,0.7789341772943849,0.2834305365201609,0.49550364077422393,0.49550364077422393
S991,2022-09-25,7,0,01:30,20:00,1,1,2,달리기,1,1,-1,0,,,,0,,,,1,-1,-1,1,0,20,1,4,1,1,0.8571428571428571,9775.333333333334,86.6439220947441,388.8,79.4,5,7.0,6.48,0.5199999999999996,0.6207123319881155,2,-2,0.7789341772943849,0.8654234312590671,-0.08648925396468221,0.08648925396468221
S991,2022-10-02,7,0,00:45,08:46,1,1,1,-1,-1,-1,-1,-1,-1.0,-1.0,-1.0,-1,-1.0,-1.0,-1.0,1,-1,-1,1,0,10,1,4,1,1,0.0,,,,,0,7.0,,,,2,-2,0.7789341772943849,,,
S991,2022-10-08,7,0,02:00,08:00,1,1,1,-1,-1,-1,-1,-1,-1.0,-1.0,-1.0,-1,-1.0,-1.0,-1.0,1,-1,-1,1,0,10,1,4,1,1,0.0,,,,,0,7.0,,,,2,-2,0.7789341772943849,,,
S991,2022-10-15,8,0,01:30,08:15,1,1,1,-1,-1,-1,-1,-1,-1.0,-1.0,-1.0,-1,-1.0,-1.0,-1.0,1,-1,-1,2,0,10,1,4,1,1,0.0,,,,,0,8.0,,,,2,-2,0.7789341772943849,,,
S991,2022-10-22,8,0,01:30,09:00,1,1,1,-1,-1,-1,-1,-1,-1.0,-1.0,-1.0,-1,-1.0,-1.0,-1.0,1,-1,-1,1,30,10,1,4,1,1,0.0,,,,,0,8.0,,,,2,-2,0.7789341772943849,,,
S991,2022-10-29,8,0,02:00,08:10,1,1,1,-1,-1,-1,-1,-1,-1.0,-1.0,-1.0,-1,-1.0,-1.0,-1.0,1,-1,-1,2,0,10,1,4,1,1,0.7142857142857143,7580.2,75.90197633446763,,,0,8.0,,,,2,-2,0.7789341772943849,,,
S991,2022-11-06,8,0,01:22,08:20,1,1,1,-1,-1,-1,-1,-1,-1.0,-1.0,-1.0,-1,-1.0,-1.0,-1.0,1,-1,-1,2,0,10,1,4,1,1,1.0,11527.42857142857,88.59951517000908,319.0,75.0,4,8.0,5.316666666666666,2.6833333333333336,3.203034790066881,2,-2,0.7789341772943849,-0.20156354242892638,0.9804977197233112,0.9804977197233112
S991,2022-11-12,8,0,01:30,08:10,1,1,1,-1,-1,-1,-1,-1,-1.0,-1.0,-1.0,-1,-1.0,-1.0,-1.0,1,-1,-1,2,0,10,1,4,1,1,0.7142857142857143,9995.0,92.59057082873797,352.75,73.5,4,8.0,5.879166666666666,2.1208333333333336,2.5315911617143514,2,-2,0.7789341772943849,-0.5653091016407419,1.3442432789351266,1.3442432789351266
S991,2022-11-19,8,0,01:10,08:15,1,1,1,-1,-1,-1,-1,-1,-1.0,-1.0,-1.0,-1,-1.0,-1.0,-1.0,1,-1,-1,1,30,10,1,4,1,3,0.0,,,,,0,8.0,,,,2,-2,0.7789341772943849,,,
S992,2022-09-17,5,0,02:30,20:00,1,1,2,골프,7,1,-1,0,,,,0,,,,1,-1,-1,1,0,1,1,2,2,4,0.5714285714285714,3789.75,99.8266942192724,323.0,70.5,2,5.0,5.383333333333334,-0.38333333333333375,0.4575763985809834,2,-2,0.7789341772943849,-1.292800220064373,2.0717343973587576,2.0717343973587576
S992,2022-09-25,6,46,02:50,08:30,1,1,2,골프,4,1,-1,0,,,,0,,,,2,1,40,0,30,5,2,2,4,2,1.0,5332.142857142857,95.99891912011957,378.57142857142856,82.85714285714286,7,6.766666666666667,6.309523809523809,0.4571428571428573,0.5456811709785637,2,-2,0.7789341772943849,1.703770339156775,-0.92483616186239,0.92483616186239
S992,2022-10-02,6,2,01:50,08:40,1,1,2,골프,2,1,-1,0,,,,0,,,,2,1,30,0,30,3,1,3,3,1,1.0,6863.285714285715,100.32545549752076,306.42857142857144,78.28571428571429,7,6.033333333333333,5.107142857142858,0.9261904761904756,1.1055727891180263,2,-2,0.7789341772943849,0.5952124444160043,0.18372173287838056,0.18372173287838056
S992,2022-10-08,7,11,02:00,08:30,1,1,2,골프,2,1,-1,0,,,,0,,,,1,-1,-1,1,30,3,1,4,4,4,1.0,4402.285714285715,95.1706344871832,366.2857142857143,80.57142857142857,7,7.183333333333334,6.104761904761904,1.0785714285714292,1.287466512777549,2,-2,0.7789341772943849,1.1494913917863878,-0.37055721449200296,0.37055721449200296
S992,2022-10-15,6,51,02:15,08:23,2,1,2,골프,4,1,-1,0,,,,0,,,,1,-1,-1,0,25,5,1,4,4,4,1.0,5950.428571428572,92.90714165124643,338.7142857142857,82.28571428571429,7,6.85,5.645238095238096,1.204761904761904,1.4380972526830884,3,-3,-0.2836038650826296,1.565200602314179,-1.8488044673968085,1.8488044673968085
S992,2022-10-22,6,35,01:30,07:30,1,1,2,골프,2,1,-1,0,,,,0,,,,1,-1,-1,0,30,1,1,2,3,1,1.0,5410.428571428572,90.36117314951316,342.7142857142857,79.71428571428571,7,6.583333333333333,5.711904761904762,0.871428571428571,1.0402047321778862,2,-2,0.7789341772943849,0.9416367865224923,-0.16270260922810742,0.16270260922810742
S992,2022-10-30,6,18,02:25,07:57,1,1,2,골프,3,1,-1,0,,,,0,,,,1,-1,-1,0,30,2,1,2,2,2,1.0,6285.857142857143,93.16117070684888,387.1428571428572,81.85714285714286,7,6.3,6.452380952380953,-0.15238095238095362,0.18189372365952264,2,-2,0.7789341772943849,1.461273299682231,-0.6823391223878462,0.6823391223878462
S992,2022-11-06,6,23,02:21,19:22,1,1,1,-1,-1,-1,-1,-1,-1.0,-1.0,-1.0,-1,-1.0,-1.0,-1.0,1,-1,-1,0,30,4,2,2,3,1,1.0,6839.142857142857,97.40020053512296,358.5,77.66666666666667,6,6.383333333333334,5.975,0.4083333333333341,0.48741833761887404,2,-2,0.7789341772943849,0.4450952295031912,0.33383894779119366,0.33383894779119366
S992,2022-11-13,6,50,01:00,07:01,1,1,1,-1,-1,-1,-1,-1,-1.0,-1.0,-1.0,-1,-1.0,-1.0,-1.0,1,-1,-1,0,50,6,1,2,4,4,1.0,10294.57142857143,102.11689934670704,332.1666666666667,78.16666666666667,6,6.833333333333333,5.536111111111111,1.2972222222222216,1.5484650589660793,2,-2,0.7789341772943849,0.566343749240463,0.2125904280539218,0.2125904280539218
S993,2022-09-17,8,0,02:00,11:00,1,1,2,달리기,3,2,-1,0,,,,0,,,,1,-1,-1,2,0,3,1,4,2,1,0.2857142857142857,12403.5,91.02480133898702,,,0,8.0,,,,2,-2,0.7789341772943849,,,
S993,2022-09-25,7,0,02:00,09:30,1,1,2,달리기,3,2,-1,0,,,,0,,,,1,-1,-1,3,0,3,1,4,2,1,1.0,16499.14285714286,93.05797405503908,343.8333333333333,67.33333333333333,6,7.0,5.730555555555555,1.2694444444444448,1.5153073489239801,2,-2,0.7789341772943849,-2.0607075117337623,2.8396416890281473,2.8396416890281473
S993,2022-10-01,5,0,03:00,10:30,1,1,2,달리기,3,2,-1,요가(또는 필라테스),1.0,1.0,0.0,0,,,,1,-1,-1,4,0,3,1,4,2,1,1.0,12860.42857142857,90.62214426151782,358.6666666666667,72.66666666666667,6,5.0,5.977777777777778,-0.9777777777777779,1.1671513934819275,2,-2,0.7789341772943849,-0.7673899678695271,1.5463241451639118,1.5463241451639118
S993,2022-10-15,7,0,02:00,10:00,1,1,2,달리기,2,2,-1,0,,,,0,,,,1,-1,-1,2,0,3,1,4,4,4,1.0,12771.714285714286,86.55256714445125,407.1666666666667,78.66666666666667,6,7.0,6.786111111111111,0.21388888888888857,0.2553143673241713,2,-2,0.7789341772943849,0.6875922689777348,0.09134190831665001,0.09134190831665001
S993,2022-10-26,8,0,02:00,10:00,1,1,1,-1,-1,-1,-1,-1,-1.0,-1.0,-1.0,-1,-1.0,-1.0,-1.0,1,-1,-1,1,0,3,1,4,2,1,1.0,15838.42857142857,90.38096509213229,348.5,73.33333333333333,6,8.0,5.808333333333334,2.1916666666666664,2.6161433223217068,2,-2,0.7789341772943849,-0.6057252748865003,1.3846594521808853,1.3846594521808853
S993,2022-11-15,6,0,03:00,09:00,1,2,2,달리기,2,2,-1,0,,,,0,,,,1,-1,-1,3,0,3,1,4,1,1,0.8571428571428571,11534.333333333334,103.17825713738424,275.5,63.0,4,6.0,4.591666666666667,1.4083333333333332,1.6810958991344807,3,-3,-0.2836038650826296,-3.1115280161234504,2.827924151040821,2.827924151040821
S993,2022-11-18,7,0,03:00,10:00,1,1,2,달리기,2,2,-1,0,,,,0,,,,1,-1,-1,3,0,3,1,4,1,1,0.8571428571428571,12791.833333333334,100.15757140843051,247.0,60.333333333333336,3,7.0,4.116666666666666,2.8833333333333337,3.441770302370003,2,-2,0.7789341772943849,-3.758186788055566,4.537120965349951,4.537120965349951
S993,2022-11-19,7,0,02:30,09:30,1,1,2,달리기,3,2,-1,0,,,,0,,,,1,-1,-1,2,0,3,1,4,1,1,0.8571428571428571,14074.833333333334,96.39529974184852,297.0,67.0,3,7.0,4.95,2.05,2.4470390011069956,2,-2,0.7789341772943849,-2.1415398582252756,2.9204740355196606,2.9204740355196606
S994,2022-09-17,6,0,03:00,20:40,1,2,2,헬스,5,1,-1,0,,,,0,,,,2,2,30,2,0,6,1,4,2,1,0.2857142857142857,3924.5,92.49400472841504,,,0,6.0,,,,3,-3,-0.2836038650826296,,,
S994,2022-09-25,6,30,02:30,09:20,1,1,2,헬스,5,1,-1,0,,,,0,,,,1,-1,-1,2,0,10,1,4,2,2,1.0,8763.714285714286,83.72931141745936,381.1428571428572,74.71428571428571,7,6.5,6.352380952380954,0.1476190476190462,0.17620954479515943,2,-2,0.7789341772943849,-0.27084841085022604,1.0497825881446108,1.0497825881446108
S994,2022-10-03,6,50,02:40,09:25,1,1,2,헬스,5,1,-1,0,,,,0,,,,1,-1,-1,2,0,6,1,4,2,2,1.0,10513.142857142857,85.39621903472796,355.4,75.0,5,6.833333333333333,5.923333333333333,0.9100000000000001,1.0862465809792032,2,-2,0.7789341772943849,-0.20156354242892638,0.9804977197233112,0.9804977197233112
S994,2022-10-09,6,30,02:00,09:00,1,1,2,헬스,5,1,-1,0,,,,0,,,,1,-1,-1,1,30,20,1,4,2,1,1.0,9530.57142857143,83.66805429244326,376.6666666666667,72.5,6,6.5,6.277777777777778,0.22222222222222232,0.2652616803368018,2,-2,0.7789341772943849,-0.8078061411152855,1.5867403184096704,1.5867403184096704
S994,2022-10-15,6,50,03:00,09:40,1,1,2,헬스,5,1,-1,0,,,,0,,,,1,-1,-1,2,0,38,1,4,2,2,1.0,9419.142857142857,78.42746150125727,380.2857142857143,74.42857142857143,7,6.833333333333333,6.338095238095238,0.49523809523809526,0.5911546018934438,2,-2,0.7789341772943849,-0.34013327927152226,1.1190674565659071,1.1190674565659071
S994,2022-10-23,6,50,03:40,09:12,1,1,2,헬스,4,1,-1,0,,,,0,,,,1,-1,-1,2,0,26,1,3,2,1,1.0,9569.57142857143,78.42892737559292,347.57142857142856,70.0,7,6.833333333333333,5.792857142857143,1.0404761904761903,1.2419930818626679,2,-2,0.7789341772943849,-1.4140487398016446,2.1929829170960295,2.1929829170960295
S994,2022-10-31,7,26,03:30,10:24,1,1,2,헬스,4,1,-1,0,,,,0,,,,1,-1,-1,3,0,20,1,3,3,1,1.0,8474.857142857143,81.5001813527423,416.8571428571428,75.71428571428571,7,7.433333333333334,6.947619047619046,0.48571428571428754,0.5797862441647259,2,-2,0.7789341772943849,-0.028351371375682388,0.8072855486700672,0.8072855486700672
S994,2022-11-05,8,1,04:04,23:04,1,1,2,헬스,4,1,-1,0,,,,0,,,,1,-1,-1,4,0,18,1,4,2,1,1.0,7322.857142857143,79.5654158085006,418.7142857142857,75.42857142857143,7,8.016666666666667,6.978571428571429,1.0380952380952388,1.2391509924304889,2,-2,0.7789341772943849,-0.09763623979697861,0.8765704170913635,0.8765704170913635
S994,2022-11-13,5,32,04:10,09:30,1,1,2,헬스,4,1,-1,0,,,,0,,,,1,-1,-1,3,0,22,2,3,2,1,1.0,9089.57142857143,82.12214348926513,308.2857142857143,68.71428571428571,7,5.533333333333333,5.138095238095238,0.3952380952380956,0.47178684574188345,2,-2,0.7789341772943849,-1.725830647697488,2.504764824991873,2.504764824991873
