id,survey_date,q1-1,q1-2,q2,q3,q4,q5,q6,q6-1-1,q6-1-2,q6-1-3,q6-1-4,q6-2-1,q6-2-2,q6-2-3,q6-2-4,q6-3-1,q6-3-2,q6-3-3,q6-3-4,q7,q7-1,q7-2,q8-1,q8-2,q9,mq1,mq2,mq3,mq4,wearable_coverage,w_mean_steps,w_mean_hr,w_mean_sleep_minutes,w_mean_sleep_score,w_sleep_nights_n,absGap_sleeptime,absGap_sleepquality,absGap_bedtime,absGap_waketime,mq2_rev,stress_score,stress_between,stress_within
S001,2022-09-04,5,0,03:00,08:00,1,1,2,요가(또는 필라테스),2,1,-1,0,,,,0,,,,2,1,20,0,30,5,2,2,2,2,1.0,7466.142857142857,71.59884998321249,469.6,80.2,5,3.3741285738841182,0.2804868855443164,2.1927374378508078,1.2136906337462032,3,0.5836138327227002,0.658893279656706,-0.07527944693400579
S001,2022-09-10,6,0,02:00,08:10,2,2,2,요가(또는 필라테스),2,1,-1,0,,,,0,,,,2,2,30,0,30,5,2,3,2,2,1.0,8502.857142857143,69.0332064451291,423.1428571428572,79.71428571428571,7,1.25620352902357,2.287778693982136,1.0353186251665951,0.5567582714925808,2,0.22660356937932732,0.658893279656706,-0.4322897102773786
S001,2022-09-17,5,30,02:37,08:10,3,1,2,요가(또는 필라테스),2,1,-1,0,,,,0,,,,2,2,30,0,30,8,2,4,2,2,1.0,7569.0,70.43010537653798,449.5,79.33333333333333,6,2.377407810018585,2.1953988694204054,1.7996418936900742,0.9139283697998396,1,-0.13040669396404558,0.658893279656706,-0.7892999736207515
S001,2022-09-24,6,0,01:30,08:00,3,2,2,요가(또는 필라테스),2,1,-1,0,,,,0,,,,2,2,30,0,30,15,2,2,2,1,1.0,8527.0,76.9088957655587,454.3333333333333,81.5,6,1.876726388382872,3.783347163992266,1.2002861616333895,0.442503276096255,3,0.24031091457432222,0.658893279656706,-0.4185823650823838
S001,2022-10-01,6,0,02:29,08:20,4,2,1,-1,-1,-1,-1,-1,-1.0,-1.0,-1.0,-1,-1.0,-1.0,-1.0,1,-1,-1,1,0,20,2,2,3,2,1.0,9036.714285714286,74.4449270996599,407.57142857142856,74.0,7,0.946415780915946,3.0271574103102026,1.0687973662310717,0.3024132952210855,3,0.5836138327227002,0.658893279656706,-0.07527944693400579
S001,2022-10-08,4,0,03:00,07:50,4,3,2,요가(또는 필라테스),3,1,-1,0,,,,0,,,,2,2,60,0,30,15,3,2,2,3,1.0,7195.571428571428,69.12812321001954,395.3333333333333,78.5,6,3.09029857592374,5.180932130322664,1.3956545518793784,1.103825716798019,3,1.4249933130100096,0.658893279656706,0.7661000333533037
S001,2022-10-17,5,0,02:30,08:00,3,3,2,요가(또는 필라테스),3,1,-1,0,,,,0,,,,2,2,60,1,0,20,3,2,2,2,1.0,8759.57142857143,71.81766427156914,485.5,81.5,6,3.6904531276857537,4.84588520636928,2.2231354255975453,1.2506008918183915,3,1.0816903948616314,0.658893279656706,0.42279711520492547
S001,2022-10-22,4,0,02:40,07:40,3,3,2,요가(또는 필라테스),2,1,-1,0,,,,0,,,,2,1,30,0,30,10,3,2,4,4,1.0,6800.0,70.14385052925476,385.2,77.8,5,2.8886996988677707,3.948646160313468,1.0285047878639888,0.98635041257774,3,1.7682962311583876,0.658893279656706,1.1094029515016817
S001,2022-10-29,4,0,03:47,08:40,1,1,2,요가(또는 필라테스),2,1,-1,0,,,,0,,,,2,1,30,0,30,5,2,2,3,2,1.0,6399.142857142857,66.96527146361105,436.3333333333333,79.16666666666667,6,3.905978242959405,0.0299066114206217,2.548228412199366,0.4314735589334279,3,0.5836138327227002,0.658893279656706,-0.07527944693400579
S001,2022-11-05,5,0,02:44,08:00,1,3,2,요가(또는 필라테스),3,1,-1,0,,,,0,,,,2,1,30,0,40,10,2,3,2,2,1.0,9381.285714285714,73.52358659932236,450.8,79.0,5,3.000109604609228,2.114566522928892,3.196725049820585,0.8007359342466315,2,0.22660356937932732,0.658893279656706,-0.4322897102773786
S004,2022-09-04,6,0,05:00,12:00,4,4,1,-1,-1,-1,-1,-1,-1.0,-1.0,-1.0,-1,-1.0,-1.0,-1.0,1,-1,-1,0,30,3,2,2,2,2,0.7142857142857143,5251.4,85.88297916909946,,,0,,,,,3,0.5836138327227002,0.5963497280827565,-0.01273589536005637
S004,2022-09-10,6,0,05:00,00:00,4,4,1,-1,-1,-1,-1,-1,-1.0,-1.0,-1.0,-1,-1.0,-1.0,-1.0,1,-1,-1,0,20,3,2,3,2,2,0.4285714285714285,2855.333333333333,98.65175011467484,,,0,,,,,2,0.22660356937932732,0.5963497280827565,-0.3697461587034292
S004,2022-09-20,12,0,05:35,15:35,4,4,1,-1,-1,-1,-1,-1,-1.0,-1.0,-1.0,-1,-1.0,-1.0,-1.0,1,-1,-1,0,10,2,1,4,4,4,1.0,3520.1428571428573,84.3284718364355,,,0,,,,,1,0.058122580193779104,0.5963497280827565,-0.5382271478889774
S004,2022-09-25,15,0,03:00,10:00,4,4,1,-1,-1,-1,-1,-1,-1.0,-1.0,-1.0,-1,-1.0,-1.0,-1.0,1,-1,-1,0,20,3,2,2,3,2,1.0,4604.0,87.20824144717895,,,0,,,,,3,0.5836138327227002,0.5963497280827565,-0.01273589536005637
S004,2022-10-02,9,0,03:10,00:05,4,4,1,-1,-1,-1,-1,-1,-1.0,-1.0,-1.0,-1,-1.0,-1.0,-1.0,1,-1,-1,0,20,3,2,2,2,2,1.0,7691.714285714285,89.56520609191658,,,0,,,,,3,0.5836138327227002,0.5963497280827565,-0.01273589536005637
S004,2022-10-09,10,0,02:28,12:28,3,3,1,-1,-1,-1,-1,-1,-1.0,-1.0,-1.0,-1,-1.0,-1.0,-1.0,1,-1,-1,0,20,3,2,2,2,2,1.0,4344.142857142857,88.60945840880302,,,0,,,,,3,0.5836138327227002,0.5963497280827565,-0.01273589536005637
S004,2022-10-15,10,0,23:09,23:09,4,4,1,-1,-1,-1,-1,-1,-1.0,-1.0,-1.0,-1,-1.0,-1.0,-1.0,1,-1,-1,0,20,3,2,2,2,2,0.8571428571428571,2610.0,83.51026990484775,,,0,,,,,3,0.5836138327227002,0.5963497280827565,-0.01273589536005637
S004,2022-10-22,5,0,04:49,22:49,4,4,1,-1,-1,-1,-1,-1,-1.0,-1.0,-1.0,-1,-1.0,-1.0,-1.0,1,-1,-1,0,10,3,3,1,1,1,1.0,9513.142857142857,91.80178280802402,,,0,,,,,4,1.0953977400566266,0.5963497280827565,0.49904801197387005
S004,2022-10-30,5,0,02:46,14:46,4,4,1,-1,-1,-1,-1,-1,-1.0,-1.0,-1.0,-1,-1.0,-1.0,-1.0,1,-1,-1,0,30,3,2,2,2,2,1.0,11096.857142857143,90.74490786190628,,,0,,,,,3,0.5836138327227002,0.5963497280827565,-0.01273589536005637
S004,2022-11-06,10,0,23:00,11:00,2,3,1,-1,-1,-1,-1,-1,-1.0,-1.0,-1.0,-1,-1.0,-1.0,-1.0,1,-1,-1,0,30,10,3,2,2,2,1.0,5740.571428571428,93.62449436278858,,,0,,,,,3,1.0816903948616314,0.5963497280827565,0.4853406667788749
S006,2022-09-03,8,0,02:30,10:30,2,2,2,헬스,3,2,-1,경보,4.0,1.0,0.0,달리기,3.0,0.0,30.0,2,5,60,1,30,10,2,3,3,3,0.0,,,,,0,,,,,2,0.5699064875277053,0.30989967356474235,0.260006813962963
S006,2022-09-10,10,0,03:00,13:00,2,2,2,헬스,4,2,-1,경보,3.0,2.0,0.0,달리기,3.0,2.0,0.0,2,5,60,1,0,10,2,3,2,2,0.0,,,,,0,,,,,2,0.22660356937932732,0.30989967356474235,-0.08329610418541503
S006,2022-09-19,10,0,03:00,13:00,2,2,2,헬스,3,1,-1,달리기,3.0,0.0,30.0,경보,5.0,1.0,0.0,2,5,60,1,0,10,2,3,2,2,0.0,,,,,0,,,,,2,0.22660356937932732,0.30989967356474235,-0.08329610418541503
S006,2022-09-24,7,0,03:00,10:00,2,2,2,헬스,3,1,-1,경보,3.0,1.0,0.0,달리기,3.0,0.0,30.0,2,5,60,1,0,10,2,3,2,2,0.0,,,,,0,,,,,2,0.22660356937932732,0.30989967356474235,-0.08329610418541503
S006,2022-10-01,7,0,03:00,10:00,2,2,2,헬스,3,1,-1,경보,3.0,0.0,30.0,달리기,3.0,0.0,30.0,1,-1,-1,1,0,10,1,3,2,1,0.0,,,,,0,,,,,2,-0.614775910907982,0.30989967356474235,-0.9246755844727244
S006,2022-10-08,8,0,03:00,13:30,2,2,2,헬스,3,1,-1,달리기,3.0,0.0,30.0,경보,5.0,0.0,30.0,2,7,60,1,0,10,2,3,2,2,0.0,,,,,0,,,,,2,0.22660356937932732,0.30989967356474235,-0.08329610418541503
S006,2022-10-15,10,0,03:00,11:00,2,2,1,-1,-1,-1,-1,-1,-1.0,-1.0,-1.0,-1,-1.0,-1.0,-1.0,2,3,60,1,0,10,2,3,2,2,0.0,,,,,0,,,,,2,0.22660356937932732,0.30989967356474235,-0.08329610418541503
S006,2022-10-22,9,0,03:30,13:00,2,3,2,헬스,3,1,-1,달리기,3.0,0.0,30.0,0,,,,2,5,60,1,0,10,2,2,3,2,0.0,,,,,0,,,,,3,0.5836138327227002,0.30989967356474235,0.2737141591579578
S006,2022-10-29,5,0,05:00,10:00,2,2,2,헬스,2,1,-1,0,,,,0,,,,1,-1,-1,1,0,15,2,2,3,3,0.0,,,,,0,,,,,3,0.9269167508710782,0.30989967356474235,0.6170170773063358
S006,2022-11-05,5,0,04:30,09:30,4,4,2,헬스,5,1,-1,0,,,,0,,,,1,-1,-1,1,0,5,2,3,3,2,0.0,,,,,0,,,,,2,0.22660356937932732,0.30989967356474235,-0.08329610418541503
S006,2022-11-12,5,0,05:00,10:00,4,1,1,-1,-1,-1,-1,-1,-1.0,-1.0,-1.0,-1,-1.0,-1.0,-1.0,1,-1,-1,1,30,10,2,2,3,2,0.0,,,,,0,,,,,3,0.5836138327227002,0.30989967356474235,0.2737141591579578
S007,2022-09-03,7,0,02:00,08:00,3,3,2,달리기,1,2,-1,0,,,,0,,,,2,1,60,0,30,6,1,1,4,4,0.0,,,,,0,,,,,4,1.129153370223898,0.4817885986696,0.6473647715542981
S007,2022-09-10,7,0,02:00,09:00,3,3,2,달리기,1,2,-1,경보,2.0,0.0,30.0,0,,,,2,2,30,0,30,6,1,4,4,4,0.0,,,,,0,,,,,1,0.058122580193779104,0.4817885986696,-0.4236660184758209
S007,2022-09-17,7,0,03:00,10:00,2,2,2,달리기,1,2,-1,경보,3.0,1.0,0.0,0,,,,2,3,60,1,0,6,1,4,4,4,0.0,,,,,0,,,,,1,0.058122580193779104,0.4817885986696,-0.4236660184758209
S007,2022-09-24,7,0,02:00,09:00,1,1,2,달리기,1,2,-1,경보,3.0,1.0,0.0,0,,,,2,3,60,1,0,6,1,4,4,4,0.0,,,,,0,,,,,1,0.058122580193779104,0.4817885986696,-0.4236660184758209
S007,2022-10-01,7,0,02:30,09:30,1,1,1,-1,-1,-1,-1,-1,-1.0,-1.0,-1.0,-1,-1.0,-1.0,-1.0,2,3,60,1,0,6,1,2,2,2,0.0,,,,,0,,,,,3,0.08553727058376888,0.4817885986696,-0.39625132808583113
S007,2022-10-08,7,0,03:00,10:00,3,3,2,달리기,1,2,-1,경보,3.0,2.0,0.0,0,,,,2,3,120,1,0,6,1,4,4,4,1.0,11403.0,86.97860442738745,,,0,,,,,1,0.058122580193779104,0.4817885986696,-0.4236660184758209
S007,2022-10-15,5,0,05:00,10:00,1,1,1,-1,-1,-1,-1,-1,-1.0,-1.0,-1.0,-1,-1.0,-1.0,-1.0,1,-1,-1,1,0,6,1,4,4,4,0.8571428571428571,8656.5,83.8214028894085,,,0,,,,,1,0.058122580193779104,0.4817885986696,-0.4236660184758209
S007,2022-10-22,6,0,05:00,11:00,4,4,1,-1,-1,-1,-1,-1,-1.0,-1.0,-1.0,-1,-1.0,-1.0,-1.0,1,-1,-1,1,0,6,1,4,4,4,0.5714285714285714,7056.0,89.23641756195501,,,0,,,,,1,0.058122580193779104,0.4817885986696,-0.4236660184758209
S007,2022-10-29,5,0,04:30,09:30,4,4,2,달리기,1,2,-1,0,,,,0,,,,1,-1,-1,1,30,6,3,1,1,4,0.0,,,,,0,,,,,4,2.1253064945017606,0.4817885986696,1.6435178958321606
S007,2022-11-05,6,0,04:00,11:00,4,4,2,달리기,1,2,-1,0,,,,0,,,,1,-1,-1,1,0,6,1,1,4,4,0.0,,,,,0,,,,,4,1.129153370223898,0.4817885986696,0.6473647715542981
S008,2022-09-03,7,20,00:30,19:20,1,1,1,-1,-1,-1,-1,-1,-1.0,-1.0,-1.0,-1,-1.0,-1.0,-1.0,1,-1,-1,0,30,10,1,4,2,2,0.7142857142857143,12888.2,84.27349894771571,,,0,,,,,1,-0.628483256102977,-0.7208652023984441,0.09238194629546714
S008,2022-09-10,8,0,00:30,09:00,1,1,1,-1,-1,-1,-1,-1,-1.0,-1.0,-1.0,-1,-1.0,-1.0,-1.0,1,-1,-1,0,50,15,1,4,1,1,0.8571428571428571,11712.333333333334,92.82833630766584,,,0,,,,,1,-0.9717861742513549,-0.7208652023984441,-0.25092097185291085
S008,2022-09-19,7,0,12:14,09:04,1,1,1,-1,-1,-1,-1,-1,-1.0,-1.0,-1.0,-1,-1.0,-1.0,-1.0,1,-1,-1,0,30,15,1,4,2,2,0.4285714285714285,6819.333333333333,89.8754311428155,,,0,,,,,1,-0.628483256102977,-0.7208652023984441,0.09238194629546714
S008,2022-09-25,7,0,00:30,21:00,1,1,1,-1,-1,-1,-1,-1,-1.0,-1.0,-1.0,-1,-1.0,-1.0,-1.0,1,-1,-1,0,30,15,1,4,2,2,0.0,,,,,0,,,,,1,-0.628483256102977,-0.7208652023984441,0.09238194629546714
S008,2022-10-04,8,0,00:30,08:30,1,1,1,-1,-1,-1,-1,-1,-1.0,-1.0,-1.0,-1,-1.0,-1.0,-1.0,1,-1,-1,0,30,9,1,4,2,2,0.8571428571428571,8748.0,87.13072918469392,352.3333333333333,68.33333333333333,3,2.539880589224877,2.5971446495536035,2.848321774544802,2.3353027648720417,1,-0.628483256102977,-0.7208652023984441,0.09238194629546714
S008,2022-10-08,8,0,00:30,09:00,1,1,1,-1,-1,-1,-1,-1,-1.0,-1.0,-1.0,-1,-1.0,-1.0,-1.0,1,-1,-1,0,30,12,1,4,2,2,1.0,9537.857142857143,80.23416713638014,386.2,72.0,5,1.8661159211694,1.7079888381469424,1.809337456985656,1.3505498953410011,1,-0.628483256102977,-0.7208652023984441,0.09238194629546714
S008,2022-10-15,8,0,03:00,11:00,1,1,1,-1,-1,-1,-1,-1,-1.0,-1.0,-1.0,-1,-1.0,-1.0,-1.0,1,-1,-1,0,30,12,1,3,2,2,1.0,7802.142857142857,74.8882992623585,398.8333333333333,76.5,6,1.6147804790502804,0.6167521605114957,0.7247330694786699,1.0164617168287589,2,-0.271472992759604,-0.7208652023984441,0.4493922096388401
S008,2022-10-23,8,0,01:00,21:00,1,1,1,-1,-1,-1,-1,-1,-1.0,-1.0,-1.0,-1,-1.0,-1.0,-1.0,1,-1,-1,0,30,15,1,4,2,2,0.0,,,,,0,,,,,1,-0.628483256102977,-0.7208652023984441,0.09238194629546714
S008,2022-10-29,8,0,02:00,10:00,1,1,1,-1,-1,-1,-1,-1,-1.0,-1.0,-1.0,-1,-1.0,-1.0,-1.0,1,-1,-1,0,30,15,1,4,2,1,0.2857142857142857,14767.5,84.14910790070338,395.0,73.0,1,1.6910432121471113,1.4654917986723983,0.1305678562305386,0.0342382160869911,1,-0.9717861742513549,-0.7208652023984441,-0.25092097185291085
S008,2022-11-09,8,0,13:29,10:00,1,1,1,-1,-1,-1,-1,-1,-1.0,-1.0,-1.0,-1,-1.0,-1.0,-1.0,1,-1,-1,0,15,9,1,4,1,1,1.0,9241.0,80.30839720302609,411.1428571428572,77.71428571428571,7,1.3698871063107672,0.3222914697209799,,,1,-0.9717861742513549,-0.7208652023984441,-0.25092097185291085
S008,2022-11-15,8,0,02:00,22:00,1,1,1,-1,-1,-1,-1,-1,-1.0,-1.0,-1.0,-1,-1.0,-1.0,-1.0,1,-1,-1,0,30,9,1,4,1,1,1.0,11338.57142857143,84.74448789316486,415.57142857142856,74.42857142857143,7,1.281782333913189,1.1190674565659071,,,1,-0.9717861742513549,-0.7208652023984441,-0.25092097185291085
S012,2022-09-03,8,0,03:28,12:28,3,2,1,-1,-1,-1,-1,-1,-1.0,-1.0,-1.0,-1,-1.0,-1.0,-1.0,1,-1,-1,2,0,6,1,4,2,1,0.7142857142857143,7651.6,84.59980532558605,546.0,86.0,1,1.313045317667168,4.874583841627713,1.900487685133396,3.167034988046683,1,-0.9717861742513549,-0.19883246830055396,-0.7729537059508009
S012,2022-09-10,7,0,03:00,12:00,3,3,1,-1,-1,-1,-1,-1,-1.0,-1.0,-1.0,-1,-1.0,-1.0,-1.0,1,-1,-1,0,30,5,2,4,2,1,1.0,9420.42857142857,81.81073359001891,368.0,76.33333333333333,6,1.0345205533135262,3.5929838357508035,0.2876381689093096,1.7048309781361473,1,-0.4737096121124236,-0.19883246830055396,-0.2748771438118696
S012,2022-09-17,5,0,03:18,08:26,2,3,1,-1,-1,-1,-1,-1,-1.0,-1.0,-1.0,-1,-1.0,-1.0,-1.0,1,-1,-1,0,30,5,2,3,2,1,1.0,8198.714285714286,77.04268001888052,289.0,74.33333333333333,3,0.2188408862778617,2.045451714424702,1.7271984385973966,1.6206509754717668,2,-0.11669934876905068,-0.19883246830055396,0.08213311953150328
S012,2022-09-24,7,0,00:00,07:00,1,4,1,-1,-1,-1,-1,-1,-1.0,-1.0,-1.0,-1,-1.0,-1.0,-1.0,1,-1,-1,0,30,5,2,2,3,1,0.8571428571428571,7618.333333333333,79.51190767411619,424.0,79.5,2,0.0795785041010402,3.2983530850431784,0.2828970218328338,1.3609690894578987,3,0.24031091457432222,-0.19883246830055396,0.4391433828748762
S012,2022-10-01,6,0,01:00,07:00,2,4,1,-1,-1,-1,-1,-1,-1.0,-1.0,-1.0,-1,-1.0,-1.0,-1.0,1,-1,-1,1,0,5,1,3,3,1,0.8571428571428571,7017.666666666667,82.53923346780476,331.0,75.0,2,0.5769441547325438,3.2696544497847464,2.0890856996886185,2.63634263869832,2,-0.614775910907982,-0.19883246830055396,-0.41594344260742805
S012,2022-10-08,7,0,02:06,09:07,2,4,1,-1,-1,-1,-1,-1,-1.0,-1.0,-1.0,-1,-1.0,-1.0,-1.0,1,-1,-1,0,30,5,1,3,3,1,0.5714285714285714,4904.0,78.89009945515208,,,0,,,,,2,-0.614775910907982,-0.19883246830055396,-0.41594344260742805
S012,2022-10-15,8,0,03:00,11:00,1,1,1,-1,-1,-1,-1,-1,-1.0,-1.0,-1.0,-1,-1.0,-1.0,-1.0,1,-1,-1,0,20,3,2,3,2,2,0.2857142857142857,1285.5,72.47051020408163,,,0,,,,,2,0.22660356937932732,-0.19883246830055396,0.42543603767988125
S012,2022-10-23,7,0,03:17,10:54,2,4,1,-1,-1,-1,-1,-1,-1.0,-1.0,-1.0,-1,-1.0,-1.0,-1.0,1,-1,-1,0,20,2,2,3,2,2,0.0,,,,,0,,,,,2,0.22660356937932732,-0.19883246830055396,0.42543603767988125
S012,2022-10-29,8,0,02:00,22:01,1,2,2,달리기,1,2,-1,0,,,,0,,,,1,-1,-1,0,30,6,2,3,3,1,0.5714285714285714,9736.25,85.68257699459409,,,0,,,,,2,-0.11669934876905068,-0.19883246830055396,0.08213311953150328
S012,2022-11-06,5,0,04:00,09:00,1,4,1,-1,-1,-1,-1,-1,-1.0,-1.0,-1.0,-1,-1.0,-1.0,-1.0,1,-1,-1,0,30,6,2,3,3,2,0.1428571428571428,8094.0,84.00016803898504,,,0,,,,,2,0.22660356937932732,-0.19883246830055396,0.42543603767988125
S013,2022-09-03,9,0,01:00,09:10,1,1,1,-1,-1,-1,-1,-1,-1.0,-1.0,-1.0,-1,-1.0,-1.0,-1.0,1,-1,-1,0,20,2,1,4,1,1,1.0,3980.0,89.86145542454292,425.7142857142857,77.57142857142857,7,2.2736715457440138,0.356933903931628,1.488802607222709,2.012124667709171,1,-0.9717861742513549,-0.9717861742513549,0.0
S013,2022-09-11,9,0,01:50,09:00,1,1,1,-1,-1,-1,-1,-1,-1.0,-1.0,-1.0,-1,-1.0,-1.0,-1.0,1,-1,-1,0,40,2,1,4,1,1,1.0,6897.0,88.76077542800628,424.0,76.28571428571429,7,2.307776618930175,0.6687158118274679,1.6869117206791218,4.518443823106392,1,-0.9717861742513549,-0.9717861742513549,0.0
S013,2022-09-18,8,0,03:00,09:20,1,1,1,-1,-1,-1,-1,-1,-1.0,-1.0,-1.0,-1,-1.0,-1.0,-1.0,1,-1,-1,0,20,2,1,4,1,1,1.0,10024.285714285714,93.08632527520504,358.5,74.83333333333333,6,2.417197062069106,1.0209138929690698,0.1296940084137876,2.187099131213473,1,-0.9717861742513549,-0.9717861742513549,0.0
S013,2022-09-28,8,0,02:00,09:33,1,1,1,-1,-1,-1,-1,-1,-1.0,-1.0,-1.0,-1,-1.0,-1.0,-1.0,2,1,60,0,40,2,1,4,1,1,0.7142857142857143,8798.6,83.32872716676673,425.5,79.0,2,1.084257118376677,0.0105095618251366,0.2683894822516628,1.3267308733709096,1,-0.9717861742513549,-0.9717861742513549,0.0
S013,2022-10-03,8,0,03:00,10:00,1,1,1,-1,-1,-1,-1,-1,-1.0,-1.0,-1.0,-1,-1.0,-1.0,-1.0,2,1,60,0,30,2,1,4,1,1,1.0,8465.714285714286,85.08972856008845,386.0,77.5,2,1.870094846374452,0.3742551210369521,1.95851784345808,2.730497732937544,1,-0.9717861742513549,-0.9717861742513549,0.0
S013,2022-10-19,8,0,04:00,13:20,1,1,1,-1,-1,-1,-1,-1,-1.0,-1.0,-1.0,-1,-1.0,-1.0,-1.0,2,1,30,0,30,2,1,4,1,1,1.0,7085.428571428572,88.37666946311982,404.2857142857143,78.28571428571429,7,1.5063073990554097,0.1837217328783805,0.1142442407732382,1.4706934302553638,1,-0.9717861742513549,-0.9717861742513549,0.0
S013,2022-10-24,8,0,03:21,13:21,1,1,1,-1,-1,-1,-1,-1,-1.0,-1.0,-1.0,-1,-1.0,-1.0,-1.0,1,-1,-1,0,30,2,1,4,1,1,1.0,5551.0,86.89936052890684,437.1666666666667,81.0,6,0.8521531480819751,0.4744845171239508,0.0811470154662949,1.2484955166547729,1,-0.9717861742513549,-0.9717861742513549,0.0
S013,2022-10-28,8,0,03:30,09:30,1,1,1,-1,-1,-1,-1,-1,-1.0,-1.0,-1.0,-1,-1.0,-1.0,-1.0,1,-1,-1,0,30,2,1,4,1,1,1.0,5113.0,86.4033326678521,429.0,74.85714285714286,7,1.014625927288266,1.0151401539339593,0.1559170254864997,2.509643447197003,1,-0.9717861742513549,-0.9717861742513549,0.0
S013,2022-11-01,8,0,03:00,09:30,1,1,1,-1,-1,-1,-1,-1,-1.0,-1.0,-1.0,-1,-1.0,-1.0,-1.0,1,-1,-1,0,30,2,1,4,1,1,1.0,6630.857142857143,88.45170487066132,353.42857142857144,69.0,7,2.518091236911496,2.4354799565705734,0.2165568110251334,0.9953055174937444,1,-0.9717861742513549,-0.9717861742513549,0.0
S013,2022-11-08,8,0,03:00,09:20,1,1,1,-1,-1,-1,-1,-1,-1.0,-1.0,-1.0,-1,-1.0,-1.0,-1.0,1,-1,-1,0,30,2,1,4,1,1,1.0,5330.428571428572,87.70072875344373,401.57142857142856,79.14285714285714,7,1.5603070982668308,0.0241328723855115,0.9693940277723744,2.5842179291509075,1,-0.9717861742513549,-0.9717861742513549,0.0
S013,2022-11-12,7,0,03:00,09:00,1,1,1,-1,-1,-1,-1,-1,-1.0,-1.0,-1.0,-1,-1.0,-1.0,-1.0,1,-1,-1,0,30,2,1,4,1,1,1.0,7498.285714285715,88.86704539290224,411.8571428571428,75.0,7,0.1619990976342626,0.9804977197233112,0.2925862459584171,1.938601640486869,1,-0.9717861742513549,-0.9717861742513549,0.0
S015,2022-09-03,8,0,01:00,09:00,1,1,1,-1,-1,-1,-1,-1,-1.0,-1.0,-1.0,-1,-1.0,-1.0,-1.0,1,-1,-1,1,0,5,1,4,1,1,0.0,,,,,0,,,,,1,-0.9717861742513549,-0.710513829070437,-0.2612723451809179
S015,2022-09-10,9,0,02:00,10:00,1,2,1,-1,-1,-1,-1,-1,-1.0,-1.0,-1.0,-1,-1.0,-1.0,-1.0,1,-1,-1,0,30,2,1,3,2,1,0.0,,,,,0,,,,,2,-0.614775910907982,-0.710513829070437,0.09573791816245503
S015,2022-09-18,7,0,03:00,10:00,1,1,1,-1,-1,-1,-1,-1,-1.0,-1.0,-1.0,-1,-1.0,-1.0,-1.0,1,-1,-1,0,30,5,1,4,2,1,0.0,,,,,0,,,,,1,-0.9717861742513549,-0.710513829070437,-0.2612723451809179
S015,2022-09-24,7,0,02:00,09:00,1,1,1,-1,-1,-1,-1,-1,-1.0,-1.0,-1.0,-1,-1.0,-1.0,-1.0,1,-1,-1,0,20,4,1,3,3,2,0.0,,,,,0,,,,,2,-0.271472992759604,-0.710513829070437,0.439040836310833
S015,2022-10-01,8,0,02:00,10:00,1,1,1,-1,-1,-1,-1,-1,-1.0,-1.0,-1.0,-1,-1.0,-1.0,-1.0,1,-1,-1,0,20,4,1,4,2,1,0.0,,,,,0,,,,,1,-0.9717861742513549,-0.710513829070437,-0.2612723451809179
S015,2022-10-08,8,0,01:00,09:00,1,1,1,-1,-1,-1,-1,-1,-1.0,-1.0,-1.0,-1,-1.0,-1.0,-1.0,1,-1,-1,1,0,4,1,4,3,1,0.0,,,,,0,,,,,1,-0.9717861742513549,-0.710513829070437,-0.2612723451809179
S015,2022-10-16,8,0,02:00,10:00,1,2,1,-1,-1,-1,-1,-1,-1.0,-1.0,-1.0,-1,-1.0,-1.0,-1.0,1,-1,-1,0,20,4,2,2,4,2,0.0,,,,,0,,,,,3,0.5836138327227002,-0.710513829070437,1.2941276617931372
S015,2022-10-22,8,0,02:00,10:00,1,1,1,-1,-1,-1,-1,-1,-1.0,-1.0,-1.0,-1,-1.0,-1.0,-1.0,1,-1,-1,0,20,4,1,4,2,1,0.0,,,,,0,,,,,1,-0.9717861742513549,-0.710513829070437,-0.2612723451809179
S015,2022-10-29,9,0,01:00,10:00,1,1,1,-1,-1,-1,-1,-1,-1.0,-1.0,-1.0,-1,-1.0,-1.0,-1.0,1,-1,-1,0,30,4,1,4,2,1,0.0,,,,,0,,,,,1,-0.9717861742513549,-0.710513829070437,-0.2612723451809179
S015,2022-11-05,7,0,02:00,09:00,1,1,1,-1,-1,-1,-1,-1,-1.0,-1.0,-1.0,-1,-1.0,-1.0,-1.0,1,-1,-1,0,20,4,1,4,1,1,0.0,,,,,0,,,,,1,-0.9717861742513549,-0.710513829070437,-0.2612723451809179
S016,2022-09-03,8,0,02:00,10:00,2,2,1,-1,-1,-1,-1,-1,-1.0,-1.0,-1.0,-1,-1.0,-1.0,-1.0,1,-1,-1,0,40,3,2,3,3,2,1.0,1423.2857142857142,96.9472818747976,,,0,,,,,2,0.22660356937932732,0.52778871786123,-0.3011851484819027
S016,2022-09-11,8,0,00:30,09:40,2,2,1,-1,-1,-1,-1,-1,-1.0,-1.0,-1.0,-1,-1.0,-1.0,-1.0,1,-1,-1,0,30,3,2,3,2,2,0.5714285714285714,2825.75,88.98068594389088,374.5,76.75,4,2.098883045664944,1.568948184111169,1.3559861784631029,0.1942259550470111,2,0.22660356937932732,0.52778871786123,-0.3011851484819027
S016,2022-09-17,8,0,00:30,09:00,2,1,1,-1,-1,-1,-1,-1,-1.0,-1.0,-1.0,-1,-1.0,-1.0,-1.0,1,-1,-1,0,30,3,3,2,3,3,0.8571428571428571,4347.5,93.80458157527733,460.0,78.0,1,0.3978925205052022,0.8095314410773342,1.944010303876909,1.7803872365235407,3,1.4249933130100096,0.52778871786123,0.8972045951487796
S016,2022-09-24,8,0,01:00,09:30,2,2,1,-1,-1,-1,-1,-1,-1.0,-1.0,-1.0,-1,-1.0,-1.0,-1.0,1,-1,-1,0,30,3,2,2,2,3,1.0,3433.428571428572,79.54607732696856,429.0,82.4,5,1.014625927288266,2.939056457142342,0.6921825312206424,0.4713733407414654,3,0.9269167508710782,0.52778871786123,0.3991280330098481
S016,2022-10-03,8,0,01:30,10:00,1,2,1,-1,-1,-1,-1,-1,-1.0,-1.0,-1.0,-1,-1.0,-1.0,-1.0,1,-1,-1,0,30,3,2,3,3,2,0.0,,,,,0,,,,,2,0.22660356937932732,0.52778871786123,-0.3011851484819027
S016,2022-10-09,8,0,01:00,10:00,1,2,1,-1,-1,-1,-1,-1,-1.0,-1.0,-1.0,-1,-1.0,-1.0,-1.0,1,-1,-1,0,30,3,2,2,1,3,0.0,,,,,0,,,,,3,0.9269167508710782,0.52778871786123,0.3991280330098481
S016,2022-10-15,8,0,00:30,09:00,3,1,1,-1,-1,-1,-1,-1,-1.0,-1.0,-1.0,-1,-1.0,-1.0,-1.0,1,-1,-1,0,30,3,2,3,2,2,0.7142857142857143,2088.8,80.7126676579459,483.3333333333333,78.66666666666667,3,0.0663154200842001,2.033734176437379,0.1599672836289184,1.2605068655856635,2,0.22660356937932732,0.52778871786123,-0.3011851484819027
S016,2022-10-23,9,0,01:30,09:30,2,2,1,-1,-1,-1,-1,-1,-1.0,-1.0,-1.0,-1,-1.0,-1.0,-1.0,1,-1,-1,0,30,3,2,3,3,2,1.0,3814.857142857143,79.59325344689496,,,0,,,,,2,0.22660356937932732,0.52778871786123,-0.3011851484819027
S016,2022-10-29,8,0,01:00,09:00,3,1,1,-1,-1,-1,-1,-1,-1.0,-1.0,-1.0,-1,-1.0,-1.0,-1.0,1,-1,-1,0,30,3,2,2,3,2,0.2857142857142857,2747.5,76.8978073984994,,,0,,,,,3,0.5836138327227002,0.52778871786123,0.055825114861470126
S016,2022-11-07,8,0,00:00,08:30,3,1,1,-1,-1,-1,-1,-1,-1.0,-1.0,-1.0,-1,-1.0,-1.0,-1.0,1,-1,-1,0,30,3,2,2,3,2,1.0,3576.714285714286,81.15186352913597,487.25,86.75,4,0.1442360386831362,3.993918578856605,0.6102908637414497,1.47298910764834,3,0.5836138327227002,0.52778871786123,0.055825114861470126
S016,2022-11-12,8,0,01:00,21:00,3,1,1,-1,-1,-1,-1,-1,-1.0,-1.0,-1.0,-1,-1.0,-1.0,-1.0,1,-1,-1,0,30,3,2,3,2,2,1.0,2826.1428571428573,84.35712017064328,467.0,86.33333333333333,3,0.2586301383283818,3.892878145742211,,,2,0.22660356937932732,0.52778871786123,-0.3011851484819027
S019,2022-09-03,8,0,23:30,07:00,1,3,1,-1,-1,-1,-1,-1,-1.0,-1.0,-1.0,-1,-1.0,-1.0,-1.0,1,-1,-1,0,60,15,1,3,2,1,1.0,10147.42857142857,80.45867178438107,422.2857142857143,80.28571428571429,7,1.1482041306007276,2.4263484308247354,0.8841296647743369,1.4301581990628145,2,-0.614775910907982,-0.03826749490079377,-0.5765084160071883
S019,2022-09-10,8,0,00:00,08:30,1,1,1,-1,-1,-1,-1,-1,-1.0,-1.0,-1.0,-1,-1.0,-1.0,-1.0,1,-1,-1,1,0,20,1,3,2,2,1.0,8708.57142857143,74.83447521586517,452.57142857142856,85.57142857142857,7,0.5456811709785637,1.5830424118647213,0.4195626348423754,0.356641254972263,2,-0.271472992759604,-0.03826749490079377,-0.23320549785881023
S019,2022-09-17,8,17,23:30,08:00,1,2,1,-1,-1,-1,-1,-1,-1.0,-1.0,-1.0,-1,-1.0,-1.0,-1.0,1,-1,-1,2,0,20,1,2,3,3,1.0,6232.857142857143,74.91395755008814,482.3333333333333,84.16666666666667,6,0.2917878483704829,2.304929851170354,0.4841810984090003,1.2564705979613022,3,0.4288401887321469,-0.03826749490079377,0.4671076836329407
S019,2022-09-24,10,0,23:00,09:00,1,1,1,-1,-1,-1,-1,-1,-1.0,-1.0,-1.0,-1,-1.0,-1.0,-1.0,1,-1,-1,1,30,20,1,3,2,2,1.0,8178.142857142857,77.58472597116041,464.2857142857143,81.28571428571429,7,2.699984960571017,0.5437693855452504,0.52235310607239,0.9651695103469294,2,-0.271472992759604,-0.03826749490079377,-0.23320549785881023
S019,2022-10-01,7,30,08:00,00:00,1,1,1,-1,-1,-1,-1,-1,-1.0,-1.0,-1.0,-1,-1.0,-1.0,-1.0,1,-1,-1,2,0,20,1,3,2,2,1.0,8951.42857142857,81.39328910943571,460.8571428571428,82.71428571428571,7,0.2159987968456795,0.8901937276517383,,,2,-0.271472992759604,-0.03826749490079377,-0.23320549785881023
S019,2022-10-09,6,30,08:00,01:00,1,1,1,-1,-1,-1,-1,-1,-1.0,-1.0,-1.0,-1,-1.0,-1.0,-1.0,1,-1,-1,2,0,20,2,2,2,2,1.0,8606.142857142857,74.67268626534106,303.57142857142856,77.14285714285714,7,1.7194641064689111,0.4608612065635758,,,3,0.5836138327227002,-0.03826749490079377,0.6218813276234939
S019,2022-10-15,4,30,02:00,07:30,1,1,1,-1,-1,-1,-1,-1,-1.0,-1.0,-1.0,-1,-1.0,-1.0,-1.0,1,-1,-1,1,30,20,2,2,3,2,1.0,7366.0,74.57899146787993,275.8333333333333,68.16666666666667,6,0.1160519851473508,2.6375608227993586,0.5340656647231149,0.4073050294843734,3,0.5836138327227002,-0.03826749490079377,0.6218813276234939
S019,2022-10-22,6,40,08:00,00:00,1,1,1,-1,-1,-1,-1,-1,-1.0,-1.0,-1.0,-1,-1.0,-1.0,-1.0,1,-1,-1,1,30,12,2,3,2,2,1.0,6838.285714285715,78.16878625594863,345.1666666666667,77.0,6,1.090888660385097,0.4955036407742239,,,2,0.22660356937932732,-0.03826749490079377,0.2648710642801211
S019,2022-10-30,8,0,09:00,23:30,1,1,1,-1,-1,-1,-1,-1,-1.0,-1.0,-1.0,-1,-1.0,-1.0,-1.0,1,-1,-1,1,0,10,1,3,2,2,1.0,7657.0,73.48437621590948,449.0,83.0,7,0.6167334067830639,0.959478596073038,,,2,-0.271472992759604,-0.03826749490079377,-0.23320549785881023
S019,2022-11-05,9,0,09:30,23:30,1,2,1,-1,-1,-1,-1,-1,-1.0,-1.0,-1.0,-1,-1.0,-1.0,-1.0,2,3,60,1,0,20,1,3,2,2,1.0,6235.285714285715,73.75328911862643,478.7142857142857,83.28571428571429,7,1.2192563664052278,2.091301506871352,,,2,-0.271472992759604,-0.03826749490079377,-0.23320549785881023
S019,2022-11-15,8,0,12:00,08:00,1,2,1,-1,-1,-1,-1,-1,-1.0,-1.0,-1.0,-1,-1.0,-1.0,-1.0,1,-1,-1,1,0,10,1,3,2,2,0.0,,,,,0,,,,,2,-0.271472992759604,-0.03826749490079377,-0.23320549785881023
S021,2022-09-03,7,0,02:00,09:07,2,1,1,-1,-1,-1,-1,-1,-1.0,-1.0,-1.0,-1,-1.0,-1.0,-1.0,1,-1,-1,0,20,3,1,3,3,2,0.0,,,,,0,,,,,2,-0.271472992759604,-0.3415043109087791,0.07003131814917507
S021,2022-09-10,7,0,12:00,20:00,2,2,1,-1,-1,-1,-1,-1,-1.0,-1.0,-1.0,-1,-1.0,-1.0,-1.0,1,-1,-1,0,30,3,1,3,3,3,0.0,,,,,0,,,,,2,0.07182992538877397,-0.3415043109087791,0.41333423629755306
S021,2022-09-17,6,0,03:00,10:00,2,1,1,-1,-1,-1,-1,-1,-1.0,-1.0,-1.0,-1,-1.0,-1.0,-1.0,1,-1,-1,0,15,3,1,3,2,1,0.0,,,,,0,,,,,2,-0.614775910907982,-0.3415043109087791,-0.2732715999992029
S021,2022-09-24,6,0,03:00,09:00,1,1,1,-1,-1,-1,-1,-1,-1.0,-1.0,-1.0,-1,-1.0,-1.0,-1.0,1,-1,-1,0,15,6,1,3,3,2,0.0,,,,,0,,,,,2,-0.271472992759604,-0.3415043109087791,0.07003131814917507
S021,2022-10-09,6,0,03:30,10:30,3,1,1,-1,-1,-1,-1,-1,-1.0,-1.0,-1.0,-1,-1.0,-1.0,-1.0,1,-1,-1,0,15,3,1,4,2,2,0.8571428571428571,5681.833333333333,82.98951572754848,427.1666666666667,74.0,6,1.3362557146966385,0.902081325556174,0.5268533829759495,1.0360483188691445,1,-0.628483256102977,-0.3415043109087791,-0.28697894519419787
S021,2022-10-15,6,0,02:00,09:03,2,2,1,-1,-1,-1,-1,-1,-1.0,-1.0,-1.0,-1,-1.0,-1.0,-1.0,1,-1,-1,0,15,3,1,3,2,2,0.0,,,,,0,,,,,2,-0.271472992759604,-0.3415043109087791,0.07003131814917507
S021,2022-10-22,7,0,02:00,09:00,2,1,1,-1,-1,-1,-1,-1,-1.0,-1.0,-1.0,-1,-1.0,-1.0,-1.0,1,-1,-1,0,15,3,1,3,2,2,0.0,,,,,0,,,,,2,-0.271472992759604,-0.3415043109087791,0.07003131814917507
S021,2022-10-29,0,7,02:00,09:00,1,1,1,-1,-1,-1,-1,-1,-1.0,-1.0,-1.0,-1,-1.0,-1.0,-1.0,1,-1,-1,0,15,3,1,3,2,1,0.0,,,,,0,,,,,2,-0.614775910907982,-0.3415043109087791,-0.2732715999992029
S021,2022-11-05,7,0,03:00,10:00,2,1,1,-1,-1,-1,-1,-1,-1.0,-1.0,-1.0,-1,-1.0,-1.0,-1.0,1,-1,-1,0,10,3,1,3,2,2,0.0,,,,,0,,,,,2,-0.271472992759604,-0.3415043109087791,0.07003131814917507
S021,2022-11-12,7,0,02:00,09:00,1,1,1,-1,-1,-1,-1,-1,-1.0,-1.0,-1.0,-1,-1.0,-1.0,-1.0,1,-1,-1,0,15,3,1,3,2,2,0.0,,,,,0,,,,,2,-0.271472992759604,-0.3415043109087791,0.07003131814917507
S026,2022-09-03,7,30,00:30,21:10,1,1,2,헬스,3,1,-1,경보,6.0,,30.0,달리기,3.0,,10.0,2,6,30,1,0,5,1,4,2,1,0.5714285714285714,8912.5,98.2645759185112,,,0,,,,,1,-0.9717861742513549,-0.6226086795908363,-0.3491774946605186
S026,2022-09-10,8,0,01:10,21:00,2,1,2,헬스,4,1,-1,경보,5.0,0.0,30.0,달리기,2.0,0.0,20.0,2,5,30,1,0,5,1,4,2,1,0.8571428571428571,1892.8333333333333,92.44994451915646,,,0,,,,,1,-0.9717861742513549,-0.6226086795908363,-0.3491774946605186
S026,2022-09-17,7,0,00:30,09:24,1,1,2,경보,4,1,-1,달리기,2.0,0.0,10.0,헬스,3.0,0.0,30.0,1,-1,-1,0,30,5,1,4,2,2,0.7142857142857143,4766.4,89.68852371521905,,,0,,,,,1,-0.628483256102977,-0.6226086795908363,-0.005874576512140628
S026,2022-09-24,8,0,00:09,21:00,1,1,1,-1,-1,-1,-1,-1,-1.0,-1.0,-1.0,-1,-1.0,-1.0,-1.0,2,3,20,0,30,5,1,4,1,1,0.8571428571428571,6104.166666666667,91.24528935388771,,,0,,,,,1,-0.9717861742513549,-0.6226086795908363,-0.3491774946605186
S026,2022-10-01,7,0,00:00,09:00,1,1,1,-1,-1,-1,-1,-1,-1.0,-1.0,-1.0,-1,-1.0,-1.0,-1.0,2,3,30,0,40,8,1,3,1,3,1.0,7010.285714285715,95.49281751677152,,,0,,,,,2,0.07182992538877397,-0.6226086795908363,0.6944386049796103
S026,2022-10-09,6,30,00:50,21:00,2,1,1,-1,-1,-1,-1,-1,-1.0,-1.0,-1.0,-1,-1.0,-1.0,-1.0,2,3,30,1,0,6,1,3,4,2,0.5714285714285714,695.25,96.03785518514104,,,0,,,,,2,-0.271472992759604,-0.6226086795908363,0.3511356868312323
S026,2022-10-15,8,0,02:26,09:00,2,1,1,-1,-1,-1,-1,-1,-1.0,-1.0,-1.0,-1,-1.0,-1.0,-1.0,2,5,30,1,0,7,1,3,3,1,0.0,,,,,0,,,,,2,-0.614775910907982,-0.6226086795908363,0.007832768682854319
S030,2022-10-01,7,30,00:30,22:00,2,1,1,-1,-1,-1,-1,-1,-1.0,-1.0,-1.0,-1,-1.0,-1.0,-1.0,1,-1,-1,0,30,7,2,2,2,2,0.8571428571428571,8654.333333333334,82.91583879366384,411.5,80.0,4,0.7659431019725148,1.2945255200264214,,,3,0.5836138327227002,-0.06950089886503251,0.6531147315877327
S030,2022-10-11,7,0,02:02,22:40,2,1,1,-1,-1,-1,-1,-1,-1.0,-1.0,-1.0,-1,-1.0,-1.0,-1.0,1,-1,-1,0,30,10,1,3,2,2,1.0,5098.285714285715,77.02996118836609,417.1666666666667,83.0,6,0.0563681070715696,2.0220166384500526,,,2,-0.271472992759604,-0.06950089886503251,-0.2019720938945715
S030,2022-10-24,7,0,13:30,10:21,2,1,1,-1,-1,-1,-1,-1,-1.0,-1.0,-1.0,-1,-1.0,-1.0,-1.0,1,-1,-1,1,30,5,2,4,2,2,1.0,7779.428571428572,86.76303468835017,342.75,76.75,4,1.5368598604513444,0.5064101417341547,,,1,-0.13040669396404558,-0.06950089886503251,-0.060905795099013074
S030,2022-11-05,8,0,01:40,22:45,1,1,1,-1,-1,-1,-1,-1,-1.0,-1.0,-1.0,-1,-1.0,-1.0,-1.0,1,-1,-1,0,30,10,1,2,1,2,1.0,3602.5714285714284,80.43051479790583,442.8333333333333,81.33333333333333,6,0.7394169339388348,0.5553168636154641,,,3,0.08553727058376888,-0.06950089886503251,0.1550381694488014
S030,2022-11-12,9,0,01:20,10:40,1,1,1,-1,-1,-1,-1,-1,-1.0,-1.0,-1.0,-1,-1.0,-1.0,-1.0,1,-1,-1,0,40,10,1,3,2,1,1.0,6543.142857142857,86.90576551138012,430.5,83.0,4,2.1784615497659843,0.959478596073038,0.8786191470747103,0.2464040787266501,2,-0.614775910907982,-0.06950089886503251,-0.5452750120429495
S032,2022-09-03,10,30,00:30,09:00,1,1,1,-1,-1,-1,-1,-1,-1.0,-1.0,-1.0,-1,-1.0,-1.0,-1.0,1,-1,-1,1,0,5,1,4,1,1,0.0,,,,,0,,,,,1,-0.9717861742513549,-0.9717861742513549,0.0
S032,2022-09-11,10,30,00:30,09:00,1,1,1,-1,-1,-1,-1,-1,-1.0,-1.0,-1.0,-1,-1.0,-1.0,-1.0,1,-1,-1,1,0,5,1,4,1,1,0.2857142857142857,1092.5,,,,0,,,,,1,-0.9717861742513549,-0.9717861742513549,0.0
S032,2022-09-17,10,0,00:30,09:00,1,1,1,-1,-1,-1,-1,-1,-1.0,-1.0,-1.0,-1,-1.0,-1.0,-1.0,1,-1,-1,1,0,5,1,4,1,1,1.0,6848.142857142857,88.48588782716709,,,0,,,,,1,-0.9717861742513549,-0.9717861742513549,0.0
S033,2022-09-10,6,0,00:12,06:13,1,1,1,-1,-1,-1,-1,-1,-1.0,-1.0,-1.0,-1,-1.0,-1.0,-1.0,2,1,38,0,15,3,1,2,3,2,0.5714285714285714,4594.25,92.22589433452484,368.0,81.0,1,0.1591570082020815,0.4744845171239508,0.8559448352890867,1.7461490204365495,3,0.08553727058376888,0.23036895094621768,-0.1448316803624488
S033,2022-09-17,6,0,00:10,06:10,1,1,1,-1,-1,-1,-1,-1,-1.0,-1.0,-1.0,-1,-1.0,-1.0,-1.0,1,-1,-1,0,30,3,1,1,1,4,0.0,,,,,0,,,,,4,1.129153370223898,0.23036895094621768,0.8987844192776804
S033,2022-09-24,6,0,00:40,06:40,1,1,1,-1,-1,-1,-1,-1,-1.0,-1.0,-1.0,-1,-1.0,-1.0,-1.0,1,-1,-1,1,0,3,1,3,4,4,0.0,,,,,0,,,,,2,0.415132843537152,0.23036895094621768,0.18476389259093434
S033,2022-10-07,6,0,00:04,06:04,1,1,1,-1,-1,-1,-1,-1,-1.0,-1.0,-1.0,-1,-1.0,-1.0,-1.0,2,1,30,0,15,3,1,2,4,4,0.0,,,,,0,,,,,3,0.772143106880525,0.23036895094621768,0.5417741559343073
S033,2022-10-08,6,0,23:02,06:02,1,1,2,요가(또는 필라테스),2,1,-1,0,,,,0,,,,1,-1,-1,0,30,3,1,2,2,4,0.0,,,,,0,,,,,3,0.772143106880525,0.23036895094621768,0.5417741559343073
S033,2022-10-15,6,0,00:00,06:00,1,1,1,-1,-1,-1,-1,-1,-1.0,-1.0,-1.0,-1,-1.0,-1.0,-1.0,1,-1,-1,0,30,3,1,3,2,2,0.0,,,,,0,,,,,2,-0.271472992759604,0.23036895094621768,-0.5018419437058217
S033,2022-10-23,6,0,00:33,05:33,1,1,1,-1,-1,-1,-1,-1,-1.0,-1.0,-1.0,-1,-1.0,-1.0,-1.0,1,-1,-1,1,0,3,1,4,4,2,0.0,,,,,0,,,,,1,-0.628483256102977,0.23036895094621768,-0.8588522070491946
S033,2022-11-01,5,0,02:00,06:00,1,1,1,-1,-1,-1,-1,-1,-1.0,-1.0,-1.0,-1,-1.0,-1.0,-1.0,1,-1,-1,0,15,3,1,4,4,4,0.0,,,,,0,,,,,1,0.058122580193779104,0.23036895094621768,-0.17224637075243857
S033,2022-11-05,3,0,03:00,06:00,1,1,2,요가(또는 필라테스),2,0,-1,0,,,,0,,,,1,-1,-1,0,30,2,1,2,3,2,0.0,,,,,0,,,,,3,0.08553727058376888,0.23036895094621768,-0.1448316803624488
S033,2022-11-12,5,0,00:34,05:34,1,1,1,-1,-1,-1,-1,-1,-1.0,-1.0,-1.0,-1,-1.0,-1.0,-1.0,1,-1,-1,0,30,2,1,4,4,4,0.0,,,,,0,,,,,1,0.058122580193779104,0.23036895094621768,-0.17224637075243857
S033,2022-11-20,5,0,01:18,05:18,1,1,1,-1,-1,-1,-1,-1,-1.0,-1.0,-1.0,-1,-1.0,-1.0,-1.0,1,-1,-1,0,30,2,1,4,4,4,0.0,,,,,0,,,,,1,0.058122580193779104,0.23036895094621768,-0.17224637075243857
S040,2022-09-10,9,0,01:00,09:00,2,2,1,-1,-1,-1,-1,-1,-1.0,-1.0,-1.0,-1,-1.0,-1.0,-1.0,1,-1,-1,0,30,4,3,1,4,3,1.0,7482.428571428572,93.3590156949541,420.0,76.66666666666667,3,2.3873551230312158,1.5487400974882914,0.8951115335197607,1.4837041418780077,4,1.7820035763533824,1.0787912767395484,0.7032122996138339
S040,2022-09-17,7,0,02:00,09:30,2,2,2,자전거,3,1,-1,0,,,,0,,,,1,-1,-1,1,30,4,3,1,4,4,1.0,8690.57142857143,93.80446180453472,415.0,74.5,4,0.0994731301263002,1.0233298452934456,0.8980121996788929,2.9599162055305897,4,2.1253064945017606,1.0787912767395484,1.0465152177622121
S040,2022-09-24,8,0,02:00,21:30,2,2,2,자전거,4,1,-1,0,,,,0,,,,2,2,40,1,30,4,2,2,4,4,1.0,7081.428571428572,95.9454819271008,292.0,65.5,2,3.740189692748904,1.1591435099774474,,,3,1.2702196690194563,1.0787912767395484,0.19142839227990782
S040,2022-10-02,8,0,02:00,09:00,2,3,2,경보,3,1,-1,0,,,,0,,,,2,2,30,0,30,4,2,2,3,4,1.0,11804.285714285714,91.37428058243472,412.0,76.0,2,1.3528345697176891,2.449613446882276,1.0735579290066513,2.5079493283721037,3,1.2702196690194563,1.0787912767395484,0.19142839227990782
S040,2022-10-08,8,0,02:00,08:40,2,2,1,-1,-1,-1,-1,-1,-1.0,-1.0,-1.0,-1,-1.0,-1.0,-1.0,1,-1,-1,1,0,4,2,2,3,2,1.0,9095.42857142857,85.098459768092,391.0,78.0,3,1.7706217162481517,1.8720694834543483,0.512593834432253,1.4528183981276963,3,0.5836138327227002,1.0787912767395484,-0.49517744401684827
S040,2022-10-15,8,0,03:00,08:43,2,2,1,-1,-1,-1,-1,-1,-1.0,-1.0,-1.0,-1,-1.0,-1.0,-1.0,1,-1,-1,1,0,4,2,2,3,2,1.0,9671.57142857143,80.43929984563454,331.6,75.0,5,2.952362502148602,1.1445783650307175,0.2159584855533416,0.5795081300314324,3,0.5836138327227002,1.0787912767395484,-0.49517744401684827
S040,2022-10-22,5,0,15:00,10:00,2,2,1,-1,-1,-1,-1,-1,-1.0,-1.0,-1.0,-1,-1.0,-1.0,-1.0,1,-1,-1,1,0,4,2,3,3,3,1.0,8970.142857142857,85.42767721537307,394.75,76.75,4,1.885015815893397,1.568948184111169,,,2,0.5699064875277053,1.0787912767395484,-0.5088847892118431
S040,2022-10-30,8,0,02:10,09:25,2,2,2,기타,2,2,-1,0,,,,0,,,,1,-1,-1,1,0,4,2,2,2,2,1.0,9709.0,92.46982805841546,387.5,76.5,4,1.840252907336562,1.508323924242533,0.170690779882228,0.4536503344205004,3,0.5836138327227002,1.0787912767395484,-0.49517744401684827
S040,2022-11-12,6,0,02:00,08:30,2,2,2,기타,1,2,-1,0,,,,0,,,,1,-1,-1,1,0,4,2,1,4,2,1.0,10744.857142857143,94.90726931289797,386.0,73.66666666666667,3,0.5172602766567637,0.8212489790646604,0.2357872150900506,0.6456723590330643,4,0.9406240960660731,1.0787912767395484,-0.13816718067347533
S041,2022-09-10,6,0,01:00,08:25,1,1,1,-1,-1,-1,-1,-1,-1.0,-1.0,-1.0,-1,-1.0,-1.0,-1.0,1,-1,-1,2,0,2,1,4,2,2,0.7142857142857143,9207.8,85.84459593961103,366.0,79.66666666666667,3,0.1193677561515603,0.1511551311578937,0.6673468207338643,0.1992720607955735,1,-0.628483256102977,-0.07434202642166042,-0.5541412296813165
S041,2022-09-21,6,0,02:13,08:13,1,1,1,-1,-1,-1,-1,-1,-1.0,-1.0,-1.0,-1,-1.0,-1.0,-1.0,1,-1,-1,3,0,6,1,3,3,1,1.0,10392.0,85.66723626157224,301.75,73.75,4,1.1588619659714023,1.283619019066491,0.1837802109716145,0.105441342316796,2,-0.614775910907982,-0.07434202642166042,-0.5404338844863216
S041,2022-09-24,6,0,02:06,08:06,2,1,1,-1,-1,-1,-1,-1,-1.0,-1.0,-1.0,-1,-1.0,-1.0,-1.0,2,1,20,1,0,4,2,4,4,2,1.0,10715.57142857143,85.7683442175748,319.7142857142857,75.0,7,0.8014692198747655,0.0820403226537032,0.2644206104446975,0.3341782564467913,1,-0.13040669396404558,-0.07434202642166042,-0.05606466754238516
S041,2022-10-01,5,49,02:00,08:00,2,1,1,-1,-1,-1,-1,-1,-1.0,-1.0,-1.0,-1,-1.0,-1.0,-1.0,2,1,60,0,30,4,1,3,4,1,1.0,12892.857142857143,84.58851195760168,379.3333333333333,81.16666666666667,6,0.6034703227662238,1.5774387327467236,0.7245819194571278,0.0902028408877487,2,-0.614775910907982,-0.07434202642166042,-0.5404338844863216
S041,2022-10-08,5,2,02:24,09:03,2,1,1,-1,-1,-1,-1,-1,-1.0,-1.0,-1.0,-1,-1.0,-1.0,-1.0,1,-1,-1,2,0,4,1,4,2,2,1.0,5458.285714285715,77.18476217528432,301.5,81.0,2,0.0099473130126295,1.5370225595009652,0.1015527770681967,1.2240162251099342,1,-0.628483256102977,-0.07434202642166042,-0.5541412296813165
S041,2022-10-15,5,10,02:16,08:16,2,1,1,-1,-1,-1,-1,-1,-1.0,-1.0,-1.0,-1,-1.0,-1.0,-1.0,1,-1,-1,1,0,4,1,3,3,1,1.0,7999.571428571428,82.32557764740808,299.5,75.5,2,0.2088935732652322,0.203288842390975,1.2984247925148011,1.0100273745662414,2,-0.614775910907982,-0.07434202642166042,-0.5404338844863216
S041,2022-10-22,6,40,02:00,08:00,1,1,1,-1,-1,-1,-1,-1,-1.0,-1.0,-1.0,-1,-1.0,-1.0,-1.0,1,-1,-1,4,0,4,1,4,3,1,1.0,9739.714285714286,85.85615949370958,303.6,75.8,5,1.917841948835076,0.786500088143677,2.2637820330732703,2.285041850589632,1,-0.9717861742513549,-0.07434202642166042,-0.8974441478296945
S041,2022-10-29,6,53,02:00,09:00,1,1,2,기타,3,2,-1,0,,,,0,,,,1,-1,-1,2,0,4,1,4,3,1,1.0,9992.0,85.88873738127133,381.2857142857143,79.0,7,0.6309438539439639,0.0105095618251366,0.4527717069814199,0.7614615661127826,1,-0.9717861742513549,-0.07434202642166042,-0.8974441478296945
S041,2022-11-06,4,0,04:00,08:34,1,1,1,-1,-1,-1,-1,-1,-1.0,-1.0,-1.0,-1,-1.0,-1.0,-1.0,1,-1,-1,2,0,4,3,2,2,1,1.0,6818.857142857143,83.08586311841472,397.0,77.0,1,3.1234562859658395,0.4955036407742239,1.537799195604122,1.3352904273926556,3,0.7383874767132536,-0.07434202642166042,0.812729503134914
S041,2022-11-13,5,45,02:05,08:05,1,1,2,기타,3,2,-1,0,,,,0,,,,1,-1,-1,0,30,4,1,3,3,1,1.0,11836.142857142857,87.66885638033172,414.0,80.75,4,1.3727291957429493,0.4138602572553148,0.0545177625068921,1.6121831569153735,2,-0.614775910907982,-0.07434202642166042,-0.5404338844863216
S041,2022-11-19,6,5,03:12,10:07,1,1,1,-1,-1,-1,-1,-1,-1.0,-1.0,-1.0,-1,-1.0,-1.0,-1.0,1,-1,-1,3,0,12,3,2,3,1,1.0,9276.857142857143,82.96514331380857,377.6,79.8,5,0.2506722879182786,0.1834880697544976,0.0313831022447547,0.2112409808204204,3,0.7383874767132536,-0.07434202642166042,0.812729503134914
S041,2022-11-27,5,18,03:04,08:49,1,1,1,-1,-1,-1,-1,-1,-1.0,-1.0,-1.0,-1,-1.0,-1.0,-1.0,1,-1,-1,4,50,12,3,1,3,1,1.0,8379.714285714286,85.62792253012212,323.0,78.33333333333333,6,0.0994731301263013,0.1721742548081668,0.2737061222932581,0.6222787571502595,4,1.0953977400566266,-0.07434202642166042,1.169739766478287
S041,2022-12-03,5,50,03:44,09:38,2,1,1,-1,-1,-1,-1,-1,-1.0,-1.0,-1.0,-1,-1.0,-1.0,-1.0,1,-1,-1,4,0,12,3,2,3,1,1.0,9056.285714285714,89.49449875014167,378.5,81.16666666666667,6,0.5669968417199143,1.5774387327467236,0.0192739950470021,1.0873977067535985,3,0.7383874767132536,-0.07434202642166042,0.812729503134914
S041,2022-12-10,5,55,03:37,09:13,1,1,1,-1,-1,-1,-1,-1,-1.0,-1.0,-1.0,-1,-1.0,-1.0,-1.0,1,-1,-1,5,0,13,3,1,3,2,1.0,6668.571428571428,88.02165097518821,360.8,81.0,5,0.1153888309465087,0.4744845171239508,0.2999300272692885,0.7905744480445541,4,1.4387006582050044,-0.07434202642166042,1.5130426846266647
S042,2022-09-10,6,0,03:00,09:00,1,1,1,-1,-1,-1,-1,-1,-1.0,-1.0,-1.0,-1,-1.0,-1.0,-1.0,1,-1,-1,1,0,50,1,4,2,2,0.7142857142857143,6754.8,87.0096548671906,,,0,,,,,1,-0.628483256102977,-0.26259566184423766,-0.3658875942587393
S042,2022-09-17,8,0,03:00,09:00,1,2,1,-1,-1,-1,-1,-1,-1.0,-1.0,-1.0,-1,-1.0,-1.0,-1.0,1,-1,-1,1,0,50,1,4,2,1,1.0,5347.285714285715,91.8448604300113,338.0,69.5,2,2.825036895586938,1.251693394456287,1.05905038942548,0.4450968091308832,1,-0.9717861742513549,-0.26259566184423766,-0.7091905124071173
S042,2022-09-24,5,0,02:00,08:00,1,1,1,-1,-1,-1,-1,-1,-1.0,-1.0,-1.0,-1,-1.0,-1.0,-1.0,1,-1,-1,1,0,50,1,4,4,4,1.0,9398.42857142857,92.91570429272323,369.0,71.75,4,1.3727291957429493,1.768613098015578,0.1232129266903761,1.070900044902408,1,0.058122580193779104,-0.26259566184423766,0.32071824203801674
S042,2022-10-01,8,0,02:00,08:30,1,2,1,-1,-1,-1,-1,-1,-1.0,-1.0,-1.0,-1,-1.0,-1.0,-1.0,2,2,60,0,30,50,1,3,4,2,1.0,10461.42857142857,91.49879721771973,351.8,67.6,5,2.5504910564383483,1.7124377694579214,0.4443112800854849,0.0289328791539685,2,-0.271472992759604,-0.26259566184423766,-0.008877330915366355
S042,2022-10-08,6,0,03:00,09:00,1,2,1,-1,-1,-1,-1,-1,-1.0,-1.0,-1.0,-1,-1.0,-1.0,-1.0,1,-1,-1,0,45,50,1,4,4,1,1.0,5040.571428571428,80.2077507440102,307.3333333333333,69.0,3,1.0477836373303673,1.3729419141935588,0.6269308906151405,0.6886435594905214,1,-0.9717861742513549,-0.26259566184423766,-0.7091905124071173
S042,2022-10-15,5,0,06:00,10:00,1,1,1,-1,-1,-1,-1,-1,-1.0,-1.0,-1.0,-1,-1.0,-1.0,-1.0,1,-1,-1,1,0,50,2,2,3,2,1.0,8411.42857142857,84.75482833146961,338.8333333333333,67.83333333333333,6,0.7725746439809349,2.718393169290876,2.0650847497024163,0.417200509269818,3,0.5836138327227002,-0.26259566184423766,0.8462094945669378
S042,2022-10-22,6,0,06:00,10:00,1,1,1,-1,-1,-1,-1,-1,-1.0,-1.0,-1.0,-1,-1.0,-1.0,-1.0,2,3,30,1,30,50,2,2,4,2,1.0,10184.42857142857,89.37693602323195,347.6666666666667,66.66666666666667,6,0.2453670543115407,3.001306382011174,0.2984184899572759,5.508952907645562,3,0.5836138327227002,-0.26259566184423766,0.8462094945669378
S042,2022-10-29,8,0,03:00,09:00,1,2,2,헬스,3,0,-1,0,,,,0,,,,1,-1,-1,1,0,50,1,3,3,2,0.4285714285714285,8936.333333333334,90.21968110926028,450.3333333333333,77.66666666666667,3,0.5902072387493839,0.7286990945858207,0.5696720274903455,2.010475111004043,2,-0.271472992759604,-0.26259566184423766,-0.008877330915366355
S042,2022-11-05,8,0,01:00,09:00,1,1,1,-1,-1,-1,-1,-1,-1.0,-1.0,-1.0,-1,-1.0,-1.0,-1.0,1,-1,-1,1,0,50,2,4,2,1,0.0,,,,,0,,,,,1,-0.4737096121124236,-0.26259566184423766,-0.2111139502681859
S049,2022-10-08,4,0,03:01,21:01,3,4,1,-1,-1,-1,-1,-1,-1.0,-1.0,-1.0,-1,-1.0,-1.0,-1.0,1,-1,-1,0,30,4,2,3,3,2,0.0,,,,,0,,,,,2,0.22660356937932732,0.8441602983470112,-0.6175567289676839
S049,2022-10-16,6,0,00:00,20:00,2,3,2,헬스,3,1,-1,0,,,,0,,,,2,1,20,0,15,4,2,3,2,3,0.0,,,,,0,,,,,2,0.5699064875277053,0.8441602983470112,-0.2742538108193059
S049,2022-10-31,6,0,01:00,20:00,2,3,1,-1,-1,-1,-1,-1,-1.0,-1.0,-1.0,-1,-1.0,-1.0,-1.0,1,-1,-1,0,15,4,3,1,3,2,0.0,,,,,0,,,,,4,1.4387006582050044,0.8441602983470112,0.5945403598579931
S049,2022-11-02,6,0,02:00,20:03,2,3,1,-1,-1,-1,-1,-1,-1.0,-1.0,-1.0,-1,-1.0,-1.0,-1.0,1,-1,-1,0,30,4,3,1,3,2,0.0,,,,,0,,,,,4,1.4387006582050044,0.8441602983470112,0.5945403598579931
S049,2022-11-07,5,0,01:30,21:30,3,4,1,-1,-1,-1,-1,-1,-1.0,-1.0,-1.0,-1,-1.0,-1.0,-1.0,2,1,20,1,15,4,3,1,3,2,0.0,,,,,0,,,,,4,1.4387006582050044,0.8441602983470112,0.5945403598579931
S049,2022-11-14,8,0,23:00,10:00,2,2,1,-1,-1,-1,-1,-1,-1.0,-1.0,-1.0,-1,-1.0,-1.0,-1.0,1,-1,-1,0,15,4,2,3,3,3,0.0,,,,,0,,,,,2,0.5699064875277053,0.8441602983470112,-0.2742538108193059
S049,2022-11-19,7,0,12:00,07:00,2,2,1,-1,-1,-1,-1,-1,-1.0,-1.0,-1.0,-1,-1.0,-1.0,-1.0,1,-1,-1,0,10,4,2,3,2,2,0.0,,,,,0,,,,,2,0.22660356937932732,0.8441602983470112,-0.6175567289676839
S069,2022-10-08,4,50,03:00,09:00,2,1,2,달리기,1,0,-1,0,,,,0,,,,1,-1,-1,0,30,15,1,3,2,2,0.5714285714285714,6668.0,74.35613570136154,347.0,80.5,2,1.1339936834398274,1.415774039763693,0.8341835259173304,0.5135732413048675,2,-0.271472992759604,-0.4196134020345333,0.14814040927492927
S069,2022-10-18,5,47,15:00,21:30,2,1,2,달리기,1,0,-1,0,,,,0,,,,1,-1,-1,0,30,14,2,2,2,2,1.0,5229.714285714285,74.03407353905423,325.42857142857144,73.57142857142857,7,0.4291555042591823,0.2643840194527882,10.070651337326476,11.69414272799198,3,0.5836138327227002,-0.4196134020345333,1.0032272347572335
S069,2022-10-23,5,42,02:00,09:00,1,2,1,-1,-1,-1,-1,-1,-1.0,-1.0,-1.0,-1,-1.0,-1.0,-1.0,1,-1,-1,0,30,14,1,4,1,1,1.0,5106.571428571428,72.07091609362854,328.2857142857143,75.14285714285714,7,0.2728405854892818,0.1166827568643513,0.4379609293481203,0.1703262399905017,1,-0.9717861742513549,-0.4196134020345333,-0.5521727722168217
S069,2022-10-31,5,50,02:00,08:30,2,1,1,-1,-1,-1,-1,-1,-1.0,-1.0,-1.0,-1,-1.0,-1.0,-1.0,1,-1,-1,0,30,14,1,4,2,1,1.0,7261.428571428572,76.15264625314228,347.57142857142856,76.85714285714286,7,0.0483155203470601,0.5323919673921425,0.3687280065195779,0.5102723259002395,1,-0.9717861742513549,-0.4196134020345333,-0.5521727722168217
S069,2022-11-06,6,21,02:30,10:00,1,1,1,-1,-1,-1,-1,-1,-1.0,-1.0,-1.0,-1,-1.0,-1.0,-1.0,1,-1,-1,0,40,21,1,3,1,1,1.0,7363.428571428572,74.69473614329887,368.4285714285714,79.0,7,0.2501038700318417,0.0105095618251366,0.2879935479074544,0.2156809186261054,2,-0.614775910907982,-0.4196134020345333,-0.19516250887344871
S069,2022-11-15,6,31,02:30,08:03,1,1,1,-1,-1,-1,-1,-1,-1.0,-1.0,-1.0,-1,-1.0,-1.0,-1.0,1,-1,-1,0,30,15,1,3,1,2,1.0,5488.428571428572,75.08019238809524,350.57142857142856,77.57142857142857,7,0.8043113093069455,0.356933903931628,0.2936725008800445,1.4571074624537477,2,-0.271472992759604,-0.4196134020345333,0.14814040927492927
S071,2022-10-09,8,0,01:36,08:30,1,1,1,-1,-1,-1,-1,-1,-1.0,-1.0,-1.0,-1,-1.0,-1.0,-1.0,1,-1,-1,0,30,6,1,3,3,3,1.0,5104.857142857143,81.4182670555665,377.0,78.25,4,2.0491464806017934,0.1923823414310443,0.9604133714570828,0.4431190862632505,2,0.07182992538877397,0.07639904045377229,-0.004569115064998311
S071,2022-10-16,8,0,02:00,08:30,1,1,1,-1,-1,-1,-1,-1,-1.0,-1.0,-1.0,-1,-1.0,-1.0,-1.0,1,-1,-1,0,30,6,1,2,3,3,1.0,4054.571428571429,81.69947411236421,372.1428571428572,75.85714285714286,7,2.1457775212959125,0.7726431144594157,0.0018415243663675,0.7651472360852342,3,0.4288401887321469,0.07639904045377229,0.35244114827837464
S071,2022-10-22,8,0,14:40,20:00,1,1,1,-1,-1,-1,-1,-1,-1.0,-1.0,-1.0,-1,-1.0,-1.0,-1.0,1,-1,-1,0,30,6,1,3,2,2,1.0,4021.714285714286,83.86728241794572,334.3333333333333,74.16666666666667,6,2.897983857679559,1.1825785859520963,9.569598529200004,10.0575624669182,2,-0.271472992759604,0.07639904045377229,-0.3478720332133763
S119,2022-07-16,8,0,03:00,11:00,2,1,1,-1,-1,-1,-1,-1,-1.0,-1.0,-1.0,-1,-1.0,-1.0,-1.0,1,-1,-1,3,0,1,1,3,2,1,0.7142857142857143,6319.4,73.8597767648225,290.3333333333333,72.66666666666667,3,3.773347402791005,0.4837861027868975,0.5511117187333475,1.5142610096422462,2,-0.614775910907982,-0.27010225824010453,-0.3446736526678775
S119,2022-07-23,7,0,03:20,11:00,2,1,1,-1,-1,-1,-1,-1,-1.0,-1.0,-1.0,-1,-1.0,-1.0,-1.0,1,-1,-1,3,0,1,1,2,4,2,1.0,3595.8571428571427,76.89825427965036,421.6666666666667,79.16666666666667,6,0.0331577100421,1.0924446537976362,0.3986409841943028,0.993473522121928,3,0.08553727058376888,-0.27010225824010453,0.3556395288238734
S119,2022-07-30,7,30,03:00,10:00,1,1,1,-1,-1,-1,-1,-1,-1.0,-1.0,-1.0,-1,-1.0,-1.0,-1.0,1,-1,-1,3,0,1,1,3,2,2,1.0,3556.714285714286,78.25930945068579,409.7142857142857,76.85714285714286,7,0.8014692198747655,0.5301460749848721,0.0789256957261682,0.8225535261978665,2,-0.271472992759604,-0.27010225824010453,-0.0013707345194994836
S119,2022-08-06,8,0,04:20,13:00,2,1,1,-1,-1,-1,-1,-1,-1.0,-1.0,-1.0,-1,-1.0,-1.0,-1.0,1,-1,-1,3,0,1,1,3,2,2,1.0,1323.857142857143,70.4556587169064,448.5,84.66666666666667,6,0.6266807197956945,2.4261783709076266,0.615970125051721,0.4482385479842685,2,-0.271472992759604,-0.27010225824010453,-0.0013707345194994836
S119,2022-08-14,7,20,05:00,13:00,3,1,1,-1,-1,-1,-1,-1,-1.0,-1.0,-1.0,-1,-1.0,-1.0,-1.0,1,-1,-1,2,0,1,1,3,3,2,1.0,2566.0,69.3094600073911,435.8333333333333,80.66666666666667,6,0.0828942751052507,2.518728255386466,0.1596077061594067,0.0224098142806163,2,-0.271472992759604,-0.27010225824010453,-0.0013707345194994836
S119,2022-08-20,6,0,07:45,13:45,3,1,1,-1,-1,-1,-1,-1,-1.0,-1.0,-1.0,-1,-1.0,-1.0,-1.0,1,-1,-1,3,0,1,1,3,3,2,1.0,1589.571428571429,68.59941455520918,401.0,81.5,6,0.8156796670356655,2.7208091216152512,0.0197239501199969,1.43217338818647,2,-0.271472992759604,-0.27010225824010453,-0.0013707345194994836
S119,2022-08-27,8,0,02:00,10:00,1,1,1,-1,-1,-1,-1,-1,-1.0,-1.0,-1.0,-1,-1.0,-1.0,-1.0,1,-1,-1,4,0,3,1,3,2,2,1.0,9798.857142857143,78.89215374267869,429.4,75.0,5,1.0066680768781628,0.9804977197233112,0.9044466472990956,1.6193927714372802,2,-0.271472992759604,-0.27010225824010453,-0.0013707345194994836
S119,2022-09-03,8,0,01:20,08:40,1,1,1,-1,-1,-1,-1,-1,-1.0,-1.0,-1.0,-1,-1.0,-1.0,-1.0,1,-1,-1,3,0,2,1,3,2,2,1.0,4252.857142857143,78.5977313256781,399.2857142857143,72.42857142857143,7,1.6057805291817109,1.6040615355149943,1.9716643107164435,2.863774974073299,2,-0.271472992759604,-0.27010225824010453,-0.0013707345194994836
S119,2022-09-10,8,0,01:00,09:00,1,1,1,-1,-1,-1,-1,-1,-1.0,-1.0,-1.0,-1,-1.0,-1.0,-1.0,1,-1,-1,3,0,3,1,3,2,2,1.0,3354.285714285714,76.65887031350589,489.0,84.0,6,0.1790516342273415,1.2019756355475817,2.036129297881726,3.531660330230638,2,-0.271472992759604,-0.27010225824010453,-0.0013707345194994836
S119,2022-09-18,8,0,01:30,09:00,1,1,1,-1,-1,-1,-1,-1,-1.0,-1.0,-1.0,-1,-1.0,-1.0,-1.0,1,-1,-1,3,0,3,1,3,2,2,0.4285714285714285,1099.6666666666667,69.27046981454092,526.6666666666666,85.0,3,0.9284158811788048,1.444472675022125,0.1015085433127531,2.1758255253137717,2,-0.271472992759604,-0.27010225824010453,-0.0013707345194994836
S503,2022-09-17,8,0,03:30,11:30,1,1,1,-1,-1,-1,-1,-1,-1.0,-1.0,-1.0,-1,-1.0,-1.0,-1.0,1,-1,-1,0,10,1,1,4,1,1,0.5714285714285714,17.5,84.97969009698363,,,0,,,,,1,-0.9717861742513549,-0.6944023706936535,-0.2773838035577014
S503,2022-09-24,8,0,03:30,11:30,1,1,1,-1,-1,-1,-1,-1,-1.0,-1.0,-1.0,-1,-1.0,-1.0,-1.0,1,-1,-1,0,0,1,1,4,1,2,0.4285714285714285,1170.6666666666667,101.16560726472775,,,0,,,,,1,-0.628483256102977,-0.6944023706936535,0.06591911459067656
S503,2022-10-02,8,0,03:30,11:30,1,1,1,-1,-1,-1,-1,-1,-1.0,-1.0,-1.0,-1,-1.0,-1.0,-1.0,1,-1,-1,0,0,1,1,4,1,2,0.0,,,,,0,,,,,1,-0.628483256102977,-0.6944023706936535,0.06591911459067656
S503,2022-10-08,8,0,03:30,11:30,1,1,1,-1,-1,-1,-1,-1,-1.0,-1.0,-1.0,-1,-1.0,-1.0,-1.0,1,-1,-1,0,0,1,1,3,1,1,0.0,,,,,0,,,,,2,-0.614775910907982,-0.6944023706936535,0.07962645978567151
S503,2022-10-15,8,30,03:30,11:30,1,1,1,-1,-1,-1,-1,-1,-1.0,-1.0,-1.0,-1,-1.0,-1.0,-1.0,1,-1,-1,0,0,1,1,4,1,2,0.0,,,,,0,,,,,1,-0.628483256102977,-0.6944023706936535,0.06591911459067656
S504,2022-09-17,9,00,13:38,21:00,1,1,1,-1,-1,-1,-1,-1,-1.0,-1.0,-1.0,-1,-1.0,-1.0,-1.0,1,-1,-1,3,0,3,1,4,4,1,1.0,4752.142857142857,73.74007002782727,355.2,72.6,5,3.676526889468072,1.5624906144622177,9.108095315685166,9.928637610528648,1,-0.9717861742513549,-0.8954966368850488,-0.07628953736630617
S504,2022-09-25,10,00,03:02,10:02,1,1,1,-1,-1,-1,-1,-1,-1.0,-1.0,-1.0,-1,-1.0,-1.0,-1.0,1,-1,-1,1,0,3,1,4,2,1,1.0,6364.428571428572,75.5846903567397,416.0,73.57142857142857,7,3.660611188647864,1.3269220618298028,2.169832509162988,1.446266949069582,1,-0.9717861742513549,-0.8954966368850488,-0.07628953736630617
S504,2022-10-02,10,00,10:22,10:22,1,1,1,-1,-1,-1,-1,-1,-1.0,-1.0,-1.0,-1,-1.0,-1.0,-1.0,1,-1,-1,2,0,3,1,4,3,1,1.0,6079.857142857143,75.71257308718944,387.6666666666667,73.33333333333333,6,4.224292259363567,1.3846594521808853,,,1,-0.9717861742513549,-0.8954966368850488,-0.07628953736630617
S504,2022-10-08,9,00,23:39,21:39,1,1,1,-1,-1,-1,-1,-1,-1.0,-1.0,-1.0,-1,-1.0,-1.0,-1.0,1,-1,-1,1,0,3,1,4,1,2,1.0,4035.571428571429,76.68213257319994,426.3333333333333,71.16666666666667,6,2.261355824871235,1.9100697043757275,,,1,-0.628483256102977,-0.8954966368850488,0.2670133807820718
S504,2022-10-16,9,00,01:54,10:54,1,1,1,-1,-1,-1,-1,-1,-1.0,-1.0,-1.0,-1,-1.0,-1.0,-1.0,1,-1,-1,2,0,3,1,4,2,1,1.0,6558.285714285715,76.53495304773502,389.1666666666667,75.0,6,3.000772758810069,0.9804977197233112,0.6344390402283738,0.5219066675664127,1,-0.9717861742513549,-0.8954966368850488,-0.07628953736630617
S504,2022-10-23,9,00,23:37,10:37,1,1,1,-1,-1,-1,-1,-1,-1.0,-1.0,-1.0,-1,-1.0,-1.0,-1.0,1,-1,-1,2,0,3,1,4,4,2,1.0,5343.285714285715,78.7898205093492,438.75,74.25,4,2.014330885057588,1.162370499329219,0.4296615223134978,2.731356976031534,1,-0.628483256102977,-0.8954966368850488,0.2670133807820718
S504,2022-10-29,11,0#,23:46,08:46,1,1,1,-1,-1,-1,-1,-1,-1.0,-1.0,-1.0,-1,-1.0,-1.0,-1.0,1,-1,-1,1,0,3,1,4,1,1,1.0,7958.428571428572,82.20242166795391,380.6,72.6,5,,1.5624906144622177,0.8247704375837681,0.7065044483030608,1,-0.9717861742513549,-0.8954966368850488,-0.07628953736630617
S504,2022-11-06,8,00,01:59,10:59,1,1,1,-1,-1,-1,-1,-1,-1.0,-1.0,-1.0,-1,-1.0,-1.0,-1.0,1,-1,-1,2,0,3,1,4,4,1,1.0,6409.142857142857,74.86969430851754,462.2857142857143,76.85714285714286,7,0.3524190895903221,0.5301460749848721,1.850110920868548,1.5427764167701552,1,-0.9717861742513549,-0.8954966368850488,-0.07628953736630617
S504,2022-11-13,9,00,00:48,08:48,1,1,1,-1,-1,-1,-1,-1,-1.0,-1.0,-1.0,-1,-1.0,-1.0,-1.0,1,-1,-1,2,0,3,1,4,4,1,1.0,7294.428571428572,77.79942369043594,388.8,74.2,5,3.0080674550193307,1.1744953513029457,0.1290656860664722,0.5866964645263215,1,-0.9717861742513549,-0.8954966368850488,-0.07628953736630617
S505,2022-09-17,6,30,12:30,19:00,2,1,1,-1,-1,-1,-1,-1,-1.0,-1.0,-1.0,-1,-1.0,-1.0,-1.0,1,-1,-1,0,30,3,1,3,2,2,0.2857142857142857,5058.0,88.66171960078222,432.0,86.0,1,0.8355742930609256,2.749507756873683,9.63300628189752,11.6238743615335,2,-0.271472992759604,-0.34309227124600244,0.07161927848639843
S505,2022-10-03,4,0,01:27,17:57,1,3,1,-1,-1,-1,-1,-1,-1.0,-1.0,-1.0,-1,-1.0,-1.0,-1.0,1,-1,-1,0,30,6,2,2,3,3,1.0,9464.0,92.5024280948706,362.8333333333333,75.83333333333333,6,2.443723230102785,1.3466592312595027,,,3,0.9269167508710782,-0.34309227124600244,1.2700090221170806
S505,2022-10-08,6,0,01:00,18:30,1,3,1,-1,-1,-1,-1,-1,-1.0,-1.0,-1.0,-1,-1.0,-1.0,-1.0,1,-1,-1,0,20,4,1,3,1,3,1.0,4443.857142857143,85.44672915279612,392.6,79.0,5,0.6485648084234809,2.114566522928892,,,2,0.07182992538877397,-0.34309227124600244,0.4149221966347764
S505,2022-10-17,6,30,12:00,07:00,1,4,1,-1,-1,-1,-1,-1,-1.0,-1.0,-1.0,-1,-1.0,-1.0,-1.0,1,-1,-1,0,30,6,1,4,1,2,1.0,5898.0,87.30085747856795,367.7142857142857,75.57142857142857,7,0.4433659514200823,2.345686144250328,,,1,-0.628483256102977,-0.34309227124600244,-0.2853909848569745
S505,2022-10-22,6,11,23:01,18:01,1,2,1,-1,-1,-1,-1,-1,-1.0,-1.0,-1.0,-1,-1.0,-1.0,-1.0,1,-1,-1,0,30,5,1,4,1,2,1.0,6085.285714285715,88.75089172004796,362.8571428571428,74.14285714285714,7,0.1619990976342626,0.1258142826101923,,,1,-0.628483256102977,-0.34309227124600244,-0.2853909848569745
S505,2022-10-31,6,11,22:00,18:30,1,1,1,-1,-1,-1,-1,-1,-1.0,-1.0,-1.0,-1,-1.0,-1.0,-1.0,1,-1,-1,0,20,4,1,3,1,1,1.0,7256.142857142857,88.61195067975943,374.1428571428572,78.71428571428571,7,0.0625259675079612,0.0797944302464362,,,2,-0.614775910907982,-0.34309227124600244,-0.27168363966197956
S505,2022-11-08,6,19,23:00,17:37,1,2,1,-1,-1,-1,-1,-1,-1.0,-1.0,-1.0,-1,-1.0,-1.0,-1.0,1,-1,-1,0,20,3,1,4,2,2,1.0,6855.714285714285,90.34790443595324,345.0,75.28571428571429,7,0.6764172848588441,0.1513251910750028,,,1,-0.628483256102977,-0.34309227124600244,-0.2853909848569745
S505,2022-11-12,5,51,12:00,18:09,1,1,1,-1,-1,-1,-1,-1,-1.0,-1.0,-1.0,-1,-1.0,-1.0,-1.0,1,-1,-1,0,10,6,1,4,1,1,1.0,8735.714285714286,92.25242618506192,354.7142857142857,74.42857142857143,7,0.0738943252366812,1.1190674565659071,10.20896940997614,11.904118436573652,1,-0.9717861742513549,-0.34309227124600244,-0.6286939030053524
S507,2022-09-24,5,0,21:10,06:30,1,1,1,-1,-1,-1,-1,-1,-1.0,-1.0,-1.0,-1,-1.0,-1.0,-1.0,1,-1,-1,1,0,4,2,2,3,3,1.0,8616.285714285714,89.50815786198318,329.8,69.2,5,0.5928598555527522,2.386980548675664,,,3,0.9269167508710782,1.007679135883082,-0.08076238501200372
S507,2022-10-02,5,0,21:30,05:30,1,1,1,-1,-1,-1,-1,-1,-1.0,-1.0,-1.0,-1,-1.0,-1.0,-1.0,1,-1,-1,0,30,4,2,3,2,3,1.0,7614.428571428572,91.44885805367986,280.0,65.25,4,0.3978925205052022,3.344843854600112,1.813494232659565,0.2659498360812462,2,0.5699064875277053,1.007679135883082,-0.43777264835537655
S507,2022-10-09,6,0,21:30,04:30,1,1,1,-1,-1,-1,-1,-1,-1.0,-1.0,-1.0,-1,-1.0,-1.0,-1.0,1,-1,-1,0,30,3,2,3,3,3,1.0,7213.714285714285,87.7599748950158,266.0,65.2,5,1.870094846374452,3.3569687065738387,0.4970074038138652,0.5723451888124966,2,0.5699064875277053,1.007679135883082,-0.43777264835537655
S507,2022-10-16,6,0,21:30,05:30,1,1,1,-1,-1,-1,-1,-1,-1.0,-1.0,-1.0,-1,-1.0,-1.0,-1.0,1,-1,-1,0,30,3,2,3,3,3,1.0,8849.714285714286,90.62691259766368,268.4,66.8,5,1.8223477439138285,2.96897344341457,1.368586282081209,1.2865344807390997,2,0.5699064875277053,1.007679135883082,-0.43777264835537655
S507,2022-10-22,5,0,22:30,05:00,1,1,1,-1,-1,-1,-1,-1,-1.0,-1.0,-1.0,-1,-1.0,-1.0,-1.0,1,-1,-1,0,30,4,2,2,2,2,1.0,11869.714285714286,92.75160714768032,306.25,64.25,4,0.1243414126578761,3.587340894074656,1.1555226743644609,0.9545172395835472,3,0.5836138327227002,1.007679135883082,-0.4240653031603817
S507,2022-10-30,6,0,21:30,05:30,1,1,1,-1,-1,-1,-1,-1,-1.0,-1.0,-1.0,-1,-1.0,-1.0,-1.0,2,0,30,0,30,4,3,1,2,2,1.0,11841.714285714286,92.26717828226948,262.0,68.42857142857143,7,1.949673350475493,2.574049693413169,1.5066439441829391,1.1380526333520968,4,1.4387006582050044,1.007679135883082,0.4310215223219225
S507,2022-11-07,6,0,21:30,05:30,1,1,1,-1,-1,-1,-1,-1,-1.0,-1.0,-1.0,-1,-1.0,-1.0,-1.0,1,-1,-1,0,30,4,2,2,3,3,0.7142857142857143,8054.2,87.35853441379705,266.3333333333333,64.0,3,1.8634633043660327,3.647965153943292,1.9661419054145708,0.506012223958448,3,0.9269167508710782,1.007679135883082,-0.08076238501200372
S507,2022-11-12,5,0,21:30,05:11,1,1,1,-1,-1,-1,-1,-1,-1.0,-1.0,-1.0,-1,-1.0,-1.0,-1.0,1,-1,-1,0,30,2,2,2,3,3,0.4285714285714285,5356.666666666667,90.05274769939797,213.0,64.0,2,1.7308324641976314,3.647965153943292,0.783407137383232,2.833212381198521,3,0.9269167508710782,1.007679135883082,-0.08076238501200372
S507,2022-11-19,7,0,20:30,05:30,1,1,1,-1,-1,-1,-1,-1,-1.0,-1.0,-1.0,-1,-1.0,-1.0,-1.0,1,-1,-1,0,30,2,3,1,2,3,1.0,9854.857142857143,96.97106150842777,408.0,67.75,4,0.2387355123031217,2.738601255913753,0.6074139580023185,0.6207303783442119,4,1.7820035763533824,1.007679135883082,0.7743244404703005
S507,2022-11-26,6,0,21:01,05:10,1,1,1,-1,-1,-1,-1,-1,-1.0,-1.0,-1.0,-1,-1.0,-1.0,-1.0,2,5,30,0,30,2,3,1,3,3,1.0,11003.0,90.22776271371232,347.5,66.0,4,0.2486828253157512,3.1629710749942044,2.3587020331411743,1.4972983981255346,4,1.7820035763533824,1.007679135883082,0.7743244404703005
S605,2022-08-06,6,0,06:00,00:00,3,1,1,-1,-1,-1,-1,-1,-1.0,-1.0,-1.0,-1,-1.0,-1.0,-1.0,1,-1,-1,0,30,3,1,3,3,3,0.5714285714285714,1851.25,81.4207767385161,628.0,85.0,1,5.331759774769714,3.569548759776154,,,2,0.07182992538877397,-0.16020288506762909,0.23203281045640306
S605,2022-08-13,6,0,06:00,00:00,1,1,1,-1,-1,-1,-1,-1,-1.0,-1.0,-1.0,-1,-1.0,-1.0,-1.0,1,-1,-1,0,30,3,1,4,4,4,0.0,,,,,0,,,,,1,0.058122580193779104,-0.16020288506762909,0.2183254652614082
S605,2022-08-20,6,0,06:00,00:00,2,2,1,-1,-1,-1,-1,-1,-1.0,-1.0,-1.0,-1,-1.0,-1.0,-1.0,1,-1,-1,0,30,3,2,2,2,1,0.0,,,,,0,,,,,3,0.24031091457432222,-0.16020288506762909,0.40051379964195133
S605,2022-08-28,6,0,06:00,12:00,2,2,1,-1,-1,-1,-1,-1,-1.0,-1.0,-1.0,-1,-1.0,-1.0,-1.0,1,-1,-1,0,30,6,1,2,2,2,0.0,,,,,0,,,,,3,0.08553727058376888,-0.16020288506762909,0.24574015565139795
S605,2022-09-03,6,0,06:00,00:00,1,1,1,-1,-1,-1,-1,-1,-1.0,-1.0,-1.0,-1,-1.0,-1.0,-1.0,1,-1,-1,0,30,3,1,3,2,2,0.0,,,,,0,,,,,2,-0.271472992759604,-0.16020288506762909,-0.11127010769197493
S605,2022-09-10,6,0,06:00,00:00,1,1,1,-1,-1,-1,-1,-1,-1.0,-1.0,-1.0,-1,-1.0,-1.0,-1.0,1,-1,-1,0,30,3,1,4,2,2,0.0,,,,,0,,,,,1,-0.628483256102977,-0.16020288506762909,-0.46828037103534786
S605,2022-09-17,6,0,12:00,06:00,2,2,1,-1,-1,-1,-1,-1,-1.0,-1.0,-1.0,-1,-1.0,-1.0,-1.0,1,-1,-1,0,30,3,1,4,4,4,0.1428571428571428,0.0,,,,0,,,,,1,0.058122580193779104,-0.16020288506762909,0.2183254652614082
S605,2022-09-26,6,0,12:00,06:00,1,1,1,-1,-1,-1,-1,-1,-1.0,-1.0,-1.0,-1,-1.0,-1.0,-1.0,1,-1,-1,0,30,3,1,2,2,2,0.0,,,,,0,,,,,3,0.08553727058376888,-0.16020288506762909,0.24574015565139795
S605,2022-10-04,6,0,12:00,06:00,1,1,1,-1,-1,-1,-1,-1,-1.0,-1.0,-1.0,-1,-1.0,-1.0,-1.0,1,-1,-1,0,30,3,1,2,2,2,0.0,,,,,0,,,,,3,0.08553727058376888,-0.16020288506762909,0.24574015565139795
S605,2022-10-10,6,0,12:00,06:00,1,1,1,-1,-1,-1,-1,-1,-1.0,-1.0,-1.0,-1,-1.0,-1.0,-1.0,1,-1,-1,0,30,3,2,2,2,2,0.0,,,,,0,,,,,3,0.5836138327227002,-0.16020288506762909,0.7438167177903292
S605,2022-10-28,6,0,06:00,00:00,1,1,1,-1,-1,-1,-1,-1,-1.0,-1.0,-1.0,-1,-1.0,-1.0,-1.0,1,-1,-1,0,30,3,1,4,1,1,0.0,,,,,0,,,,,1,-0.9717861742513549,-0.16020288506762909,-0.8115832891837258
S605,2022-10-31,6,0,06:00,00:00,1,1,1,-1,-1,-1,-1,-1,-1.0,-1.0,-1.0,-1,-1.0,-1.0,-1.0,1,-1,-1,0,30,3,1,2,2,2,0.0,,,,,0,,,,,3,0.08553727058376888,-0.16020288506762909,0.24574015565139795
S605,2022-11-02,6,0,12:00,06:00,1,1,1,-1,-1,-1,-1,-1,-1.0,-1.0,-1.0,-1,-1.0,-1.0,-1.0,1,-1,-1,0,30,3,1,4,4,1,0.0,,,,,0,,,,,1,-0.9717861742513549,-0.16020288506762909,-0.8115832891837258
S605,2022-11-11,6,0,06:00,00:00,1,1,1,-1,-1,-1,-1,-1,-1.0,-1.0,-1.0,-1,-1.0,-1.0,-1.0,1,-1,-1,0,30,3,1,4,4,4,0.0,,,,,0,,,,,1,0.058122580193779104,-0.16020288506762909,0.2183254652614082
S605,2022-11-22,6,0,12:00,06:00,1,1,1,-1,-1,-1,-1,-1,-1.0,-1.0,-1.0,-1,-1.0,-1.0,-1.0,1,-1,-1,0,30,6,1,4,1,1,0.0,,,,,0,,,,,1,-0.9717861742513549,-0.16020288506762909,-0.8115832891837258
S646,2022-09-04,8,0,22:13,06:13,2,1,1,-1,-1,-1,-1,-1,-1.0,-1.0,-1.0,-1,-1.0,-1.0,-1.0,1,-1,-1,0,30,3,1,3,3,2,1.0,6885.142857142857,68.00763644342128,411.6666666666667,77.16666666666667,6,1.3594661117261082,0.6074505748485489,0.1436974396869291,0.1728928209390324,2,-0.271472992759604,-0.3898625467559189,0.1183895539963149
S646,2022-09-09,7,0,22:29,06:06,1,1,2,헬스,1,0,-1,0,,,,0,,,,1,-1,-1,0,30,0,1,3,2,1,1.0,6976.428571428572,70.54218138042322,418.8333333333333,79.16666666666667,6,0.0232103970294705,0.0299066114206217,0.1383561273393771,0.3186258757100598,2,-0.614775910907982,-0.3898625467559189,-0.2249133641520631
S646,2022-09-16,6,30,23:30,18:00,4,2,2,헬스,2,0,-1,0,,,,0,,,,1,-1,-1,0,20,3,2,2,4,2,1.0,6305.714285714285,70.18510155308938,397.0,78.33333333333333,6,0.1392623821768204,4.077977914699891,,,3,0.5836138327227002,-0.3898625467559189,0.9734763794786191
S646,2022-09-23,8,0,22:00,06:09,1,1,2,헬스,2,0,-1,0,,,,0,,,,1,-1,-1,0,20,4,1,4,2,1,1.0,7621.714285714285,72.33691591392746,412.8571428571428,78.85714285714286,7,1.3357820331246102,0.0451519960357846,0.3108057095219262,0.1633771867819148,1,-0.9717861742513549,-0.3898625467559189,-0.581923627495436
S646,2022-10-03,8,0,22:00,06:00,1,1,1,-1,-1,-1,-1,-1,-1.0,-1.0,-1.0,-1,-1.0,-1.0,-1.0,1,-1,-1,0,20,4,1,4,1,2,1.0,6413.714285714285,67.90747061522828,393.8571428571428,78.57142857142857,7,1.7137799276045524,0.1144368644570843,0.3950954395076075,0.063875459413746,1,-0.628483256102977,-0.3898625467559189,-0.23862070934705804
S646,2022-10-07,8,0,22:01,06:00,2,1,2,헬스,1,0,-1,0,,,,0,,,,1,-1,-1,0,15,2,1,3,2,1,1.0,6292.428571428572,68.47743825867789,419.1428571428572,80.14285714285714,7,1.2107300981086866,1.3291679542370696,0.1920559297244099,0.354430234616759,2,-0.614775910907982,-0.3898625467559189,-0.2249133641520631
S646,2022-10-16,8,0,22:00,07:00,1,1,2,헬스,2,0,-1,0,,,,0,,,,1,-1,-1,0,20,2,1,3,1,1,1.0,6350.428571428572,71.9539196829713,405.57142857142856,78.57142857142857,7,1.4807285941657895,0.1144368644570843,1.0257454984211656,0.105096986623079,2,-0.614775910907982,-0.3898625467559189,-0.2249133641520631
S646,2022-10-24,8,30,22:00,06:30,1,1,2,기타,2,0,-1,0,,,,0,,,,1,-1,-1,0,20,4,1,4,1,1,1.0,7037.0,71.16108156240088,400.1666666666667,78.0,6,2.185093091774404,0.2530066012996802,0.3910033659306923,0.2798515466098915,1,-0.9717861742513549,-0.3898625467559189,-0.581923627495436
S646,2022-10-28,7,0,23:29,06:00,3,1,2,헬스,2,0,-1,0,,,,0,,,,1,-1,-1,0,20,2,1,3,3,2,1.0,7062.285714285715,70.06039842737776,393.2,78.0,5,0.5331759774769721,1.8720694834543483,0.6451836389062393,0.2531320971649731,2,-0.271472992759604,-0.3898625467559189,0.1183895539963149
S646,2022-11-06,7,0,22:30,06:01,2,1,2,헬스,2,0,-1,0,,,,0,,,,1,-1,-1,0,20,4,2,2,2,2,1.0,5809.285714285715,70.12332445665123,410.0,79.5,6,0.1989462602526016,1.1732770002891495,0.3506931475054785,0.039939419906682,3,0.5836138327227002,-0.3898625467559189,0.9734763794786191
S646,2022-11-16,8,0,22:06,18:10,1,1,2,기타,4,1,-1,0,,,,0,,,,1,-1,-1,0,15,4,1,4,1,1,1.0,6309.285714285715,67.07132329832882,433.2857142857143,79.71428571428571,7,0.929363244322866,0.1627026092281074,,,1,-0.9717861742513549,-0.3898625467559189,-0.581923627495436
S646,2022-11-20,6,0,23:30,18:11,4,1,2,기타,2,0,-1,0,,,,0,,,,1,-1,-1,0,20,4,1,2,3,2,1.0,5950.285714285715,65.82800426817728,421.1428571428572,79.14285714285714,7,1.21641427697305,3.211746999516554,,,3,0.08553727058376888,-0.3898625467559189,0.4753998173396878
S648,2022-09-03,5,30,01:30,07:00,2,2,1,-1,-1,-1,-1,-1,-1.0,-1.0,-1.0,-1,-1.0,-1.0,-1.0,1,-1,-1,1,0,10,1,3,2,2,1.0,594.1428571428571,81.5983288169135,290.25,61.5,4,0.7908113845040896,2.1291316678756216,9.907419996864173,12.019610687078607,2,-0.271472992759604,-0.5323770176696363,0.2609040249100323
S648,2022-09-12,8,0,02:10,10:10,1,1,2,등산,2,1,-1,0,,,,0,,,,1,-1,-1,0,30,6,1,3,2,1,0.5714285714285714,3190.5,98.67462239623468,,,0,,,,,2,-0.614775910907982,-0.5323770176696363,-0.0823988932383457
S648,2022-09-17,6,30,23:00,05:00,2,2,1,-1,-1,-1,-1,-1,-1.0,-1.0,-1.0,-1,-1.0,-1.0,-1.0,1,-1,-1,0,30,6,1,3,2,2,0.2857142857142857,462.5,86.14335359355255,,,0,,,,,2,-0.271472992759604,-0.5323770176696363,0.2609040249100323
S648,2022-09-26,5,0,02:30,07:30,1,1,1,-1,-1,-1,-1,-1,-1.0,-1.0,-1.0,-1,-1.0,-1.0,-1.0,1,-1,-1,0,30,7,1,4,1,1,0.0,,,,,0,,,,,1,-0.9717861742513549,-0.5323770176696363,-0.43940915658171864
S649,2022-09-10,6,0,04:00,10:00,3,1,1,-1,-1,-1,-1,-1,-1.0,-1.0,-1.0,-1,-1.0,-1.0,-1.0,1,-1,-1,1,0,2,2,2,3,2,1.0,3504.714285714286,75.14727328202405,379.3333333333333,78.66666666666667,3,0.3846294364883622,2.033734176437379,0.7595731088868426,0.3388898676399658,3,0.5836138327227002,0.49858072065776593,0.08503311206493425
S649,2022-09-17,8,0,02:00,10:00,3,1,1,-1,-1,-1,-1,-1,-1.0,-1.0,-1.0,-1,-1.0,-1.0,-1.0,2,1,20,1,0,3,2,2,4,4,1.0,5215.714285714285,76.31636567134053,427.3333333333333,80.66666666666667,6,1.0477836373303673,2.518728255386466,0.7751998565938846,1.0288352804503913,3,1.2702196690194563,0.49858072065776593,0.7716389483616903
S649,2022-10-01,7,0,02:00,10:30,2,1,1,-1,-1,-1,-1,-1,-1.0,-1.0,-1.0,-1,-1.0,-1.0,-1.0,1,-1,-1,0,20,2,2,2,3,2,1.0,6956.714285714285,76.66732514546491,375.8,73.6,5,0.8793424703164973,0.2574555326106593,0.0498831496089376,1.3223274641785567,3,0.5836138327227002,0.49858072065776593,0.08503311206493425
S649,2022-10-09,7,0,03:00,10:00,2,1,1,-1,-1,-1,-1,-1,-1.0,-1.0,-1.0,-1,-1.0,-1.0,-1.0,1,-1,-1,0,15,2,1,4,3,2,1.0,5381.857142857143,71.2342174046169,392.2857142857143,75.28571428571429,7,0.5513653498429237,0.1513251910750028,0.3617242104524908,0.9937906453362504,1,-0.628483256102977,0.49858072065776593,-1.1270639767607429
S649,2022-10-16,8,0,02:00,11:00,2,1,1,-1,-1,-1,-1,-1,-1.0,-1.0,-1.0,-1,-1.0,-1.0,-1.0,1,-1,-1,0,30,4,1,2,4,2,1.0,5277.571428571428,71.19826351020556,425.8571428571428,77.57142857142857,7,1.0771518947962284,0.7056041384453864,1.1375115558010114,0.7064890798543902,3,0.08553727058376888,0.49858072065776593,-0.41304345007399706
S649,2022-10-25,8,0,03:00,00:00,3,1,1,-1,-1,-1,-1,-1,-1.0,-1.0,-1.0,-1,-1.0,-1.0,-1.0,1,-1,-1,0,20,4,2,2,4,3,1.0,4332.0,71.8211075091147,360.75,79.0,4,2.37243415351227,2.114566522928892,,,3,0.9269167508710782,0.49858072065776593,0.42833603021331224
S649,2022-11-14,8,0,04:00,11:00,3,1,1,-1,-1,-1,-1,-1,-1.0,-1.0,-1.0,-1,-1.0,-1.0,-1.0,1,-1,-1,0,30,3,2,2,4,2,1.0,7810.857142857143,74.77418418936763,387.5,71.33333333333333,6,1.840252907336562,0.2554225536240562,3.7999615153459856,2.283647503482966,3,0.5836138327227002,0.49858072065776593,0.08503311206493425
S649,2022-11-16,8,0,03:30,11:00,3,1,1,-1,-1,-1,-1,-1,-1.0,-1.0,-1.0,-1,-1.0,-1.0,-1.0,1,-1,-1,0,30,4,2,2,3,2,1.0,7735.428571428572,74.13005832311873,359.42857142857144,72.57142857142857,7,2.398723480759936,0.5556569834496824,1.4497497156614971,0.8457459360913228,3,0.5836138327227002,0.49858072065776593,0.08503311206493425
S981,2022-09-17,6,0,02:00,08:00,2,1,2,헬스,2,1,-1,달리기,1.0,0.0,15.0,0,,,,2,1,15,1,20,3,1,3,3,2,0.2857142857142857,8210.0,107.16176821034858,,,0,,,,,2,-0.271472992759604,0.7671316030231806,-1.0386045957827847
S981,2022-09-25,5,59,02:00,08:05,1,1,1,-1,-1,-1,-1,-1,-1.0,-1.0,-1.0,-1,-1.0,-1.0,-1.0,1,-1,-1,1,30,15,1,3,3,2,1.0,14144.142857142857,120.75889109624096,384.6,70.2,5,0.5093024262466593,2.14448350920112,0.1631104058043285,1.2120736681590665,2,-0.271472992759604,0.7671316030231806,-1.0386045957827847
S981,2022-10-02,5,16,04:00,10:00,1,1,1,-1,-1,-1,-1,-1,-1.0,-1.0,-1.0,-1,-1.0,-1.0,-1.0,1,-1,-1,1,30,20,3,2,1,2,1.0,14303.714285714286,111.82471419620224,315.85714285714283,68.28571428571429,7,0.00284208943218,2.6086921276238173,0.3760119779300886,0.365164472832164,3,1.0816903948616314,0.7671316030231806,0.3145587918384508
S981,2022-10-09,4,36,03:30,09:00,1,1,1,-1,-1,-1,-1,-1,-1.0,-1.0,-1.0,-1,-1.0,-1.0,-1.0,1,-1,-1,0,32,24,3,2,4,3,1.0,15657.142857142857,107.01597017892938,253.8571428571429,63.71428571428572,7,0.4405238619879013,3.717250022364588,0.784569190909786,0.4474152265447627,3,1.4249933130100096,0.7671316030231806,0.657861709986829
S981,2022-10-15,3,31,04:00,08:00,1,1,1,-1,-1,-1,-1,-1,-1.0,-1.0,-1.0,-1,-1.0,-1.0,-1.0,1,-1,-1,1,8,17,2,2,4,3,1.0,14966.857142857143,105.689547718692,258.0,68.25,4,0.935047423187226,2.617352736176481,0.301121358575998,0.6009155969194568,3,0.9269167508710782,0.7671316030231806,0.15978514784789755
S981,2022-10-23,5,51,04:27,08:27,1,1,1,-1,-1,-1,-1,-1,-1.0,-1.0,-1.0,-1,-1.0,-1.0,-1.0,1,-1,-1,0,30,16,1,3,4,3,1.0,9187.857142857143,112.08618537012504,367.5,68.16666666666667,6,0.3282613294167925,2.6375608227993586,1.2497656177522307,1.6533455486563389,2,0.07182992538877397,0.7671316030231806,-0.6953016776344066
S981,2022-10-30,4,41,03:03,08:10,1,1,1,-1,-1,-1,-1,-1,-1.0,-1.0,-1.0,-1,-1.0,-1.0,-1.0,1,-1,-1,0,27,27,1,3,3,2,1.0,13307.42857142857,111.3270089996188,289.4,66.6,5,0.1671148586121847,3.0174728513094795,0.0563913317036776,0.4992978014451278,2,-0.271472992759604,0.7671316030231806,-1.0386045957827847
S981,2022-11-06,4,44,03:49,08:10,1,1,1,-1,-1,-1,-1,-1,-1.0,-1.0,-1.0,-1,-1.0,-1.0,-1.0,1,-1,-1,0,30,23,2,2,4,4,1.0,12798.285714285714,108.1466623557101,275.42857142857144,65.85714285714286,7,0.1705253659308005,3.1976135092048525,0.1797297129674443,0.7876647730149587,3,1.2702196690194563,0.7671316030231806,0.5030880659962756
S981,2022-11-15,3,5,05:48,08:10,1,1,1,-1,-1,-1,-1,-1,-1.0,-1.0,-1.0,-1,-1.0,-1.0,-1.0,1,-1,-1,1,57,23,3,2,4,3,1.0,18317.571428571428,117.02869228055464,222.3333333333333,60.0,3,0.7427327049430438,4.617953311841466,0.6917734230237967,1.0370973566210844,3,1.4249933130100096,0.7671316030231806,0.657861709986829
S981,2022-11-20,6,22,00:15,08:15,1,1,1,-1,-1,-1,-1,-1,-1.0,-1.0,-1.0,-1,-1.0,-1.0,-1.0,1,-1,-1,0,43,25,3,1,2,4,1.0,12806.57142857143,110.1145975369665,352.6666666666667,66.0,3,0.5835756967409628,3.1629710749942044,0.6764447431154238,1.459322097943364,4,2.1253064945017606,0.7671316030231806,1.3581748914785798
S981,2022-11-27,6,9,01:04,08:30,1,1,2,헬스,2,0,-1,0,,,,0,,,,1,-1,-1,0,42,23,2,2,3,3,1.0,12517.285714285714,102.12132789248028,362.8333333333333,68.83333333333333,6,0.1226835271557719,2.475896129816332,2.322479811554812,2.161256311788013,3,0.9269167508710782,0.7671316030231806,0.15978514784789755
S982,2022-09-18,7,0,03:30,09:30,1,1,1,-1,-1,-1,-1,-1,-1.0,-1.0,-1.0,-1,-1.0,-1.0,-1.0,1,-1,-1,1,0,4,1,4,1,1,0.4285714285714285,4346.333333333333,76.92026758461265,320.0,76.0,2,1.9894626025260127,0.7380006802487675,0.0507763885340983,0.119833756304469,1,-0.9717861742513549,-0.6463848765216252,-0.3254012977297297
S982,2022-09-24,6,5,03:40,09:30,1,1,1,-1,-1,-1,-1,-1,-1.0,-1.0,-1.0,-1,-1.0,-1.0,-1.0,1,-1,-1,1,30,5,1,4,2,1,1.0,5585.0,78.33281896784544,305.57142857142856,69.28571428571429,7,1.1823092037868876,2.366195088149273,0.2988660916145643,0.3092699443467483,1,-0.9717861742513549,-0.6463848765216252,-0.3254012977297297
S982,2022-10-01,5,51,04:20,08:50,1,1,1,-1,-1,-1,-1,-1,-1.0,-1.0,-1.0,-1,-1.0,-1.0,-1.0,1,-1,-1,1,0,4,1,4,2,1,1.0,4083.714285714286,76.05002045065628,333.5,71.5,6,0.3481559554420515,1.8292373578842145,0.1526843069144368,1.7707428598560837,1,-0.9717861742513549,-0.6463848765216252,-0.3254012977297297
S982,2022-10-09,5,26,04:40,08:00,1,1,1,-1,-1,-1,-1,-1,-1.0,-1.0,-1.0,-1,-1.0,-1.0,-1.0,1,-1,-1,0,30,4,1,4,1,1,1.0,5324.857142857143,83.52234900870096,290.8,65.6,5,0.7002908360891568,3.2599698907840238,0.9352673114320448,3.671022613446001,1,-0.9717861742513549,-0.6463848765216252,-0.3254012977297297
S982,2022-10-16,5,17,04:25,08:20,1,1,1,-1,-1,-1,-1,-1,-1.0,-1.0,-1.0,-1,-1.0,-1.0,-1.0,1,-1,-1,0,40,2,1,4,1,2,1.0,3515.1428571428573,77.35823784973931,357.0,74.0,5,0.7957850410104055,1.222994759197855,0.0171583351305324,3.121404844970584,1,-0.628483256102977,-0.6463848765216252,0.01790162041864829
S982,2022-10-25,3,40,06:15,09:10,1,1,1,-1,-1,-1,-1,-1,-1.0,-1.0,-1.0,-1,-1.0,-1.0,-1.0,1,-1,-1,0,30,8,2,3,1,4,1.0,4108.285714285715,79.12709145646014,417.3333333333333,77.66666666666667,3,3.9258728689846647,0.3338389477911936,1.327394140946896,3.613811321409056,2,0.9132094056760834,-0.6463848765216252,1.5595942821977087
S982,2022-10-30,5,50,04:00,08:50,1,1,1,-1,-1,-1,-1,-1,-1.0,-1.0,-1.0,-1,-1.0,-1.0,-1.0,1,-1,-1,0,40,7,1,3,2,2,1.0,5705.428571428572,82.355360030504,376.5,69.5,4,0.5272075896693942,2.314231436833301,0.3748379873352662,1.941408415760917,2,-0.271472992759604,-0.6463848765216252,0.3749118837620212
S982,2022-11-06,6,41,04:10,11:02,1,1,1,-1,-1,-1,-1,-1,-1.0,-1.0,-1.0,-1,-1.0,-1.0,-1.0,1,-1,-1,0,20,5,1,4,1,1,1.0,5692.428571428572,81.05682732318685,347.1428571428572,69.57142857142857,7,1.0714677159318653,2.296910219727977,0.2826967646683362,0.4332845495221,1,-0.9717861742513549,-0.6463848765216252,-0.3254012977297297
S982,2022-11-15,5,18,04:40,08:45,1,1,1,-1,-1,-1,-1,-1,-1.0,-1.0,-1.0,-1,-1.0,-1.0,-1.0,1,-1,-1,0,40,5,1,4,1,1,1.0,4429.142857142857,81.01515548433679,348.42857142857144,67.28571428571429,7,0.605365049054345,2.851189167098361,0.085442270838815,2.558279918560017,1,-0.9717861742513549,-0.6463848765216252,-0.3254012977297297
S984,2022-09-25,8,0,01:00,09:30,2,1,2,헬스,4,2,-1,0,,,,0,,,,2,1,25,0,20,3,2,3,2,2,0.5714285714285714,7471.25,77.23423993470232,384.0,77.66666666666667,3,1.909884098424972,0.7286990945858207,0.9090582460839208,0.0898678364604272,2,0.22660356937932732,0.4857941761399852,-0.25919060676065786
S984,2022-10-03,6,0,04:35,09:41,1,1,2,헬스,4,2,-1,0,,,,0,,,,2,1,20,0,20,3,2,2,2,2,1.0,11166.714285714286,90.43521575897373,326.8,69.8,5,0.6605015840386356,2.241482324990939,0.1027107854209428,1.005642188646375,3,0.5836138327227002,0.4857941761399852,0.09781965658271496
S984,2022-11-14,5,0,01:21,09:21,1,1,2,헬스,4,2,-1,0,,,,0,,,,2,4,30,0,30,3,2,3,3,3,0.0,,,,,0,,,,,2,0.5699064875277053,0.4857941761399852,0.08411231138772013
S984,2022-11-23,8,0,03:00,10:00,1,1,2,헬스,4,2,-1,0,,,,0,,,,2,3,20,0,10,3,3,3,4,3,0.0,,,,,0,,,,,2,1.0679830496666367,0.4857941761399852,0.5821888735266515
S984,2022-11-28,9,0,03:32,11:32,1,1,2,헬스,4,2,-1,0,,,,0,,,,1,-1,-1,0,20,3,2,3,3,3,0.2857142857142857,5979.0,68.02107651747106,474.0,82.0,1,1.313045317667168,0.7169815565984944,1.0735579290066513,0.3423821608699116,2,0.5699064875277053,0.4857941761399852,0.08411231138772013
S984,2022-11-30,8,0,03:23,12:23,1,1,2,헬스,4,2,-1,0,,,,0,,,,1,-1,-1,0,10,3,2,3,4,3,0.5714285714285714,8823.25,73.26702687321419,365.0,80.0,3,2.2878819929049152,0.2319874776494069,1.5792791854874075,0.12619941865765,2,0.5699064875277053,0.4857941761399852,0.08411231138772013
S984,2022-12-03,8,0,05:05,11:05,1,1,2,헬스,0,0,-1,0,,,,0,,,,1,-1,-1,0,10,3,2,3,2,3,1.0,9516.857142857143,74.21537876502687,369.0,77.4,5,2.2083034888038737,0.3985048249844051,0.0003395430965357,1.1299128663657707,2,0.5699064875277053,0.4857941761399852,0.08411231138772013
S984,2022-12-08,8,0,11:40,23:58,1,1,1,-1,-1,-1,-1,-1,-1.0,-1.0,-1.0,-1,-1.0,-1.0,-1.0,1,-1,-1,0,10,3,1,3,2,2,0.7142857142857143,8451.4,75.356463307171,486.5,78.0,4,0.1293150691641898,0.2530066012996802,,,2,-0.271472992759604,0.4857941761399852,-0.7572671688995892
S985,2022-09-17,7,0,01:30,08:00,1,1,1,-1,-1,-1,-1,-1,-1.0,-1.0,-1.0,-1,-1.0,-1.0,-1.0,1,-1,-1,1,0,8,2,2,2,1,0.2857142857142857,8321.0,80.8742328905461,345.0,75.0,1,1.4920969518945095,0.9804977197233112,2.3357138725685247,2.670580854785311,3,0.24031091457432222,-0.25922523284885157,0.49953614742317376
S985,2022-09-25,6,30,01:00,08:00,1,1,1,-1,-1,-1,-1,-1,-1.0,-1.0,-1.0,-1,-1.0,-1.0,-1.0,1,-1,-1,1,30,16,1,3,2,1,1.0,11441.42857142857,84.97773097968471,377.0,69.5,6,0.2586301383283818,2.314231436833301,0.5637751807577578,1.2016908190953153,2,-0.614775910907982,-0.25922523284885157,-0.35555067805913043
S985,2022-10-02,6,44,02:00,10:00,1,1,1,-1,-1,-1,-1,-1,-1.0,-1.0,-1.0,-1,-1.0,-1.0,-1.0,1,-1,-1,1,0,13,1,3,2,1,1.0,8980.42857142857,79.7501482404464,392.6666666666667,77.33333333333333,6,0.2254724282862806,0.4146712942827105,1.1557372662444012,1.4289456624495502,2,-0.614775910907982,-0.25922523284885157,-0.35555067805913043
S985,2022-10-09,7,21,00:30,20:30,1,1,1,-1,-1,-1,-1,-1,-1.0,-1.0,-1.0,-1,-1.0,-1.0,-1.0,1,-1,-1,1,0,11,1,3,1,2,1.0,10753.857142857143,79.86925372970948,403.2857142857143,78.42857142857143,7,0.7503116100955243,0.1490792986677325,,,2,-0.271472992759604,-0.25922523284885157,-0.012247759910752443
S985,2022-10-17,7,0,02:01,21:00,1,1,1,-1,-1,-1,-1,-1,-1.0,-1.0,-1.0,-1,-1.0,-1.0,-1.0,1,-1,-1,1,0,8,1,2,2,2,1.0,8819.714285714286,81.6184006321868,365.5,73.5,4,1.084257118376677,1.3442432789351266,,,3,0.08553727058376888,-0.25922523284885157,0.34476250343262044
S985,2022-10-24,5,35,00:30,08:00,1,1,1,-1,-1,-1,-1,-1,-1.0,-1.0,-1.0,-1,-1.0,-1.0,-1.0,1,-1,-1,1,0,9,2,3,2,2,1.0,8200.714285714286,82.93271578968263,365.25,75.5,4,0.6018124372641196,0.8592491999860394,0.4025076562215002,0.197089654175486,2,0.22660356937932732,-0.25922523284885157,0.4858288022281789
S985,2022-10-29,7,13,00:00,08:00,1,1,1,-1,-1,-1,-1,-1,-1.0,-1.0,-1.0,-1,-1.0,-1.0,-1.0,2,1,60,1,0,12,1,4,1,1,1.0,7796.0,79.6770224683207,399.0,79.57142857142857,7,0.6764172848588441,0.1280601750174592,0.4075580453566485,0.0957709171162263,1,-0.9717861742513549,-0.25922523284885157,-0.7125609414025034
S985,2022-11-07,7,30,00:00,08:00,1,1,1,-1,-1,-1,-1,-1,-1.0,-1.0,-1.0,-1,-1.0,-1.0,-1.0,2,2,60,0,50,7,2,3,1,2,1.0,5761.857142857143,73.84152508095973,373.5,71.83333333333333,6,1.5219388909324003,1.7484050113927003,0.2997123645764358,0.3470694651977073,2,0.22660356937932732,-0.25922523284885157,0.4858288022281789
S985,2022-11-18,9,0,21:30,06:30,1,1,1,-1,-1,-1,-1,-1,-1.0,-1.0,-1.0,-1,-1.0,-1.0,-1.0,2,1,60,0,50,7,1,3,1,2,1.0,4790.428571428572,80.5484374455212,434.25,77.75,4,2.103856702171259,0.3136308611683162,0.9305175679121692,0.5133871894851995,2,-0.271472992759604,-0.25922523284885157,-0.012247759910752443
S985,2022-11-19,6,58,23:00,18:00,1,1,1,-1,-1,-1,-1,-1,-1.0,-1.0,-1.0,-1,-1.0,-1.0,-1.0,2,1,60,1,0,8,1,3,1,2,1.0,5201.285714285715,81.56462752947566,432.4,77.4,5,0.286482614763745,0.3985048249844051,,,2,-0.271472992759604,-0.25922523284885157,-0.012247759910752443
S985,2022-11-28,6,30,01:00,07:30,1,1,1,-1,-1,-1,-1,-1,-1.0,-1.0,-1.0,-1,-1.0,-1.0,-1.0,2,2,60,1,0,6,1,3,1,1,1.0,6213.142857142857,81.24699574757742,382.5,72.83333333333333,6,0.1492096951894509,1.505907971918157,0.3854205281003857,1.606885156964601,2,-0.614775910907982,-0.25922523284885157,-0.35555067805913043
S986,2022-09-17,7,0,02:00,10:00,1,1,2,헬스,3,1,-1,0,,,,0,,,,2,3,15,1,0,6,1,4,3,2,0.2857142857142857,7165.5,85.8187919079409,392.0,81.0,1,0.5570495287072837,0.4744845171239508,1.0445428498443092,0.5478114573918587,1,-0.628483256102977,-0.3922090645925966,-0.23627419151038037
S986,2022-09-25,7,0,03:00,10:00,1,1,2,헬스,3,1,-1,0,,,,0,,,,1,-1,-1,1,0,4,1,4,3,1,1.0,8877.142857142857,81.90583529995187,326.85714285714283,75.28571428571429,7,1.8530423097813729,0.9112128513020116,0.6167328003266368,0.1344836036232946,1,-0.9717861742513549,-0.3922090645925966,-0.5795771096587583
S986,2022-10-01,6,30,03:00,09:00,1,1,2,헬스,3,1,-1,0,,,,0,,,,1,-1,-1,0,30,3,1,4,3,1,1.0,9307.42857142857,81.01472628384468,313.0,76.2,5,1.5318862039450296,0.6895012723538582,0.7504068564385189,0.7385196357014322,1,-0.9717861742513549,-0.3922090645925966,-0.5795771096587583
S986,2022-10-08,6,2,15:02,22:03,1,1,2,헬스,2,1,-1,0,,,,0,,,,1,-1,-1,0,50,9,1,4,1,2,1.0,8109.857142857143,78.62314632636055,393.6666666666667,78.0,6,0.6299964907999049,0.2530066012996802,10.196292509752825,11.528573683182843,1,-0.628483256102977,-0.3922090645925966,-0.23627419151038037
S986,2022-10-15,6,59,03:00,09:00,2,1,2,헬스,2,1,-1,0,,,,0,,,,1,-1,-1,1,0,10,1,4,3,2,1.0,7037.714285714285,82.61341679833983,422.57142857142856,80.14285714285714,7,0.0710522358045002,1.3291679542370696,0.128818446504418,2.124516952434917,1,-0.628483256102977,-0.3922090645925966,-0.23627419151038037
S986,2022-10-22,7,39,04:30,22:30,1,1,2,헬스,2,1,-1,0,,,,0,,,,1,-1,-1,1,0,9,1,4,2,3,1.0,6648.714285714285,81.75167635471121,404.2,81.0,5,1.0902255061842558,0.4744845171239508,,,1,-0.28518033795459896,-0.3922090645925966,0.10702872663799762
S986,2022-10-29,6,28,22:00,06:00,1,1,1,-1,-1,-1,-1,-1,-1.0,-1.0,-1.0,-1,-1.0,-1.0,-1.0,1,-1,-1,1,0,9,1,1,3,1,1.0,7452.0,78.03126441682181,385.1666666666667,78.16666666666667,6,0.0563681070715696,0.2125904280539218,2.83317269848788,2.71578010980475,4,0.09924461577876394,-0.3922090645925966,0.4914536803713605
S986,2022-11-05,6,14,21:08,06:00,1,1,1,-1,-1,-1,-1,-1,-1.0,-1.0,-1.0,-1,-1.0,-1.0,-1.0,1,-1,-1,1,0,9,1,4,1,1,1.0,12055.57142857143,83.13129276115917,383.4285714285714,79.42857142857143,7,0.1875779025238805,0.0934177408068112,2.1396302011448824,0.8519654228280474,1,-0.9717861742513549,-0.3922090645925966,-0.5795771096587583
S986,2022-11-13,6,0,02:55,08:51,1,1,2,헬스,1,1,-1,0,,,,0,,,,1,-1,-1,1,0,9,1,4,4,4,1.0,6105.285714285715,79.09902881183048,427.2857142857143,82.0,7,1.338624122556788,0.7169815565984944,0.7035433772423432,1.432987173962558,1,0.058122580193779104,-0.3922090645925966,0.45033164478637566
S986,2022-11-20,6,0,03:00,09:00,1,1,2,헬스,2,1,-1,0,,,,0,,,,1,-1,-1,1,0,9,1,4,4,4,1.0,10002.142857142857,77.35511287899796,354.85714285714283,77.14285714285714,7,0.1023152195584813,0.4608612065635758,0.3774164137251557,1.2497567365073097,1,0.058122580193779104,-0.3922090645925966,0.45033164478637566
S986,2022-11-27,6,0,03:06,09:06,1,1,2,헬스,1,1,-1,0,,,,0,,,,1,-1,-1,0,30,9,2,4,4,4,1.0,6905.142857142857,82.51943696891087,340.0,74.16666666666667,6,0.3978925205052022,1.1825785859520963,0.0930439000519859,0.2638195018328711,1,0.5561991423327105,-0.3922090645925966,0.948408206925307
S987,2022-10-21,8,30,03:00,10:05,2,1,2,기타,0,0,-1,기타,0.0,0.0,0.0,기타,0.0,0.0,0.0,2,1,10,20,0,1,2,2,2,4,0.1428571428571428,5041.0,87.69708840656432,,,0,,,,,3,1.2702196690194563,0.9971141348173868,0.2731055342020695
S987,2022-10-24,7,0,03:06,09:06,2,1,1,-1,-1,-1,-1,-1,-1.0,-1.0,-1.0,-1,-1.0,-1.0,-1.0,1,-1,-1,1,0,0,2,2,2,4,0.5714285714285714,5098.75,88.86724724675382,,,0,,,,,3,1.2702196690194563,0.9971141348173868,0.2731055342020695
S987,2022-10-30,8,0,02:15,10:15,2,1,1,-1,-1,-1,-1,-1,-1.0,-1.0,-1.0,-1,-1.0,-1.0,-1.0,1,-1,-1,0,20,2,2,2,2,4,1.0,4650.142857142857,83.83277471109487,313.3333333333333,70.33333333333333,3,3.315771004210021,1.0496125282275015,2.029824171314113,0.3933008711045106,3,1.2702196690194563,0.9971141348173868,0.2731055342020695
S987,2022-11-02,5,0,12:20,09:21,2,1,1,-1,-1,-1,-1,-1,-1.0,-1.0,-1.0,-1,-1.0,-1.0,-1.0,1,-1,-1,0,30,1,3,2,2,3,1.0,4197.714285714285,82.46089815328502,375.6666666666667,75.66666666666667,3,1.5053600359113497,0.2437050156367334,,,3,1.4249933130100096,0.9971141348173868,0.4278791781926229
S987,2022-11-15,5,0,05:05,11:05,2,2,1,-1,-1,-1,-1,-1,-1.0,-1.0,-1.0,-1,-1.0,-1.0,-1.0,2,1,10,0,10,0,3,2,2,2,0.2857142857142857,1343.0,71.14005319790935,322.5,75.5,2,0.4476290855683529,1.2658268847679894,0.0145075395811709,0.0342382160869911,3,1.0816903948616314,0.9971141348173868,0.08457626004424468
S987,2022-12-01,6,0,02:36,07:37,1,1,1,-1,-1,-1,-1,-1,-1.0,-1.0,-1.0,-1,-1.0,-1.0,-1.0,1,-1,-1,0,10,1,3,2,2,4,0.0,,,,,0,,,,,3,1.7682962311583876,0.9971141348173868,0.7711820963410009
S987,2022-12-05,9,0,02:20,11:20,2,1,1,-1,-1,-1,-1,-1,-1.0,-1.0,-1.0,-1,-1.0,-1.0,-1.0,1,-1,-1,0,20,0,1,3,2,4,0.0,,,,,0,,,,,2,0.415132843537152,0.9971141348173868,-0.5819812912802347
S987,2022-12-14,10,0,01:22,12:22,1,2,1,-1,-1,-1,-1,-1,-1.0,-1.0,-1.0,-1,-1.0,-1.0,-1.0,2,1,20,0,5,1,1,4,4,4,0.0,,,,,0,,,,,1,0.058122580193779104,0.9971141348173868,-0.9389915546236076
S987,2022-12-24,8,0,01:01,08:01,2,1,1,-1,-1,-1,-1,-1,-1.0,-1.0,-1.0,-1,-1.0,-1.0,-1.0,2,1,10,0,10,1,1,3,2,4,0.0,,,,,0,,,,,2,0.415132843537152,0.9971141348173868,-0.5819812912802347
S988,2022-09-17,5,0,01:00,06:00,4,4,2,헬스,4,1,-1,0,,,,0,,,,2,4,20,1,0,30,2,2,4,3,0.0,,,,,0,,,,,3,0.9269167508710782,1.316017668238894,-0.3891009173678158
S988,2022-09-24,4,0,03:30,07:15,3,3,2,헬스,3,1,-1,0,,,,0,,,,2,5,30,2,0,30,3,1,3,3,0.0,,,,,0,,,,,4,1.7820035763533824,1.316017668238894,0.46598590811448837
S988,2022-10-01,4,0,02:00,06:00,3,3,2,헬스,5,1,-1,0,,,,0,,,,2,5,20,2,0,30,2,2,4,3,0.7142857142857143,7624.8,77.01991639948412,,,0,,,,,3,0.9269167508710782,1.316017668238894,-0.3891009173678158
S988,2022-10-08,6,0,01:00,07:00,3,3,2,헬스,5,1,-1,0,,,,0,,,,2,5,30,5,0,30,2,3,3,3,1.0,9688.714285714286,80.7680162702229,340.5,70.5,6,0.3879452074925727,2.1784177721493,0.0645878384075818,0.481798042380544,2,0.5699064875277053,1.316017668238894,-0.7461111807111886
S988,2022-10-15,7,0,12:00,07:00,3,3,2,헬스,5,1,-1,0,,,,0,,,,2,5,30,2,0,30,2,3,3,3,0.1428571428571428,6967.0,83.73661021616412,,,0,,,,,2,0.5699064875277053,1.316017668238894,-0.7461111807111886
S988,2022-10-25,5,0,01:00,06:02,4,4,2,헬스,5,1,-1,0,,,,0,,,,2,5,40,2,0,30,3,2,4,4,0.7142857142857143,4492.8,80.47355303083638,,,0,,,,,3,1.7682962311583876,1.316017668238894,0.45227856291949364
S988,2022-10-30,6,0,01:00,07:00,3,3,2,헬스,5,1,-1,0,,,,0,,,,2,5,60,2,0,30,3,1,4,4,1.0,6867.285714285715,80.42984824641374,,,0,,,,,4,2.1253064945017606,1.316017668238894,0.8092888262628666
S988,2022-11-05,6,0,01:00,07:00,3,3,2,헬스,5,1,-1,0,,,,0,,,,2,5,30,2,0,30,3,1,4,4,1.0,8057.571428571428,83.47919842758468,,,0,,,,,4,2.1253064945017606,1.316017668238894,0.8092888262628666
S988,2022-11-13,6,0,01:05,07:05,3,3,2,헬스,5,1,-1,0,,,,0,,,,2,5,30,8,30,30,3,1,3,3,0.4285714285714285,6424.666666666667,81.3173523479784,,,0,,,,,4,1.7820035763533824,1.316017668238894,0.46598590811448837
S988,2022-11-19,6,0,01:00,07:00,3,3,2,헬스,5,1,-1,0,,,,0,,,,2,5,30,1,0,30,2,2,3,2,0.0,,,,,0,,,,,3,0.5836138327227002,1.316017668238894,-0.7324038355161938
S989,2022-09-17,7,10,23:20,06:50,2,2,1,-1,-1,-1,-1,-1,-1.0,-1.0,-1.0,-1,-1.0,-1.0,-1.0,1,-1,-1,0,20,2,2,1,4,2,0.2857142857142857,1412.0,67.87794833060448,,,0,,,,,4,0.9406240960660731,0.9997606518113288,-0.05913655574525567
S989,2022-09-25,7,15,22:30,06:30,2,3,1,-1,-1,-1,-1,-1,-1.0,-1.0,-1.0,-1,-1.0,-1.0,-1.0,1,-1,-1,0,30,2,2,2,3,2,1.0,3717.571428571429,69.00028057163158,434.4285714285714,80.42857142857143,7,0.011368357728721,3.5235289074123983,0.0306603194499389,0.1535813955416617,3,0.5836138327227002,0.9997606518113288,-0.4161468190886286
S989,2022-10-02,6,56,00:40,07:00,2,3,1,-1,-1,-1,-1,-1,-1.0,-1.0,-1.0,-1,-1.0,-1.0,-1.0,2,4,10,0,15,5,2,2,4,2,1.0,6144.142857142857,75.95595232351141,384.8571428571428,79.14285714285714,7,0.619575496215246,3.211746999516554,0.2612931008775432,0.6302032949129887,3,0.5836138327227002,0.9997606518113288,-0.4161468190886286
S989,2022-10-09,7,48,23:04,07:33,2,3,1,-1,-1,-1,-1,-1,-1.0,-1.0,-1.0,-1,-1.0,-1.0,-1.0,2,4,10,0,37,6,3,2,3,2,1.0,3482.428571428572,73.82432197454588,450.0,79.5,6,0.3581032684546821,3.2983530850431784,0.9211327575648302,0.8340226149683958,3,1.0816903948616314,0.9997606518113288,0.08192974305030265
S989,2022-10-18,8,12,01:07,07:41,2,3,1,-1,-1,-1,-1,-1,-1.0,-1.0,-1.0,-1,-1.0,-1.0,-1.0,2,4,15,0,10,2,3,1,3,4,1.0,2761.8571428571427,75.07512060871144,474.57142857142856,84.42857142857143,7,0.3467349107259621,4.493517065310573,1.541181545011017,0.5960788301507045,4,2.1253064945017606,0.9997606518113288,1.125545842690432
S989,2022-10-24,7,7,22:40,06:40,2,3,1,-1,-1,-1,-1,-1,-1.0,-1.0,-1.0,-1,-1.0,-1.0,-1.0,2,4,10,0,15,2,3,2,3,2,1.0,1999.142857142857,72.56229970580817,410.5,82.0,6,0.3282613294167915,3.9045956837295375,0.9237838705293322,0.9041488415508004,3,1.0816903948616314,0.9997606518113288,0.08192974305030265
S989,2022-10-29,6,58,00:05,07:43,2,3,1,-1,-1,-1,-1,-1,-1.0,-1.0,-1.0,-1,-1.0,-1.0,-1.0,1,-1,-1,0,20,2,2,2,3,2,1.0,2985.285714285714,76.7523145587394,419.57142857142856,81.57142857142857,7,0.03126298375398,3.80066838109759,0.327793451045854,0.188003290402571,3,0.5836138327227002,0.9997606518113288,-0.4161468190886286
S989,2022-11-06,6,56,00:07,07:30,2,2,1,-1,-1,-1,-1,-1,-1.0,-1.0,-1.0,-1,-1.0,-1.0,-1.0,1,-1,-1,0,30,4,2,2,3,2,1.0,4717.428571428572,75.85978534779159,410.8333333333333,79.83333333333333,6,0.1027889011305108,2.3166473891576773,0.0887864371551072,0.2917625584194681,3,0.5836138327227002,0.9997606518113288,-0.4161468190886286
S989,2022-11-12,6,58,00:40,08:30,1,1,1,-1,-1,-1,-1,-1,-1.0,-1.0,-1.0,-1,-1.0,-1.0,-1.0,2,4,10,0,20,5,3,2,4,3,1.0,5536.857142857143,73.49462581200844,418.0,83.6,5,0.0,1.1049768197577627,0.5665802975058148,0.7590202564032625,3,1.4249933130100096,0.9997606518113288,0.42523266119868086
S989,2022-11-21,6,36,00:33,08:01,1,2,1,-1,-1,-1,-1,-1,-1.0,-1.0,-1.0,-1,-1.0,-1.0,-1.0,1,-1,-1,0,15,3,3,2,2,3,1.0,3831.428571428572,77.22894081892962,407.3333333333333,77.66666666666667,6,0.2254724282862817,0.7286990945858207,0.0703426429496192,0.1584051567711698,3,1.4249933130100096,0.9997606518113288,0.42523266119868086
S989,2022-11-26,7,21,00:30,07:40,2,2,1,-1,-1,-1,-1,-1,-1.0,-1.0,-1.0,-1,-1.0,-1.0,-1.0,2,3,10,0,15,3,2,2,3,2,1.0,2920.714285714286,74.90807044473131,487.8,81.6,5,0.9310684979821754,2.745058825562704,1.2641736829455612,0.8135550921897777,3,0.5836138327227002,0.9997606518113288,-0.4161468190886286
S991,2022-09-18,6,30,02:20,08:00,1,1,2,달리기,3,0,-1,0,,,,0,,,,2,3,20,1,0,10,1,4,1,1,0.4285714285714285,6893.333333333333,86.97996313389469,323.0,77.0,1,1.332939943692428,0.4955036407742239,0.8269297561267448,1.4551241836971247,1,-0.9717861742513549,-0.9031255906216794,-0.06866058362967553
S991,2022-09-25,7,0,01:30,20:00,1,1,2,달리기,1,1,-1,0,,,,0,,,,1,-1,-1,1,0,20,1,4,1,1,0.8571428571428571,9775.333333333334,86.6439220947441,388.8,79.4,5,0.6207123319881155,0.0864892539646822,,,1,-0.9717861742513549,-0.9031255906216794,-0.06866058362967553
S991,2022-10-02,7,0,00:45,08:46,1,1,1,-1,-1,-1,-1,-1,-1.0,-1.0,-1.0,-1,-1.0,-1.0,-1.0,1,-1,-1,1,0,10,1,4,1,1,0.0,,,,,0,,,,,1,-0.9717861742513549,-0.9031255906216794,-0.06866058362967553
S991,2022-10-08,7,0,02:00,08:00,1,1,1,-1,-1,-1,-1,-1,-1.0,-1.0,-1.0,-1,-1.0,-1.0,-1.0,1,-1,-1,1,0,10,1,4,1,1,0.0,,,,,0,,,,,1,-0.9717861742513549,-0.9031255906216794,-0.06866058362967553
S991,2022-10-15,8,0,01:30,08:15,1,1,1,-1,-1,-1,-1,-1,-1.0,-1.0,-1.0,-1,-1.0,-1.0,-1.0,1,-1,-1,2,0,10,1,4,1,1,0.0,,,,,0,,,,,1,-0.9717861742513549,-0.9031255906216794,-0.06866058362967553
S991,2022-10-22,8,0,01:30,09:00,1,1,1,-1,-1,-1,-1,-1,-1.0,-1.0,-1.0,-1,-1.0,-1.0,-1.0,1,-1,-1,1,30,10,1,4,1,1,0.0,,,,,0,,,,,1,-0.9717861742513549,-0.9031255906216794,-0.06866058362967553
S991,2022-10-29,8,0,02:00,08:10,1,1,1,-1,-1,-1,-1,-1,-1.0,-1.0,-1.0,-1,-1.0,-1.0,-1.0,1,-1,-1,2,0,10,1,4,1,1,0.7142857142857143,7580.2,75.90197633446763,,,0,,,,,1,-0.9717861742513549,-0.9031255906216794,-0.06866058362967553
S991,2022-11-06,8,0,01:22,08:20,1,1,1,-1,-1,-1,-1,-1,-1.0,-1.0,-1.0,-1,-1.0,-1.0,-1.0,1,-1,-1,2,0,10,1,4,1,1,1.0,11527.42857142857,88.59951517000908,319.0,75.0,4,3.203034790066881,0.9804977197233112,1.0720666682371487,0.3245840786749842,1,-0.9717861742513549,-0.9031255906216794,-0.06866058362967553
S991,2022-11-12,8,0,01:30,08:10,1,1,1,-1,-1,-1,-1,-1,-1.0,-1.0,-1.0,-1,-1.0,-1.0,-1.0,1,-1,-1,2,0,10,1,4,1,1,0.7142857142857143,9995.0,92.59057082873797,352.75,73.5,4,2.5315911617143514,1.3442432789351266,0.5622726258988108,1.076223009805595,1,-0.9717861742513549,-0.9031255906216794,-0.06866058362967553
S991,2022-11-19,8,0,01:10,08:15,1,1,1,-1,-1,-1,-1,-1,-1.0,-1.0,-1.0,-1,-1.0,-1.0,-1.0,1,-1,-1,1,30,10,1,4,1,3,0.0,,,,,0,,,,,1,-0.28518033795459896,-0.9031255906216794,0.6179452526670804
S992,2022-09-17,5,0,02:30,20:00,1,1,2,골프,7,1,-1,0,,,,0,,,,1,-1,-1,1,0,1,1,2,2,4,0.5714285714285714,3789.75,99.8266942192724,323.0,70.5,2,0.4575763985809834,2.0717343973587576,,,3,0.772143106880525,0.18860575928408985,0.5835373475964352
S992,2022-09-25,6,46,02:50,08:30,1,1,2,골프,4,1,-1,0,,,,0,,,,2,1,40,0,30,5,2,2,4,2,1.0,5332.142857142857,95.99891912011957,378.57142857142856,82.85714285714286,7,0.5456811709785637,0.92483616186239,0.1214775430026424,1.572384273456503,3,0.5836138327227002,0.18860575928408985,0.39500807343861033
S992,2022-10-02,6,2,01:50,08:40,1,1,2,골프,2,1,-1,0,,,,0,,,,2,1,30,0,30,3,1,3,3,1,1.0,6863.285714285715,100.32545549752076,306.42857142857144,78.28571428571429,7,1.1055727891180265,0.1837217328783805,0.013119333517058,1.0195641709172325,2,-0.614775910907982,0.18860575928408985,-0.8033816701920719
S992,2022-10-08,7,11,02:00,08:30,1,1,2,골프,2,1,-1,0,,,,0,,,,1,-1,-1,1,30,3,1,4,4,4,1.0,4402.285714285715,95.1706344871832,366.2857142857143,80.57142857142857,7,1.287466512777549,0.3705572144920029,0.2049287847078751,1.3364853726231898,1,0.058122580193779104,0.18860575928408985,-0.13048317909031074
S992,2022-10-15,6,51,02:15,08:23,2,1,2,골프,4,1,-1,0,,,,0,,,,1,-1,-1,0,25,5,1,4,4,4,1.0,5950.428571428572,92.90714165124643,338.7142857142857,82.28571428571429,7,1.4380972526830884,1.8488044673968085,0.6124120587191878,1.1907419420753798,1,0.058122580193779104,0.18860575928408985,-0.13048317909031074
S992,2022-10-22,6,35,01:30,07:30,1,1,2,골프,2,1,-1,0,,,,0,,,,1,-1,-1,0,30,1,1,2,3,1,1.0,5410.428571428572,90.36117314951316,342.7142857142857,79.71428571428571,7,1.0402047321778862,0.1627026092281074,0.7368085681532774,1.610628867257197,3,-0.2577656475646091,0.18860575928408985,-0.44637140684869897
S992,2022-10-30,6,18,02:25,07:57,1,1,2,골프,3,1,-1,0,,,,0,,,,1,-1,-1,0,30,2,1,2,2,2,1.0,6285.857142857143,93.16117070684888,387.1428571428572,81.85714285714286,7,0.1818937236595226,0.6823391223878462,1.0020129574565828,0.4738040379505974,3,0.08553727058376888,0.18860575928408985,-0.10306848870032097
S992,2022-11-06,6,23,02:21,19:22,1,1,1,-1,-1,-1,-1,-1,-1.0,-1.0,-1.0,-1,-1.0,-1.0,-1.0,1,-1,-1,0,30,4,2,2,3,1,1.0,6839.142857142857,97.40020053512296,358.5,77.66666666666667,6,0.487418337618874,0.3338389477911936,,,3,0.24031091457432222,0.18860575928408985,0.05170515529023237
S992,2022-11-13,6,50,01:00,07:01,1,1,1,-1,-1,-1,-1,-1,-1.0,-1.0,-1.0,-1,-1.0,-1.0,-1.0,1,-1,-1,0,50,6,1,2,4,4,1.0,10294.57142857143,102.11689934670704,332.1666666666667,78.16666666666667,6,1.548465058966079,0.2125904280539218,0.1483090053339272,0.2178950886607727,3,0.772143106880525,0.18860575928408985,0.5835373475964352
S993,2022-09-17,8,0,02:00,11:00,1,1,2,달리기,3,2,-1,0,,,,0,,,,1,-1,-1,2,0,3,1,4,2,1,0.2857142857142857,12403.5,91.02480133898702,,,0,,,,,1,-0.9717861742513549,-0.8430475799457132,-0.12873859430564172
S993,2022-09-25,7,0,02:00,09:30,1,1,2,달리기,3,2,-1,0,,,,0,,,,1,-1,-1,3,0,3,1,4,2,1,1.0,16499.14285714286,93.05797405503908,343.8333333333333,67.33333333333333,6,1.51530734892398,2.8396416890281477,0.333558910987856,0.3706028041048674,1,-0.9717861742513549,-0.8430475799457132,-0.12873859430564172
S993,2022-10-01,5,0,03:00,10:30,1,1,2,달리기,3,2,-1,요가(또는 필라테스),1.0,1.0,0.0,0,,,,1,-1,-1,4,0,3,1,4,2,1,1.0,12860.42857142857,90.62214426151782,358.6666666666667,72.66666666666667,6,1.1671513934819275,1.5463241451639118,0.4602148043720311,1.2118422844675547,1,-0.9717861742513549,-0.8430475799457132,-0.12873859430564172
S993,2022-10-15,7,0,02:00,10:00,1,1,2,달리기,2,2,-1,0,,,,0,,,,1,-1,-1,2,0,3,1,4,4,4,1.0,12771.714285714286,86.55256714445125,407.1666666666667,78.66666666666667,6,0.2553143673241713,0.09134190831665,1.2028271549724343,1.655509706237824,1,0.058122580193779104,-0.8430475799457132,0.9011701601394924
S993,2022-10-26,8,0,02:00,10:00,1,1,1,-1,-1,-1,-1,-1,-1.0,-1.0,-1.0,-1,-1.0,-1.0,-1.0,1,-1,-1,1,0,3,1,4,2,1,1.0,15838.42857142857,90.38096509213229,348.5,73.33333333333333,6,2.6161433223217068,1.3846594521808853,1.354797879084414,0.2639389754482337,1,-0.9717861742513549,-0.8430475799457132,-0.12873859430564172
S993,2022-11-15,6,0,03:00,09:00,1,2,2,달리기,2,2,-1,0,,,,0,,,,1,-1,-1,3,0,3,1,4,1,1,0.8571428571428571,11534.333333333334,103.17825713738424,275.5,63.0,4,1.6810958991344809,2.827924151040821,0.7515413083655632,0.2234136669331444,1,-0.9717861742513549,-0.8430475799457132,-0.12873859430564172
S993,2022-11-18,7,0,03:00,10:00,1,1,2,달리기,2,2,-1,0,,,,0,,,,1,-1,-1,3,0,3,1,4,1,1,0.8571428571428571,12791.833333333334,100.15757140843051,247.0,60.333333333333336,3,3.441770302370003,4.537120965349951,2.2652765771783296,0.4273588165749373,1,-0.9717861742513549,-0.8430475799457132,-0.12873859430564172
S993,2022-11-19,7,0,02:30,09:30,1,1,2,달리기,3,2,-1,0,,,,0,,,,1,-1,-1,2,0,3,1,4,1,1,0.8571428571428571,14074.833333333334,96.39529974184852,297.0,67.0,3,2.447039001106996,2.920474035519661,1.6330306403352135,0.6057404386680848,1,-0.9717861742513549,-0.8430475799457132,-0.12873859430564172
S994,2022-09-17,6,0,03:00,20:40,1,2,2,헬스,5,1,-1,0,,,,0,,,,2,2,30,2,0,6,1,4,2,1,0.2857142857142857,3924.5,92.49400472841504,,,0,,,,,1,-0.9717861742513549,-0.6830066068497789,-0.28877956740157606
S994,2022-09-25,6,30,02:30,09:20,1,1,2,헬스,5,1,-1,0,,,,0,,,,1,-1,-1,2,0,10,1,4,2,2,1.0,8763.714285714286,83.72931141745936,381.1428571428572,74.71428571428571,7,0.1762095447951594,1.0497825881446108,0.316405315642536,1.0390065848452523,1,-0.628483256102977,-0.6830066068497789,0.054523350746801924
S994,2022-10-03,6,50,02:40,09:25,1,1,2,헬스,5,1,-1,0,,,,0,,,,1,-1,-1,2,0,6,1,4,2,2,1.0,10513.142857142857,85.39621903472796,355.4,75.0,5,1.0862465809792032,0.9804977197233112,0.5616165936572657,0.7453675375952192,1,-0.628483256102977,-0.6830066068497789,0.054523350746801924
S994,2022-10-09,6,30,02:00,09:00,1,1,2,헬스,5,1,-1,0,,,,0,,,,1,-1,-1,1,30,20,1,4,2,1,1.0,9530.57142857143,83.66805429244326,376.6666666666667,72.5,6,0.2652616803368018,1.5867403184096704,0.6742809804699841,1.1357581046906602,1,-0.9717861742513549,-0.6830066068497789,-0.28877956740157606
S994,2022-10-15,6,50,03:00,09:40,1,1,2,헬스,5,1,-1,0,,,,0,,,,1,-1,-1,2,0,38,1,4,2,2,1.0,9419.142857142857,78.42746150125727,380.2857142857143,74.42857142857143,7,0.5911546018934438,1.1190674565659071,0.2135525650815618,0.3374309300074438,1,-0.628483256102977,-0.6830066068497789,0.054523350746801924
S994,2022-10-23,6,50,03:40,09:12,1,1,2,헬스,4,1,-1,0,,,,0,,,,1,-1,-1,2,0,26,1,3,2,1,1.0,9569.57142857143,78.42892737559292,347.57142857142856,70.0,7,1.241993081862668,2.192982917096029,0.2553131884074479,0.8927504933517272,2,-0.614775910907982,-0.6830066068497789,0.06823069594179687
S994,2022-10-31,7,26,03:30,10:24,1,1,2,헬스,4,1,-1,0,,,,0,,,,1,-1,-1,3,0,20,1,3,3,1,1.0,8474.857142857143,81.5001813527423,416.8571428571428,75.71428571428571,7,0.5797862441647259,0.8072855486700672,0.4397458570136713,0.681565692684124,2,-0.614775910907982,-0.6830066068497789,0.06823069594179687
S994,2022-11-05,8,1,04:04,23:04,1,1,2,헬스,4,1,-1,0,,,,0,,,,1,-1,-1,4,0,18,1,4,2,1,1.0,7322.857142857143,79.5654158085006,418.7142857142857,75.42857142857143,7,1.2391509924304889,0.8765704170913635,,,1,-0.9717861742513549,-0.6830066068497789,-0.28877956740157606
S994,2022-11-13,5,32,04:10,09:30,1,1,2,헬스,4,1,-1,0,,,,0,,,,1,-1,-1,3,0,22,2,3,2,1,1.0,9089.57142857143,82.12214348926513,308.2857142857143,68.71428571428571,7,0.4717868457418834,2.504764824991873,0.6694634019361457,0.0774194456039077,2,-0.11669934876905068,-0.6830066068497789,0.5663072580807282
