id,n_early,n_late,gap_early,gap_late,stress_early,coverage_late
S001,5,5,1.9197890909931956,2.8833783520651277,0.3007470910870008,1.0
S008,3,3,0.36147460603651843,0.055327745821915304,-0.5094798349885193,0.7619047619047619
S012,3,2,0.5432282494837046,0.4556402597098976,-0.520731711710943,0.8571428571428571
S013,6,5,0.3069605035355132,0.22031911333455428,-0.9717861742513548,1.0
S016,3,3,0.21809469910147675,0.9161338304568057,0.8595045444201385,0.9047619047619048
S019,5,5,0.08077540930639371,0.023618903258431117,-0.20007094009092943,1.0
S030,3,2,0.10403785930042657,0.18876525045124287,0.06057804866635022,1.0
S040,5,4,0.34541871117055056,0.4115407917165466,1.4062726483233514,1.0
S041,7,7,0.1565749816472199,1.0562440842631637,-0.6004981590207572,1.0
S042,4,3,0.02424657096313371,0.9503353988235006,-0.5392306902671337,0.8095238095238094
S069,3,3,0.6306639785190957,0.381869931947342,-0.21988177809608622,1.0
S119,5,5,0.1537210573162685,0.5899666477951866,-0.26873152372060505,0.8857142857142858
S504,4,4,1.3565371405580724,0.3465035689317651,-0.8859604447142604,1.0
S505,4,4,1.2447940958542403,0.49701983431620445,0.024697606849317766,1.0
S507,5,5,0.29147958328298856,0.03262055061305659,0.6440500092353789,0.8285714285714285
S646,6,6,0.2588160658896356,0.3885547221521569,-0.41961340203453323,1.0
S649,4,4,0.3903473204528295,0.5182907954200086,0.45224101959047,1.0
S981,5,5,0.86422868851914,0.6794929097524063,0.6467914782743778,1.0
S982,5,4,0.2812651225299839,1.417250430266015,-0.9031255906216792,1.0
S984,3,3,0.04800078340387077,0.1565042927771408,0.46004129654324427,0.7619047619047619
S985,6,5,0.5186792917804431,0.32256850712577934,-0.15809551000635833,1.0
S986,6,5,0.13684454440913968,0.8013689302407951,-0.6857004091277066,1.0
S989,5,5,0.496430911531546,0.894629502581961,1.0911829899340848,1.0
S991,2,2,0.08158130364329597,1.213142191477602,-0.9717861742513548,0.8571428571428572
S992,5,4,0.14564215444298498,0.3310365968504556,0.1714452378165603,1.0
S993,4,3,0.22998984537737652,1.0935366233037538,-0.7143089856400714,0.8571428571428571
S994,4,4,0.4764695287252069,0.26687500925865465,-0.7143089856400715,1.0
