id,survey_date,q1-1,q1-2,q2,q3,q4,q5,q6,q6-1-1,q6-1-2,q6-1-3,q6-1-4,q6-2-1,q6-2-2,q6-2-3,q6-2-4,q6-3-1,q6-3-2,q6-3-3,q6-3-4,q7,q7-1,q7-2,q8-1,q8-2,q9,mq1,mq2,mq3,mq4,wearable_coverage,w_mean_steps,w_mean_hr,w_mean_sleep_minutes,w_mean_sleep_score,w_sleep_nights_n,w_walk_n_all,w_walk_mean_all,w_walk_total_all,w_walk_n_10,w_walk_mean_10,w_walk_total_10,s_walk_yn,s_walk_freq,s_walk_dur,s_walk_total,w_walk_yn
S001,2022-09-04,5,0,03:00,08:00,1,1,2,요가(또는 필라테스),2,1,-1,0,,,,0,,,,2,1,20,0,30,5,2,2,2,2,1.0,7466.142857142857,71.59884998321249,469.6,80.2,5,5.0,17.57333333333333,87.86666666666666,5.0,17.57333333333333,87.86666666666666,1,1.0,20.0,20.0,1.0
S001,2022-09-10,6,0,02:00,08:10,2,2,2,요가(또는 필라테스),2,1,-1,0,,,,0,,,,2,2,30,0,30,5,2,3,2,2,1.0,8502.857142857143,69.0332064451291,423.1428571428572,79.71428571428571,7,8.0,25.454166666666666,203.63333333333333,8.0,25.454166666666666,203.63333333333333,1,2.0,30.0,60.0,1.0
S001,2022-09-17,5,30,02:37,08:10,3,1,2,요가(또는 필라테스),2,1,-1,0,,,,0,,,,2,2,30,0,30,8,2,4,2,2,1.0,7569.0,70.43010537653798,449.5,79.33333333333333,6,2.0,16.641666666666666,33.28333333333333,2.0,16.641666666666666,33.28333333333333,1,2.0,30.0,60.0,1.0
S001,2022-09-24,6,0,01:30,08:00,3,2,2,요가(또는 필라테스),2,1,-1,0,,,,0,,,,2,2,30,0,30,15,2,2,2,1,1.0,8527.0,76.9088957655587,454.3333333333333,81.5,6,3.0,25.294444444444448,75.88333333333334,3.0,25.294444444444448,75.88333333333334,1,2.0,30.0,60.0,1.0
S001,2022-10-01,6,0,02:29,08:20,4,2,1,-1,-1,-1,-1,-1,-1.0,-1.0,-1.0,-1,-1.0,-1.0,-1.0,1,-1,-1,1,0,20,2,2,3,2,1.0,9036.714285714286,74.4449270996599,407.57142857142856,74.0,7,0.0,,0.0,0.0,,0.0,0,0.0,,0.0,0.0
S001,2022-10-08,4,0,03:00,07:50,4,3,2,요가(또는 필라테스),3,1,-1,0,,,,0,,,,2,2,60,0,30,15,3,2,2,3,1.0,7195.571428571428,69.12812321001954,395.3333333333333,78.5,6,4.0,31.495833333333334,125.98333333333332,4.0,31.495833333333334,125.98333333333332,1,2.0,60.0,120.0,1.0
S001,2022-10-17,5,0,02:30,08:00,3,3,2,요가(또는 필라테스),3,1,-1,0,,,,0,,,,2,2,60,1,0,20,3,2,2,2,1.0,8759.57142857143,71.81766427156914,485.5,81.5,6,4.0,25.566666666666663,102.26666666666668,4.0,25.566666666666663,102.26666666666668,1,2.0,60.0,120.0,1.0
S001,2022-10-22,4,0,02:40,07:40,3,3,2,요가(또는 필라테스),2,1,-1,0,,,,0,,,,2,1,30,0,30,10,3,2,4,4,1.0,6800.0,70.14385052925476,385.2,77.8,5,0.0,,0.0,0.0,,0.0,1,1.0,30.0,30.0,0.0
S001,2022-10-29,4,0,03:47,08:40,1,1,2,요가(또는 필라테스),2,1,-1,0,,,,0,,,,2,1,30,0,30,5,2,2,3,2,1.0,6399.142857142857,66.96527146361105,436.3333333333333,79.16666666666667,6,2.0,34.50833333333333,69.01666666666667,2.0,34.50833333333333,69.01666666666667,1,1.0,30.0,30.0,1.0
S001,2022-11-05,5,0,02:44,08:00,1,3,2,요가(또는 필라테스),3,1,-1,0,,,,0,,,,2,1,30,0,40,10,2,3,2,2,1.0,9381.285714285714,73.52358659932236,450.8,79.0,5,4.0,40.35,161.4,4.0,40.35,161.4,1,1.0,30.0,30.0,1.0
S004,2022-09-04,6,0,05:00,12:00,4,4,1,-1,-1,-1,-1,-1,-1.0,-1.0,-1.0,-1,-1.0,-1.0,-1.0,1,-1,-1,0,30,3,2,2,2,2,0.7142857142857143,5251.4,85.88297916909946,,,0,4.0,22.6125,90.45,4.0,22.6125,90.45,0,0.0,,0.0,1.0
S004,2022-09-10,6,0,05:00,00:00,4,4,1,-1,-1,-1,-1,-1,-1.0,-1.0,-1.0,-1,-1.0,-1.0,-1.0,1,-1,-1,0,20,3,2,3,2,2,0.4285714285714285,2855.333333333333,98.65175011467484,,,0,1.0,19.633333333333333,19.633333333333333,1.0,19.633333333333333,19.633333333333333,0,0.0,,0.0,1.0
S004,2022-09-20,12,0,05:35,15:35,4,4,1,-1,-1,-1,-1,-1,-1.0,-1.0,-1.0,-1,-1.0,-1.0,-1.0,1,-1,-1,0,10,2,1,4,4,4,1.0,3520.1428571428573,84.3284718364355,,,0,2.0,17.925,35.85,2.0,17.925,35.85,0,0.0,,0.0,1.0
S004,2022-09-25,15,0,03:00,10:00,4,4,1,-1,-1,-1,-1,-1,-1.0,-1.0,-1.0,-1,-1.0,-1.0,-1.0,1,-1,-1,0,20,3,2,2,3,2,1.0,4604.0,87.20824144717895,,,0,0.0,,0.0,0.0,,0.0,0,0.0,,0.0,0.0
S004,2022-10-02,9,0,03:10,00:05,4,4,1,-1,-1,-1,-1,-1,-1.0,-1.0,-1.0,-1,-1.0,-1.0,-1.0,1,-1,-1,0,20,3,2,2,2,2,1.0,7691.714285714285,89.56520609191658,,,0,3.0,23.32777777777778,69.98333333333333,3.0,23.32777777777778,69.98333333333333,0,0.0,,0.0,1.0
S004,2022-10-09,10,0,02:28,12:28,3,3,1,-1,-1,-1,-1,-1,-1.0,-1.0,-1.0,-1,-1.0,-1.0,-1.0,1,-1,-1,0,20,3,2,2,2,2,1.0,4344.142857142857,88.60945840880302,,,0,1.0,40.4,40.4,1.0,40.4,40.4,0,0.0,,0.0,1.0
S004,2022-10-15,10,0,23:09,23:09,4,4,1,-1,-1,-1,-1,-1,-1.0,-1.0,-1.0,-1,-1.0,-1.0,-1.0,1,-1,-1,0,20,3,2,2,2,2,0.8571428571428571,2610.0,83.51026990484775,,,0,1.0,29.866666666666667,29.866666666666667,1.0,29.866666666666667,29.866666666666667,0,0.0,,0.0,1.0
S004,2022-10-22,5,0,04:49,22:49,4,4,1,-1,-1,-1,-1,-1,-1.0,-1.0,-1.0,-1,-1.0,-1.0,-1.0,1,-1,-1,0,10,3,3,1,1,1,1.0,9513.142857142857,91.80178280802402,,,0,5.0,56.85666666666666,284.2833333333333,5.0,56.85666666666666,284.2833333333333,0,0.0,,0.0,1.0
S004,2022-10-30,5,0,02:46,14:46,4,4,1,-1,-1,-1,-1,-1,-1.0,-1.0,-1.0,-1,-1.0,-1.0,-1.0,1,-1,-1,0,30,3,2,2,2,2,1.0,11096.857142857143,90.74490786190628,,,0,7.0,29.511904761904763,206.5833333333333,7.0,29.511904761904763,206.5833333333333,0,0.0,,0.0,1.0
S004,2022-11-06,10,0,23:00,11:00,2,3,1,-1,-1,-1,-1,-1,-1.0,-1.0,-1.0,-1,-1.0,-1.0,-1.0,1,-1,-1,0,30,10,3,2,2,2,1.0,5740.571428571428,93.62449436278858,,,0,10.0,22.701666666666668,227.01666666666668,10.0,22.701666666666668,227.01666666666668,0,0.0,,0.0,1.0
S006,2022-09-03,8,0,02:30,10:30,2,2,2,헬스,3,2,-1,경보,4.0,1.0,0.0,달리기,3.0,0.0,30.0,2,5,60,1,30,10,2,3,3,3,0.0,,,,,0,,,,,,,1,5.0,60.0,300.0,
S006,2022-09-10,10,0,03:00,13:00,2,2,2,헬스,4,2,-1,경보,3.0,2.0,0.0,달리기,3.0,2.0,0.0,2,5,60,1,0,10,2,3,2,2,0.0,,,,,0,,,,,,,1,5.0,60.0,300.0,
S006,2022-09-19,10,0,03:00,13:00,2,2,2,헬스,3,1,-1,달리기,3.0,0.0,30.0,경보,5.0,1.0,0.0,2,5,60,1,0,10,2,3,2,2,0.0,,,,,0,,,,,,,1,5.0,60.0,300.0,
S006,2022-09-24,7,0,03:00,10:00,2,2,2,헬스,3,1,-1,경보,3.0,1.0,0.0,달리기,3.0,0.0,30.0,2,5,60,1,0,10,2,3,2,2,0.0,,,,,0,,,,,,,1,5.0,60.0,300.0,
S006,2022-10-01,7,0,03:00,10:00,2,2,2,헬스,3,1,-1,경보,3.0,0.0,30.0,달리기,3.0,0.0,30.0,1,-1,-1,1,0,10,1,3,2,1,0.0,,,,,0,,,,,,,0,0.0,,0.0,
S006,2022-10-08,8,0,03:00,13:30,2,2,2,헬스,3,1,-1,달리기,3.0,0.0,30.0,경보,5.0,0.0,30.0,2,7,60,1,0,10,2,3,2,2,0.0,,,,,0,,,,,,,1,7.0,60.0,420.0,
S006,2022-10-15,10,0,03:00,11:00,2,2,1,-1,-1,-1,-1,-1,-1.0,-1.0,-1.0,-1,-1.0,-1.0,-1.0,2,3,60,1,0,10,2,3,2,2,0.0,,,,,0,,,,,,,1,3.0,60.0,180.0,
S006,2022-10-22,9,0,03:30,13:00,2,3,2,헬스,3,1,-1,달리기,3.0,0.0,30.0,0,,,,2,5,60,1,0,10,2,2,3,2,0.0,,,,,0,,,,,,,1,5.0,60.0,300.0,
S006,2022-10-29,5,0,05:00,10:00,2,2,2,헬스,2,1,-1,0,,,,0,,,,1,-1,-1,1,0,15,2,2,3,3,0.0,,,,,0,,,,,,,0,0.0,,0.0,
S006,2022-11-05,5,0,04:30,09:30,4,4,2,헬스,5,1,-1,0,,,,0,,,,1,-1,-1,1,0,5,2,3,3,2,0.0,,,,,0,,,,,,,0,0.0,,0.0,
S006,2022-11-12,5,0,05:00,10:00,4,1,1,-1,-1,-1,-1,-1,-1.0,-1.0,-1.0,-1,-1.0,-1.0,-1.0,1,-1,-1,1,30,10,2,2,3,2,0.0,,,,,0,,,,,,,0,0.0,,0.0,
S007,2022-09-03,7,0,02:00,08:00,3,3,2,달리기,1,2,-1,0,,,,0,,,,2,1,60,0,30,6,1,1,4,4,0.0,,,,,0,,,,,,,1,1.0,60.0,60.0,
S007,2022-09-10,7,0,02:00,09:00,3,3,2,달리기,1,2,-1,경보,2.0,0.0,30.0,0,,,,2,2,30,0,30,6,1,4,4,4,0.0,,,,,0,,,,,,,1,2.0,30.0,60.0,
S007,2022-09-17,7,0,03:00,10:00,2,2,2,달리기,1,2,-1,경보,3.0,1.0,0.0,0,,,,2,3,60,1,0,6,1,4,4,4,0.0,,,,,0,,,,,,,1,3.0,60.0,180.0,
S007,2022-09-24,7,0,02:00,09:00,1,1,2,달리기,1,2,-1,경보,3.0,1.0,0.0,0,,,,2,3,60,1,0,6,1,4,4,4,0.0,,,,,0,,,,,,,1,3.0,60.0,180.0,
S007,2022-10-01,7,0,02:30,09:30,1,1,1,-1,-1,-1,-1,-1,-1.0,-1.0,-1.0,-1,-1.0,-1.0,-1.0,2,3,60,1,0,6,1,2,2,2,0.0,,,,,0,,,,,,,1,3.0,60.0,180.0,
S007,2022-10-08,7,0,03:00,10:00,3,3,2,달리기,1,2,-1,경보,3.0,2.0,0.0,0,,,,2,3,120,1,0,6,1,4,4,4,1.0,11403.0,86.97860442738745,,,0,0.0,,0.0,0.0,,0.0,1,3.0,120.0,360.0,0.0
S007,2022-10-15,5,0,05:00,10:00,1,1,1,-1,-1,-1,-1,-1,-1.0,-1.0,-1.0,-1,-1.0,-1.0,-1.0,1,-1,-1,1,0,6,1,4,4,4,0.8571428571428571,8656.5,83.8214028894085,,,0,0.0,,0.0,0.0,,0.0,0,0.0,,0.0,0.0
S007,2022-10-22,6,0,05:00,11:00,4,4,1,-1,-1,-1,-1,-1,-1.0,-1.0,-1.0,-1,-1.0,-1.0,-1.0,1,-1,-1,1,0,6,1,4,4,4,0.5714285714285714,7056.0,89.23641756195501,,,0,0.0,,0.0,0.0,,0.0,0,0.0,,0.0,0.0
S007,2022-10-29,5,0,04:30,09:30,4,4,2,달리기,1,2,-1,0,,,,0,,,,1,-1,-1,1,30,6,3,1,1,4,0.0,,,,,0,,,,,,,0,0.0,,0.0,
S007,2022-11-05,6,0,04:00,11:00,4,4,2,달리기,1,2,-1,0,,,,0,,,,1,-1,-1,1,0,6,1,1,4,4,0.0,,,,,0,,,,,,,0,0.0,,0.0,
S008,2022-09-03,7,20,00:30,19:20,1,1,1,-1,-1,-1,-1,-1,-1.0,-1.0,-1.0,-1,-1.0,-1.0,-1.0,1,-1,-1,0,30,10,1,4,2,2,0.7142857142857143,12888.2,84.27349894771571,,,0,0.0,,0.0,0.0,,0.0,0,0.0,,0.0,0.0
S008,2022-09-10,8,0,00:30,09:00,1,1,1,-1,-1,-1,-1,-1,-1.0,-1.0,-1.0,-1,-1.0,-1.0,-1.0,1,-1,-1,0,50,15,1,4,1,1,0.8571428571428571,11712.333333333334,92.82833630766584,,,0,0.0,,0.0,0.0,,0.0,0,0.0,,0.0,0.0
S008,2022-09-19,7,0,12:14,09:04,1,1,1,-1,-1,-1,-1,-1,-1.0,-1.0,-1.0,-1,-1.0,-1.0,-1.0,1,-1,-1,0,30,15,1,4,2,2,0.4285714285714285,6819.333333333333,89.8754311428155,,,0,0.0,,0.0,0.0,,0.0,0,0.0,,0.0,0.0
S008,2022-09-25,7,0,00:30,21:00,1,1,1,-1,-1,-1,-1,-1,-1.0,-1.0,-1.0,-1,-1.0,-1.0,-1.0,1,-1,-1,0,30,15,1,4,2,2,0.0,,,,,0,,,,,,,0,0.0,,0.0,
S008,2022-10-04,8,0,00:30,08:30,1,1,1,-1,-1,-1,-1,-1,-1.0,-1.0,-1.0,-1,-1.0,-1.0,-1.0,1,-1,-1,0,30,9,1,4,2,2,0.8571428571428571,8748.0,87.13072918469392,352.3333333333333,68.33333333333333,3,2.0,40.13333333333333,80.26666666666667,2.0,40.13333333333333,80.26666666666667,0,0.0,,0.0,1.0
S008,2022-10-08,8,0,00:30,09:00,1,1,1,-1,-1,-1,-1,-1,-1.0,-1.0,-1.0,-1,-1.0,-1.0,-1.0,1,-1,-1,0,30,12,1,4,2,2,1.0,9537.857142857143,80.23416713638014,386.2,72.0,5,4.0,33.079166666666666,132.31666666666666,4.0,33.079166666666666,132.31666666666666,0,0.0,,0.0,1.0
S008,2022-10-15,8,0,03:00,11:00,1,1,1,-1,-1,-1,-1,-1,-1.0,-1.0,-1.0,-1,-1.0,-1.0,-1.0,1,-1,-1,0,30,12,1,3,2,2,1.0,7802.142857142857,74.8882992623585,398.8333333333333,76.5,6,4.0,21.12083333333333,84.48333333333332,4.0,21.12083333333333,84.48333333333332,0,0.0,,0.0,1.0
S008,2022-10-23,8,0,01:00,21:00,1,1,1,-1,-1,-1,-1,-1,-1.0,-1.0,-1.0,-1,-1.0,-1.0,-1.0,1,-1,-1,0,30,15,1,4,2,2,0.0,,,,,0,,,,,,,0,0.0,,0.0,
S008,2022-10-29,8,0,02:00,10:00,1,1,1,-1,-1,-1,-1,-1,-1.0,-1.0,-1.0,-1,-1.0,-1.0,-1.0,1,-1,-1,0,30,15,1,4,2,1,0.2857142857142857,14767.5,84.14910790070338,395.0,73.0,1,2.0,21.766666666666666,43.53333333333333,2.0,21.766666666666666,43.53333333333333,0,0.0,,0.0,1.0
S008,2022-11-09,8,0,13:29,10:00,1,1,1,-1,-1,-1,-1,-1,-1.0,-1.0,-1.0,-1,-1.0,-1.0,-1.0,1,-1,-1,0,15,9,1,4,1,1,1.0,9241.0,80.30839720302609,411.1428571428572,77.71428571428571,7,1.0,17.916666666666668,17.916666666666668,1.0,17.916666666666668,17.916666666666668,0,0.0,,0.0,1.0
S008,2022-11-15,8,0,02:00,22:00,1,1,1,-1,-1,-1,-1,-1,-1.0,-1.0,-1.0,-1,-1.0,-1.0,-1.0,1,-1,-1,0,30,9,1,4,1,1,1.0,11338.57142857143,84.74448789316486,415.57142857142856,74.42857142857143,7,2.0,19.625,39.25,2.0,19.625,39.25,0,0.0,,0.0,1.0
S012,2022-09-03,8,0,03:28,12:28,3,2,1,-1,-1,-1,-1,-1,-1.0,-1.0,-1.0,-1,-1.0,-1.0,-1.0,1,-1,-1,2,0,6,1,4,2,1,0.7142857142857143,7651.6,84.59980532558605,546.0,86.0,1,0.0,,0.0,0.0,,0.0,0,0.0,,0.0,0.0
S012,2022-09-10,7,0,03:00,12:00,3,3,1,-1,-1,-1,-1,-1,-1.0,-1.0,-1.0,-1,-1.0,-1.0,-1.0,1,-1,-1,0,30,5,2,4,2,1,1.0,9420.42857142857,81.81073359001891,368.0,76.33333333333333,6,2.0,21.333333333333336,42.66666666666667,2.0,21.333333333333336,42.66666666666667,0,0.0,,0.0,1.0
S012,2022-09-17,5,0,03:18,08:26,2,3,1,-1,-1,-1,-1,-1,-1.0,-1.0,-1.0,-1,-1.0,-1.0,-1.0,1,-1,-1,0,30,5,2,3,2,1,1.0,8198.714285714286,77.04268001888052,289.0,74.33333333333333,3,2.0,24.4,48.8,2.0,24.4,48.8,0,0.0,,0.0,1.0
S012,2022-09-24,7,0,00:00,07:00,1,4,1,-1,-1,-1,-1,-1,-1.0,-1.0,-1.0,-1,-1.0,-1.0,-1.0,1,-1,-1,0,30,5,2,2,3,1,0.8571428571428571,7618.333333333333,79.51190767411619,424.0,79.5,2,1.0,21.65,21.65,1.0,21.65,21.65,0,0.0,,0.0,1.0
S012,2022-10-01,6,0,01:00,07:00,2,4,1,-1,-1,-1,-1,-1,-1.0,-1.0,-1.0,-1,-1.0,-1.0,-1.0,1,-1,-1,1,0,5,1,3,3,1,0.8571428571428571,7017.666666666667,82.53923346780476,331.0,75.0,2,2.0,24.75,49.5,2.0,24.75,49.5,0,0.0,,0.0,1.0
S012,2022-10-08,7,0,02:06,09:07,2,4,1,-1,-1,-1,-1,-1,-1.0,-1.0,-1.0,-1,-1.0,-1.0,-1.0,1,-1,-1,0,30,5,1,3,3,1,0.5714285714285714,4904.0,78.89009945515208,,,0,0.0,,0.0,0.0,,0.0,0,0.0,,0.0,0.0
S012,2022-10-15,8,0,03:00,11:00,1,1,1,-1,-1,-1,-1,-1,-1.0,-1.0,-1.0,-1,-1.0,-1.0,-1.0,1,-1,-1,0,20,3,2,3,2,2,0.2857142857142857,1285.5,72.47051020408163,,,0,0.0,,0.0,0.0,,0.0,0,0.0,,0.0,0.0
S012,2022-10-23,7,0,03:17,10:54,2,4,1,-1,-1,-1,-1,-1,-1.0,-1.0,-1.0,-1,-1.0,-1.0,-1.0,1,-1,-1,0,20,2,2,3,2,2,0.0,,,,,0,,,,,,,0,0.0,,0.0,
S012,2022-10-29,8,0,02:00,22:01,1,2,2,달리기,1,2,-1,0,,,,0,,,,1,-1,-1,0,30,6,2,3,3,1,0.5714285714285714,9736.25,85.68257699459409,,,0,1.0,23.05,23.05,1.0,23.05,23.05,0,0.0,,0.0,1.0
S012,2022-11-06,5,0,04:00,09:00,1,4,1,-1,-1,-1,-1,-1,-1.0,-1.0,-1.0,-1,-1.0,-1.0,-1.0,1,-1,-1,0,30,6,2,3,3,2,0.1428571428571428,8094.0,84.00016803898504,,,0,0.0,,0.0,0.0,,0.0,0,0.0,,0.0,0.0
S013,2022-09-03,9,0,01:00,09:10,1,1,1,-1,-1,-1,-1,-1,-1.0,-1.0,-1.0,-1,-1.0,-1.0,-1.0,1,-1,-1,0,20,2,1,4,1,1,1.0,3980.0,89.86145542454292,425.7142857142857,77.57142857142857,7,2.0,21.33333333333333,42.66666666666666,2.0,21.33333333333333,42.66666666666666,0,0.0,,0.0,1.0
S013,2022-09-11,9,0,01:50,09:00,1,1,1,-1,-1,-1,-1,-1,-1.0,-1.0,-1.0,-1,-1.0,-1.0,-1.0,1,-1,-1,0,40,2,1,4,1,1,1.0,6897.0,88.76077542800628,424.0,76.28571428571429,7,6.0,24.07777777777777,144.46666666666664,6.0,24.07777777777777,144.46666666666664,0,0.0,,0.0,1.0
S013,2022-09-18,8,0,03:00,09:20,1,1,1,-1,-1,-1,-1,-1,-1.0,-1.0,-1.0,-1,-1.0,-1.0,-1.0,1,-1,-1,0,20,2,1,4,1,1,1.0,10024.285714285714,93.08632527520504,358.5,74.83333333333333,6,5.0,38.586666666666666,192.9333333333333,5.0,38.586666666666666,192.9333333333333,0,0.0,,0.0,1.0
S013,2022-09-28,8,0,02:00,09:33,1,1,1,-1,-1,-1,-1,-1,-1.0,-1.0,-1.0,-1,-1.0,-1.0,-1.0,2,1,60,0,40,2,1,4,1,1,0.7142857142857143,8798.6,83.32872716676673,425.5,79.0,2,3.0,39.82222222222223,119.46666666666668,3.0,39.82222222222223,119.46666666666668,1,1.0,60.0,60.0,1.0
S013,2022-10-03,8,0,03:00,10:00,1,1,1,-1,-1,-1,-1,-1,-1.0,-1.0,-1.0,-1,-1.0,-1.0,-1.0,2,1,60,0,30,2,1,4,1,1,1.0,8465.714285714286,85.08972856008845,386.0,77.5,2,1.0,88.73333333333333,88.73333333333333,1.0,88.73333333333333,88.73333333333333,1,1.0,60.0,60.0,1.0
S013,2022-10-19,8,0,04:00,13:20,1,1,1,-1,-1,-1,-1,-1,-1.0,-1.0,-1.0,-1,-1.0,-1.0,-1.0,2,1,30,0,30,2,1,4,1,1,1.0,7085.428571428572,88.37666946311982,404.2857142857143,78.28571428571429,7,3.0,36.11666666666667,108.35,3.0,36.11666666666667,108.35,1,1.0,30.0,30.0,1.0
S013,2022-10-24,8,0,03:21,13:21,1,1,1,-1,-1,-1,-1,-1,-1.0,-1.0,-1.0,-1,-1.0,-1.0,-1.0,1,-1,-1,0,30,2,1,4,1,1,1.0,5551.0,86.89936052890684,437.1666666666667,81.0,6,3.0,23.33888888888889,70.01666666666667,3.0,23.33888888888889,70.01666666666667,0,0.0,,0.0,1.0
S013,2022-10-28,8,0,03:30,09:30,1,1,1,-1,-1,-1,-1,-1,-1.0,-1.0,-1.0,-1,-1.0,-1.0,-1.0,1,-1,-1,0,30,2,1,4,1,1,1.0,5113.0,86.4033326678521,429.0,74.85714285714286,7,1.0,16.25,16.25,1.0,16.25,16.25,0,0.0,,0.0,1.0
S013,2022-11-01,8,0,03:00,09:30,1,1,1,-1,-1,-1,-1,-1,-1.0,-1.0,-1.0,-1,-1.0,-1.0,-1.0,1,-1,-1,0,30,2,1,4,1,1,1.0,6630.857142857143,88.45170487066132,353.42857142857144,69.0,7,1.0,15.366666666666667,15.366666666666667,1.0,15.366666666666667,15.366666666666667,0,0.0,,0.0,1.0
S013,2022-11-08,8,0,03:00,09:20,1,1,1,-1,-1,-1,-1,-1,-1.0,-1.0,-1.0,-1,-1.0,-1.0,-1.0,1,-1,-1,0,30,2,1,4,1,1,1.0,5330.428571428572,87.70072875344373,401.57142857142856,79.14285714285714,7,1.0,16.216666666666665,16.216666666666665,1.0,16.216666666666665,16.216666666666665,0,0.0,,0.0,1.0
S013,2022-11-12,7,0,03:00,09:00,1,1,1,-1,-1,-1,-1,-1,-1.0,-1.0,-1.0,-1,-1.0,-1.0,-1.0,1,-1,-1,0,30,2,1,4,1,1,1.0,7498.285714285715,88.86704539290224,411.8571428571428,75.0,7,3.0,24.772222222222226,74.31666666666666,3.0,24.772222222222226,74.31666666666666,0,0.0,,0.0,1.0
S015,2022-09-03,8,0,01:00,09:00,1,1,1,-1,-1,-1,-1,-1,-1.0,-1.0,-1.0,-1,-1.0,-1.0,-1.0,1,-1,-1,1,0,5,1,4,1,1,0.0,,,,,0,,,,,,,0,0.0,,0.0,
S015,2022-09-10,9,0,02:00,10:00,1,2,1,-1,-1,-1,-1,-1,-1.0,-1.0,-1.0,-1,-1.0,-1.0,-1.0,1,-1,-1,0,30,2,1,3,2,1,0.0,,,,,0,,,,,,,0,0.0,,0.0,
S015,2022-09-18,7,0,03:00,10:00,1,1,1,-1,-1,-1,-1,-1,-1.0,-1.0,-1.0,-1,-1.0,-1.0,-1.0,1,-1,-1,0,30,5,1,4,2,1,0.0,,,,,0,,,,,,,0,0.0,,0.0,
S015,2022-09-24,7,0,02:00,09:00,1,1,1,-1,-1,-1,-1,-1,-1.0,-1.0,-1.0,-1,-1.0,-1.0,-1.0,1,-1,-1,0,20,4,1,3,3,2,0.0,,,,,0,,,,,,,0,0.0,,0.0,
S015,2022-10-01,8,0,02:00,10:00,1,1,1,-1,-1,-1,-1,-1,-1.0,-1.0,-1.0,-1,-1.0,-1.0,-1.0,1,-1,-1,0,20,4,1,4,2,1,0.0,,,,,0,,,,,,,0,0.0,,0.0,
S015,2022-10-08,8,0,01:00,09:00,1,1,1,-1,-1,-1,-1,-1,-1.0,-1.0,-1.0,-1,-1.0,-1.0,-1.0,1,-1,-1,1,0,4,1,4,3,1,0.0,,,,,0,,,,,,,0,0.0,,0.0,
S015,2022-10-16,8,0,02:00,10:00,1,2,1,-1,-1,-1,-1,-1,-1.0,-1.0,-1.0,-1,-1.0,-1.0,-1.0,1,-1,-1,0,20,4,2,2,4,2,0.0,,,,,0,,,,,,,0,0.0,,0.0,
S015,2022-10-22,8,0,02:00,10:00,1,1,1,-1,-1,-1,-1,-1,-1.0,-1.0,-1.0,-1,-1.0,-1.0,-1.0,1,-1,-1,0,20,4,1,4,2,1,0.0,,,,,0,,,,,,,0,0.0,,0.0,
S015,2022-10-29,9,0,01:00,10:00,1,1,1,-1,-1,-1,-1,-1,-1.0,-1.0,-1.0,-1,-1.0,-1.0,-1.0,1,-1,-1,0,30,4,1,4,2,1,0.0,,,,,0,,,,,,,0,0.0,,0.0,
S015,2022-11-05,7,0,02:00,09:00,1,1,1,-1,-1,-1,-1,-1,-1.0,-1.0,-1.0,-1,-1.0,-1.0,-1.0,1,-1,-1,0,20,4,1,4,1,1,0.0,,,,,0,,,,,,,0,0.0,,0.0,
S016,2022-09-03,8,0,02:00,10:00,2,2,1,-1,-1,-1,-1,-1,-1.0,-1.0,-1.0,-1,-1.0,-1.0,-1.0,1,-1,-1,0,40,3,2,3,3,2,1.0,1423.2857142857142,96.9472818747976,,,0,1.0,22.183333333333334,22.183333333333334,1.0,22.183333333333334,22.183333333333334,0,0.0,,0.0,1.0
S016,2022-09-11,8,0,00:30,09:40,2,2,1,-1,-1,-1,-1,-1,-1.0,-1.0,-1.0,-1,-1.0,-1.0,-1.0,1,-1,-1,0,30,3,2,3,2,2,0.5714285714285714,2825.75,88.98068594389088,374.5,76.75,4,0.0,,0.0,0.0,,0.0,0,0.0,,0.0,0.0
S016,2022-09-17,8,0,00:30,09:00,2,1,1,-1,-1,-1,-1,-1,-1.0,-1.0,-1.0,-1,-1.0,-1.0,-1.0,1,-1,-1,0,30,3,3,2,3,3,0.8571428571428571,4347.5,93.80458157527733,460.0,78.0,1,3.0,15.666666666666666,47.0,3.0,15.666666666666666,47.0,0,0.0,,0.0,1.0
S016,2022-09-24,8,0,01:00,09:30,2,2,1,-1,-1,-1,-1,-1,-1.0,-1.0,-1.0,-1,-1.0,-1.0,-1.0,1,-1,-1,0,30,3,2,2,2,3,1.0,3433.428571428572,79.54607732696856,429.0,82.4,5,1.0,18.766666666666666,18.766666666666666,1.0,18.766666666666666,18.766666666666666,0,0.0,,0.0,1.0
S016,2022-10-03,8,0,01:30,10:00,1,2,1,-1,-1,-1,-1,-1,-1.0,-1.0,-1.0,-1,-1.0,-1.0,-1.0,1,-1,-1,0,30,3,2,3,3,2,0.0,,,,,0,,,,,,,0,0.0,,0.0,
S016,2022-10-09,8,0,01:00,10:00,1,2,1,-1,-1,-1,-1,-1,-1.0,-1.0,-1.0,-1,-1.0,-1.0,-1.0,1,-1,-1,0,30,3,2,2,1,3,0.0,,,,,0,,,,,,,0,0.0,,0.0,
S016,2022-10-15,8,0,00:30,09:00,3,1,1,-1,-1,-1,-1,-1,-1.0,-1.0,-1.0,-1,-1.0,-1.0,-1.0,1,-1,-1,0,30,3,2,3,2,2,0.7142857142857143,2088.8,80.7126676579459,483.3333333333333,78.66666666666667,3,0.0,,0.0,0.0,,0.0,0,0.0,,0.0,0.0
S016,2022-10-23,9,0,01:30,09:30,2,2,1,-1,-1,-1,-1,-1,-1.0,-1.0,-1.0,-1,-1.0,-1.0,-1.0,1,-1,-1,0,30,3,2,3,3,2,1.0,3814.857142857143,79.59325344689496,,,0,0.0,,0.0,0.0,,0.0,0,0.0,,0.0,0.0
S016,2022-10-29,8,0,01:00,09:00,3,1,1,-1,-1,-1,-1,-1,-1.0,-1.0,-1.0,-1,-1.0,-1.0,-1.0,1,-1,-1,0,30,3,2,2,3,2,0.2857142857142857,2747.5,76.8978073984994,,,0,0.0,,0.0,0.0,,0.0,0,0.0,,0.0,0.0
S016,2022-11-07,8,0,00:00,08:30,3,1,1,-1,-1,-1,-1,-1,-1.0,-1.0,-1.0,-1,-1.0,-1.0,-1.0,1,-1,-1,0,30,3,2,2,3,2,1.0,3576.714285714286,81.15186352913597,487.25,86.75,4,0.0,,0.0,0.0,,0.0,0,0.0,,0.0,0.0
S016,2022-11-12,8,0,01:00,21:00,3,1,1,-1,-1,-1,-1,-1,-1.0,-1.0,-1.0,-1,-1.0,-1.0,-1.0,1,-1,-1,0,30,3,2,3,2,2,1.0,2826.1428571428573,84.35712017064328,467.0,86.33333333333333,3,0.0,,0.0,0.0,,0.0,0,0.0,,0.0,0.0
S019,2022-09-03,8,0,23:30,07:00,1,3,1,-1,-1,-1,-1,-1,-1.0,-1.0,-1.0,-1,-1.0,-1.0,-1.0,1,-1,-1,0,60,15,1,3,2,1,1.0,10147.42857142857,80.45867178438107,422.2857142857143,80.28571428571429,7,8.0,20.154166666666665,161.23333333333332,8.0,20.154166666666665,161.23333333333332,0,0.0,,0.0,1.0
S019,2022-09-10,8,0,00:00,08:30,1,1,1,-1,-1,-1,-1,-1,-1.0,-1.0,-1.0,-1,-1.0,-1.0,-1.0,1,-1,-1,1,0,20,1,3,2,2,1.0,8708.57142857143,74.83447521586517,452.57142857142856,85.57142857142857,7,5.0,16.373333333333335,81.86666666666667,5.0,16.373333333333335,81.86666666666667,0,0.0,,0.0,1.0
S019,2022-09-17,8,17,23:30,08:00,1,2,1,-1,-1,-1,-1,-1,-1.0,-1.0,-1.0,-1,-1.0,-1.0,-1.0,1,-1,-1,2,0,20,1,2,3,3,1.0,6232.857142857143,74.91395755008814,482.3333333333333,84.16666666666667,6,5.0,19.45,97.25,5.0,19.45,97.25,0,0.0,,0.0,1.0
S019,2022-09-24,10,0,23:00,09:00,1,1,1,-1,-1,-1,-1,-1,-1.0,-1.0,-1.0,-1,-1.0,-1.0,-1.0,1,-1,-1,1,30,20,1,3,2,2,1.0,8178.142857142857,77.58472597116041,464.2857142857143,81.28571428571429,7,7.0,21.454761904761902,150.18333333333334,7.0,21.454761904761902,150.18333333333334,0,0.0,,0.0,1.0
S019,2022-10-01,7,30,08:00,00:00,1,1,1,-1,-1,-1,-1,-1,-1.0,-1.0,-1.0,-1,-1.0,-1.0,-1.0,1,-1,-1,2,0,20,1,3,2,2,1.0,8951.42857142857,81.39328910943571,460.8571428571428,82.71428571428571,7,6.0,18.48611111111111,110.91666666666666,6.0,18.48611111111111,110.91666666666666,0,0.0,,0.0,1.0
S019,2022-10-09,6,30,08:00,01:00,1,1,1,-1,-1,-1,-1,-1,-1.0,-1.0,-1.0,-1,-1.0,-1.0,-1.0,1,-1,-1,2,0,20,2,2,2,2,1.0,8606.142857142857,74.67268626534106,303.57142857142856,77.14285714285714,7,4.0,20.479166666666664,81.91666666666666,4.0,20.479166666666664,81.91666666666666,0,0.0,,0.0,1.0
S019,2022-10-15,4,30,02:00,07:30,1,1,1,-1,-1,-1,-1,-1,-1.0,-1.0,-1.0,-1,-1.0,-1.0,-1.0,1,-1,-1,1,30,20,2,2,3,2,1.0,7366.0,74.57899146787993,275.8333333333333,68.16666666666667,6,3.0,19.91111111111111,59.73333333333333,3.0,19.91111111111111,59.73333333333333,0,0.0,,0.0,1.0
S019,2022-10-22,6,40,08:00,00:00,1,1,1,-1,-1,-1,-1,-1,-1.0,-1.0,-1.0,-1,-1.0,-1.0,-1.0,1,-1,-1,1,30,12,2,3,2,2,1.0,6838.285714285715,78.16878625594863,345.1666666666667,77.0,6,3.0,16.494444444444444,49.48333333333333,3.0,16.494444444444444,49.48333333333333,0,0.0,,0.0,1.0
S019,2022-10-30,8,0,09:00,23:30,1,1,1,-1,-1,-1,-1,-1,-1.0,-1.0,-1.0,-1,-1.0,-1.0,-1.0,1,-1,-1,1,0,10,1,3,2,2,1.0,7657.0,73.48437621590948,449.0,83.0,7,0.0,,0.0,0.0,,0.0,0,0.0,,0.0,0.0
S019,2022-11-05,9,0,09:30,23:30,1,2,1,-1,-1,-1,-1,-1,-1.0,-1.0,-1.0,-1,-1.0,-1.0,-1.0,2,3,60,1,0,20,1,3,2,2,1.0,6235.285714285715,73.75328911862643,478.7142857142857,83.28571428571429,7,1.0,18.766666666666666,18.766666666666666,1.0,18.766666666666666,18.766666666666666,1,3.0,60.0,180.0,1.0
S019,2022-11-15,8,0,12:00,08:00,1,2,1,-1,-1,-1,-1,-1,-1.0,-1.0,-1.0,-1,-1.0,-1.0,-1.0,1,-1,-1,1,0,10,1,3,2,2,0.0,,,,,0,,,,,,,0,0.0,,0.0,
S021,2022-09-03,7,0,02:00,09:07,2,1,1,-1,-1,-1,-1,-1,-1.0,-1.0,-1.0,-1,-1.0,-1.0,-1.0,1,-1,-1,0,20,3,1,3,3,2,0.0,,,,,0,,,,,,,0,0.0,,0.0,
S021,2022-09-10,7,0,12:00,20:00,2,2,1,-1,-1,-1,-1,-1,-1.0,-1.0,-1.0,-1,-1.0,-1.0,-1.0,1,-1,-1,0,30,3,1,3,3,3,0.0,,,,,0,,,,,,,0,0.0,,0.0,
S021,2022-09-17,6,0,03:00,10:00,2,1,1,-1,-1,-1,-1,-1,-1.0,-1.0,-1.0,-1,-1.0,-1.0,-1.0,1,-1,-1,0,15,3,1,3,2,1,0.0,,,,,0,,,,,,,0,0.0,,0.0,
S021,2022-09-24,6,0,03:00,09:00,1,1,1,-1,-1,-1,-1,-1,-1.0,-1.0,-1.0,-1,-1.0,-1.0,-1.0,1,-1,-1,0,15,6,1,3,3,2,0.0,,,,,0,,,,,,,0,0.0,,0.0,
S021,2022-10-09,6,0,03:30,10:30,3,1,1,-1,-1,-1,-1,-1,-1.0,-1.0,-1.0,-1,-1.0,-1.0,-1.0,1,-1,-1,0,15,3,1,4,2,2,0.8571428571428571,5681.833333333333,82.98951572754848,427.1666666666667,74.0,6,0.0,,0.0,0.0,,0.0,0,0.0,,0.0,0.0
S021,2022-10-15,6,0,02:00,09:03,2,2,1,-1,-1,-1,-1,-1,-1.0,-1.0,-1.0,-1,-1.0,-1.0,-1.0,1,-1,-1,0,15,3,1,3,2,2,0.0,,,,,0,,,,,,,0,0.0,,0.0,
S021,2022-10-22,7,0,02:00,09:00,2,1,1,-1,-1,-1,-1,-1,-1.0,-1.0,-1.0,-1,-1.0,-1.0,-1.0,1,-1,-1,0,15,3,1,3,2,2,0.0,,,,,0,,,,,,,0,0.0,,0.0,
S021,2022-10-29,0,7,02:00,09:00,1,1,1,-1,-1,-1,-1,-1,-1.0,-1.0,-1.0,-1,-1.0,-1.0,-1.0,1,-1,-1,0,15,3,1,3,2,1,0.0,,,,,0,,,,,,,0,0.0,,0.0,
S021,2022-11-05,7,0,03:00,10:00,2,1,1,-1,-1,-1,-1,-1,-1.0,-1.0,-1.0,-1,-1.0,-1.0,-1.0,1,-1,-1,0,10,3,1,3,2,2,0.0,,,,,0,,,,,,,0,0.0,,0.0,
S021,2022-11-12,7,0,02:00,09:00,1,1,1,-1,-1,-1,-1,-1,-1.0,-1.0,-1.0,-1,-1.0,-1.0,-1.0,1,-1,-1,0,15,3,1,3,2,2,0.0,,,,,0,,,,,,,0,0.0,,0.0,
S026,2022-09-03,7,30,00:30,21:10,1,1,2,헬스,3,1,-1,경보,6.0,,30.0,달리기,3.0,,10.0,2,6,30,1,0,5,1,4,2,1,0.5714285714285714,8912.5,98.2645759185112,,,0,1.0,16.316666666666666,16.316666666666666,1.0,16.316666666666666,16.316666666666666,1,6.0,30.0,180.0,1.0
S026,2022-09-10,8,0,01:10,21:00,2,1,2,헬스,4,1,-1,경보,5.0,0.0,30.0,달리기,2.0,0.0,20.0,2,5,30,1,0,5,1,4,2,1,0.8571428571428571,1892.8333333333333,92.44994451915646,,,0,0.0,,0.0,0.0,,0.0,1,5.0,30.0,150.0,0.0
S026,2022-09-17,7,0,00:30,09:24,1,1,2,경보,4,1,-1,달리기,2.0,0.0,10.0,헬스,3.0,0.0,30.0,1,-1,-1,0,30,5,1,4,2,2,0.7142857142857143,4766.4,89.68852371521905,,,0,2.0,15.791666666666666,31.58333333333333,2.0,15.791666666666666,31.58333333333333,0,0.0,,0.0,1.0
S026,2022-09-24,8,0,00:09,21:00,1,1,1,-1,-1,-1,-1,-1,-1.0,-1.0,-1.0,-1,-1.0,-1.0,-1.0,2,3,20,0,30,5,1,4,1,1,0.8571428571428571,6104.166666666667,91.24528935388771,,,0,4.0,17.925,71.7,4.0,17.925,71.7,1,3.0,20.0,60.0,1.0
S026,2022-10-01,7,0,00:00,09:00,1,1,1,-1,-1,-1,-1,-1,-1.0,-1.0,-1.0,-1,-1.0,-1.0,-1.0,2,3,30,0,40,8,1,3,1,3,1.0,7010.285714285715,95.49281751677152,,,0,2.0,29.916666666666668,59.833333333333336,2.0,29.916666666666668,59.833333333333336,1,3.0,30.0,90.0,1.0
S026,2022-10-09,6,30,00:50,21:00,2,1,1,-1,-1,-1,-1,-1,-1.0,-1.0,-1.0,-1,-1.0,-1.0,-1.0,2,3,30,1,0,6,1,3,4,2,0.5714285714285714,695.25,96.03785518514104,,,0,0.0,,0.0,0.0,,0.0,1,3.0,30.0,90.0,0.0
S026,2022-10-15,8,0,02:26,09:00,2,1,1,-1,-1,-1,-1,-1,-1.0,-1.0,-1.0,-1,-1.0,-1.0,-1.0,2,5,30,1,0,7,1,3,3,1,0.0,,,,,0,,,,,,,1,5.0,30.0,150.0,
S030,2022-10-01,7,30,00:30,22:00,2,1,1,-1,-1,-1,-1,-1,-1.0,-1.0,-1.0,-1,-1.0,-1.0,-1.0,1,-1,-1,0,30,7,2,2,2,2,0.8571428571428571,8654.333333333334,82.91583879366384,411.5,80.0,4,1.0,48.63333333333333,48.63333333333333,1.0,48.63333333333333,48.63333333333333,0,0.0,,0.0,1.0
S030,2022-10-11,7,0,02:02,22:40,2,1,1,-1,-1,-1,-1,-1,-1.0,-1.0,-1.0,-1,-1.0,-1.0,-1.0,1,-1,-1,0,30,10,1,3,2,2,1.0,5098.285714285715,77.02996118836609,417.1666666666667,83.0,6,3.0,17.650000000000002,52.95,3.0,17.650000000000002,52.95,0,0.0,,0.0,1.0
S030,2022-10-24,7,0,13:30,10:21,2,1,1,-1,-1,-1,-1,-1,-1.0,-1.0,-1.0,-1,-1.0,-1.0,-1.0,1,-1,-1,1,30,5,2,4,2,2,1.0,7779.428571428572,86.76303468835017,342.75,76.75,4,4.0,21.125,84.5,4.0,21.125,84.5,0,0.0,,0.0,1.0
S030,2022-11-05,8,0,01:40,22:45,1,1,1,-1,-1,-1,-1,-1,-1.0,-1.0,-1.0,-1,-1.0,-1.0,-1.0,1,-1,-1,0,30,10,1,2,1,2,1.0,3602.5714285714284,80.43051479790583,442.8333333333333,81.33333333333333,6,0.0,,0.0,0.0,,0.0,0,0.0,,0.0,0.0
S030,2022-11-12,9,0,01:20,10:40,1,1,1,-1,-1,-1,-1,-1,-1.0,-1.0,-1.0,-1,-1.0,-1.0,-1.0,1,-1,-1,0,40,10,1,3,2,1,1.0,6543.142857142857,86.90576551138012,430.5,83.0,4,4.0,22.620833333333334,90.48333333333332,4.0,22.620833333333334,90.48333333333332,0,0.0,,0.0,1.0
S032,2022-09-03,10,30,00:30,09:00,1,1,1,-1,-1,-1,-1,-1,-1.0,-1.0,-1.0,-1,-1.0,-1.0,-1.0,1,-1,-1,1,0,5,1,4,1,1,0.0,,,,,0,,,,,,,0,0.0,,0.0,
S032,2022-09-11,10,30,00:30,09:00,1,1,1,-1,-1,-1,-1,-1,-1.0,-1.0,-1.0,-1,-1.0,-1.0,-1.0,1,-1,-1,1,0,5,1,4,1,1,0.2857142857142857,1092.5,,,,0,0.0,,0.0,0.0,,0.0,0,0.0,,0.0,0.0
S032,2022-09-17,10,0,00:30,09:00,1,1,1,-1,-1,-1,-1,-1,-1.0,-1.0,-1.0,-1,-1.0,-1.0,-1.0,1,-1,-1,1,0,5,1,4,1,1,1.0,6848.142857142857,88.48588782716709,,,0,0.0,,0.0,0.0,,0.0,0,0.0,,0.0,0.0
S033,2022-09-10,6,0,00:12,06:13,1,1,1,-1,-1,-1,-1,-1,-1.0,-1.0,-1.0,-1,-1.0,-1.0,-1.0,2,1,38,0,15,3,1,2,3,2,0.5714285714285714,4594.25,92.22589433452484,368.0,81.0,1,3.0,29.022222222222226,87.06666666666666,3.0,29.022222222222226,87.06666666666666,1,1.0,38.0,38.0,1.0
S033,2022-09-17,6,0,00:10,06:10,1,1,1,-1,-1,-1,-1,-1,-1.0,-1.0,-1.0,-1,-1.0,-1.0,-1.0,1,-1,-1,0,30,3,1,1,1,4,0.0,,,,,0,,,,,,,0,0.0,,0.0,
S033,2022-09-24,6,0,00:40,06:40,1,1,1,-1,-1,-1,-1,-1,-1.0,-1.0,-1.0,-1,-1.0,-1.0,-1.0,1,-1,-1,1,0,3,1,3,4,4,0.0,,,,,0,,,,,,,0,0.0,,0.0,
S033,2022-10-07,6,0,00:04,06:04,1,1,1,-1,-1,-1,-1,-1,-1.0,-1.0,-1.0,-1,-1.0,-1.0,-1.0,2,1,30,0,15,3,1,2,4,4,0.0,,,,,0,,,,,,,1,1.0,30.0,30.0,
S033,2022-10-08,6,0,23:02,06:02,1,1,2,요가(또는 필라테스),2,1,-1,0,,,,0,,,,1,-1,-1,0,30,3,1,2,2,4,0.0,,,,,0,,,,,,,0,0.0,,0.0,
S033,2022-10-15,6,0,00:00,06:00,1,1,1,-1,-1,-1,-1,-1,-1.0,-1.0,-1.0,-1,-1.0,-1.0,-1.0,1,-1,-1,0,30,3,1,3,2,2,0.0,,,,,0,,,,,,,0,0.0,,0.0,
S033,2022-10-23,6,0,00:33,05:33,1,1,1,-1,-1,-1,-1,-1,-1.0,-1.0,-1.0,-1,-1.0,-1.0,-1.0,1,-1,-1,1,0,3,1,4,4,2,0.0,,,,,0,,,,,,,0,0.0,,0.0,
S033,2022-11-01,5,0,02:00,06:00,1,1,1,-1,-1,-1,-1,-1,-1.0,-1.0,-1.0,-1,-1.0,-1.0,-1.0,1,-1,-1,0,15,3,1,4,4,4,0.0,,,,,0,,,,,,,0,0.0,,0.0,
S033,2022-11-05,3,0,03:00,06:00,1,1,2,요가(또는 필라테스),2,0,-1,0,,,,0,,,,1,-1,-1,0,30,2,1,2,3,2,0.0,,,,,0,,,,,,,0,0.0,,0.0,
S033,2022-11-12,5,0,00:34,05:34,1,1,1,-1,-1,-1,-1,-1,-1.0,-1.0,-1.0,-1,-1.0,-1.0,-1.0,1,-1,-1,0,30,2,1,4,4,4,0.0,,,,,0,,,,,,,0,0.0,,0.0,
S033,2022-11-20,5,0,01:18,05:18,1,1,1,-1,-1,-1,-1,-1,-1.0,-1.0,-1.0,-1,-1.0,-1.0,-1.0,1,-1,-1,0,30,2,1,4,4,4,0.0,,,,,0,,,,,,,0,0.0,,0.0,
S040,2022-09-10,9,0,01:00,09:00,2,2,1,-1,-1,-1,-1,-1,-1.0,-1.0,-1.0,-1,-1.0,-1.0,-1.0,1,-1,-1,0,30,4,3,1,4,3,1.0,7482.428571428572,93.3590156949541,420.0,76.66666666666667,3,2.0,35.85,71.7,2.0,35.85,71.7,0,0.0,,0.0,1.0
S040,2022-09-17,7,0,02:00,09:30,2,2,2,자전거,3,1,-1,0,,,,0,,,,1,-1,-1,1,30,4,3,1,4,4,1.0,8690.57142857143,93.80446180453472,415.0,74.5,4,4.0,22.85833333333333,91.43333333333334,4.0,22.85833333333333,91.43333333333334,0,0.0,,0.0,1.0
S040,2022-09-24,8,0,02:00,21:30,2,2,2,자전거,4,1,-1,0,,,,0,,,,2,2,40,1,30,4,2,2,4,4,1.0,7081.428571428572,95.9454819271008,292.0,65.5,2,3.0,26.627777777777776,79.88333333333333,3.0,26.627777777777776,79.88333333333333,1,2.0,40.0,80.0,1.0
S040,2022-10-02,8,0,02:00,09:00,2,3,2,경보,3,1,-1,0,,,,0,,,,2,2,30,0,30,4,2,2,3,4,1.0,11804.285714285714,91.37428058243472,412.0,76.0,2,6.0,28.75555555555556,172.53333333333336,6.0,28.75555555555556,172.53333333333336,1,2.0,30.0,60.0,1.0
S040,2022-10-08,8,0,02:00,08:40,2,2,1,-1,-1,-1,-1,-1,-1.0,-1.0,-1.0,-1,-1.0,-1.0,-1.0,1,-1,-1,1,0,4,2,2,3,2,1.0,9095.42857142857,85.098459768092,391.0,78.0,3,8.0,25.397916666666667,203.1833333333333,8.0,25.397916666666667,203.1833333333333,0,0.0,,0.0,1.0
S040,2022-10-15,8,0,03:00,08:43,2,2,1,-1,-1,-1,-1,-1,-1.0,-1.0,-1.0,-1,-1.0,-1.0,-1.0,1,-1,-1,1,0,4,2,2,3,2,1.0,9671.57142857143,80.43929984563454,331.6,75.0,5,6.0,21.052777777777777,126.31666666666666,6.0,21.052777777777777,126.31666666666666,0,0.0,,0.0,1.0
S040,2022-10-22,5,0,15:00,10:00,2,2,1,-1,-1,-1,-1,-1,-1.0,-1.0,-1.0,-1,-1.0,-1.0,-1.0,1,-1,-1,1,0,4,2,3,3,3,1.0,8970.142857142857,85.42767721537307,394.75,76.75,4,2.0,28.633333333333333,57.266666666666666,2.0,28.633333333333333,57.266666666666666,0,0.0,,0.0,1.0
S040,2022-10-30,8,0,02:10,09:25,2,2,2,기타,2,2,-1,0,,,,0,,,,1,-1,-1,1,0,4,2,2,2,2,1.0,9709.0,92.46982805841546,387.5,76.5,4,7.0,19.92619047619048,139.48333333333332,7.0,19.92619047619048,139.48333333333332,0,0.0,,0.0,1.0
S040,2022-11-12,6,0,02:00,08:30,2,2,2,기타,1,2,-1,0,,,,0,,,,1,-1,-1,1,0,4,2,1,4,2,1.0,10744.857142857143,94.90726931289797,386.0,73.66666666666667,3,6.0,21.802777777777777,130.81666666666666,6.0,21.802777777777777,130.81666666666666,0,0.0,,0.0,1.0
S041,2022-09-10,6,0,01:00,08:25,1,1,1,-1,-1,-1,-1,-1,-1.0,-1.0,-1.0,-1,-1.0,-1.0,-1.0,1,-1,-1,2,0,2,1,4,2,2,0.7142857142857143,9207.8,85.84459593961103,366.0,79.66666666666667,3,1.0,17.066666666666666,17.066666666666666,1.0,17.066666666666666,17.066666666666666,0,0.0,,0.0,1.0
S041,2022-09-21,6,0,02:13,08:13,1,1,1,-1,-1,-1,-1,-1,-1.0,-1.0,-1.0,-1,-1.0,-1.0,-1.0,1,-1,-1,3,0,6,1,3,3,1,1.0,10392.0,85.66723626157224,301.75,73.75,4,4.0,22.258333333333333,89.03333333333333,4.0,22.258333333333333,89.03333333333333,0,0.0,,0.0,1.0
S041,2022-09-24,6,0,02:06,08:06,2,1,1,-1,-1,-1,-1,-1,-1.0,-1.0,-1.0,-1,-1.0,-1.0,-1.0,2,1,20,1,0,4,2,4,4,2,1.0,10715.57142857143,85.7683442175748,319.7142857142857,75.0,7,3.0,21.92222222222222,65.76666666666667,3.0,21.92222222222222,65.76666666666667,1,1.0,20.0,20.0,1.0
S041,2022-10-01,5,49,02:00,08:00,2,1,1,-1,-1,-1,-1,-1,-1.0,-1.0,-1.0,-1,-1.0,-1.0,-1.0,2,1,60,0,30,4,1,3,4,1,1.0,12892.857142857143,84.58851195760168,379.3333333333333,81.16666666666667,6,4.0,32.49583333333333,129.98333333333332,4.0,32.49583333333333,129.98333333333332,1,1.0,60.0,60.0,1.0
S041,2022-10-08,5,2,02:24,09:03,2,1,1,-1,-1,-1,-1,-1,-1.0,-1.0,-1.0,-1,-1.0,-1.0,-1.0,1,-1,-1,2,0,4,1,4,2,2,1.0,5458.285714285715,77.18476217528432,301.5,81.0,2,0.0,,0.0,0.0,,0.0,0,0.0,,0.0,0.0
S041,2022-10-15,5,10,02:16,08:16,2,1,1,-1,-1,-1,-1,-1,-1.0,-1.0,-1.0,-1,-1.0,-1.0,-1.0,1,-1,-1,1,0,4,1,3,3,1,1.0,7999.571428571428,82.32557764740808,299.5,75.5,2,0.0,,0.0,0.0,,0.0,0,0.0,,0.0,0.0
S041,2022-10-22,6,40,02:00,08:00,1,1,1,-1,-1,-1,-1,-1,-1.0,-1.0,-1.0,-1,-1.0,-1.0,-1.0,1,-1,-1,4,0,4,1,4,3,1,1.0,9739.714285714286,85.85615949370958,303.6,75.8,5,5.0,25.28333333333333,126.41666666666669,5.0,25.28333333333333,126.41666666666669,0,0.0,,0.0,1.0
S041,2022-10-29,6,53,02:00,09:00,1,1,2,기타,3,2,-1,0,,,,0,,,,1,-1,-1,2,0,4,1,4,3,1,1.0,9992.0,85.88873738127133,381.2857142857143,79.0,7,4.0,27.3625,109.45,4.0,27.3625,109.45,0,0.0,,0.0,1.0
S041,2022-11-06,4,0,04:00,08:34,1,1,1,-1,-1,-1,-1,-1,-1.0,-1.0,-1.0,-1,-1.0,-1.0,-1.0,1,-1,-1,2,0,4,3,2,2,1,1.0,6818.857142857143,83.08586311841472,397.0,77.0,1,1.0,20.65,20.65,1.0,20.65,20.65,0,0.0,,0.0,1.0
S041,2022-11-13,5,45,02:05,08:05,1,1,2,기타,3,2,-1,0,,,,0,,,,1,-1,-1,0,30,4,1,3,3,1,1.0,11836.142857142857,87.66885638033172,414.0,80.75,4,4.0,23.68333333333333,94.73333333333332,4.0,23.68333333333333,94.73333333333332,0,0.0,,0.0,1.0
S041,2022-11-19,6,5,03:12,10:07,1,1,1,-1,-1,-1,-1,-1,-1.0,-1.0,-1.0,-1,-1.0,-1.0,-1.0,1,-1,-1,3,0,12,3,2,3,1,1.0,9276.857142857143,82.96514331380857,377.6,79.8,5,4.0,25.2375,100.95,4.0,25.2375,100.95,0,0.0,,0.0,1.0
S041,2022-11-27,5,18,03:04,08:49,1,1,1,-1,-1,-1,-1,-1,-1.0,-1.0,-1.0,-1,-1.0,-1.0,-1.0,1,-1,-1,4,50,12,3,1,3,1,1.0,8379.714285714286,85.62792253012212,323.0,78.33333333333333,6,2.0,17.925,35.85,2.0,17.925,35.85,0,0.0,,0.0,1.0
S041,2022-12-03,5,50,03:44,09:38,2,1,1,-1,-1,-1,-1,-1,-1.0,-1.0,-1.0,-1,-1.0,-1.0,-1.0,1,-1,-1,4,0,12,3,2,3,1,1.0,9056.285714285714,89.49449875014167,378.5,81.16666666666667,6,2.0,15.791666666666666,31.58333333333333,2.0,15.791666666666666,31.58333333333333,0,0.0,,0.0,1.0
S041,2022-12-10,5,55,03:37,09:13,1,1,1,-1,-1,-1,-1,-1,-1.0,-1.0,-1.0,-1,-1.0,-1.0,-1.0,1,-1,-1,5,0,13,3,1,3,2,1.0,6668.571428571428,88.02165097518821,360.8,81.0,5,1.0,16.216666666666665,16.216666666666665,1.0,16.216666666666665,16.216666666666665,0,0.0,,0.0,1.0
S042,2022-09-10,6,0,03:00,09:00,1,1,1,-1,-1,-1,-1,-1,-1.0,-1.0,-1.0,-1,-1.0,-1.0,-1.0,1,-1,-1,1,0,50,1,4,2,2,0.7142857142857143,6754.8,87.0096548671906,,,0,3.0,24.772222222222226,74.31666666666666,3.0,24.772222222222226,74.31666666666666,0,0.0,,0.0,1.0
S042,2022-09-17,8,0,03:00,09:00,1,2,1,-1,-1,-1,-1,-1,-1.0,-1.0,-1.0,-1,-1.0,-1.0,-1.0,1,-1,-1,1,0,50,1,4,2,1,1.0,5347.285714285715,91.8448604300113,338.0,69.5,2,5.0,19.496666666666663,97.48333333333332,5.0,19.496666666666663,97.48333333333332,0,0.0,,0.0,1.0
S042,2022-09-24,5,0,02:00,08:00,1,1,1,-1,-1,-1,-1,-1,-1.0,-1.0,-1.0,-1,-1.0,-1.0,-1.0,1,-1,-1,1,0,50,1,4,4,4,1.0,9398.42857142857,92.91570429272323,369.0,71.75,4,7.0,23.31428571428572,163.20000000000002,7.0,23.31428571428572,163.20000000000002,0,0.0,,0.0,1.0
S042,2022-10-01,8,0,02:00,08:30,1,2,1,-1,-1,-1,-1,-1,-1.0,-1.0,-1.0,-1,-1.0,-1.0,-1.0,2,2,60,0,30,50,1,3,4,2,1.0,10461.42857142857,91.49879721771973,351.8,67.6,5,6.0,20.1,120.6,6.0,20.1,120.6,1,2.0,60.0,120.0,1.0
S042,2022-10-08,6,0,03:00,09:00,1,2,1,-1,-1,-1,-1,-1,-1.0,-1.0,-1.0,-1,-1.0,-1.0,-1.0,1,-1,-1,0,45,50,1,4,4,1,1.0,5040.571428571428,80.2077507440102,307.3333333333333,69.0,3,1.0,15.366666666666667,15.366666666666667,1.0,15.366666666666667,15.366666666666667,0,0.0,,0.0,1.0
S042,2022-10-15,5,0,06:00,10:00,1,1,1,-1,-1,-1,-1,-1,-1.0,-1.0,-1.0,-1,-1.0,-1.0,-1.0,1,-1,-1,1,0,50,2,2,3,2,1.0,8411.42857142857,84.75482833146961,338.8333333333333,67.83333333333333,6,10.0,20.886666666666667,208.86666666666667,10.0,20.886666666666667,208.86666666666667,0,0.0,,0.0,1.0
S042,2022-10-22,6,0,06:00,10:00,1,1,1,-1,-1,-1,-1,-1,-1.0,-1.0,-1.0,-1,-1.0,-1.0,-1.0,2,3,30,1,30,50,2,2,4,2,1.0,10184.42857142857,89.37693602323195,347.6666666666667,66.66666666666667,6,9.0,19.74074074074074,177.66666666666666,9.0,19.74074074074074,177.66666666666666,1,3.0,30.0,90.0,1.0
S042,2022-10-29,8,0,03:00,09:00,1,2,2,헬스,3,0,-1,0,,,,0,,,,1,-1,-1,1,0,50,1,3,3,2,0.4285714285714285,8936.333333333334,90.21968110926028,450.3333333333333,77.66666666666667,3,4.0,31.816666666666663,127.26666666666668,4.0,31.816666666666663,127.26666666666668,0,0.0,,0.0,1.0
S042,2022-11-05,8,0,01:00,09:00,1,1,1,-1,-1,-1,-1,-1,-1.0,-1.0,-1.0,-1,-1.0,-1.0,-1.0,1,-1,-1,1,0,50,2,4,2,1,0.0,,,,,0,,,,,,,0,0.0,,0.0,
S049,2022-10-08,4,0,03:01,21:01,3,4,1,-1,-1,-1,-1,-1,-1.0,-1.0,-1.0,-1,-1.0,-1.0,-1.0,1,-1,-1,0,30,4,2,3,3,2,0.0,,,,,0,,,,,,,0,0.0,,0.0,
S049,2022-10-16,6,0,00:00,20:00,2,3,2,헬스,3,1,-1,0,,,,0,,,,2,1,20,0,15,4,2,3,2,3,0.0,,,,,0,,,,,,,1,1.0,20.0,20.0,
S049,2022-10-31,6,0,01:00,20:00,2,3,1,-1,-1,-1,-1,-1,-1.0,-1.0,-1.0,-1,-1.0,-1.0,-1.0,1,-1,-1,0,15,4,3,1,3,2,0.0,,,,,0,,,,,,,0,0.0,,0.0,
S049,2022-11-02,6,0,02:00,20:03,2,3,1,-1,-1,-1,-1,-1,-1.0,-1.0,-1.0,-1,-1.0,-1.0,-1.0,1,-1,-1,0,30,4,3,1,3,2,0.0,,,,,0,,,,,,,0,0.0,,0.0,
S049,2022-11-07,5,0,01:30,21:30,3,4,1,-1,-1,-1,-1,-1,-1.0,-1.0,-1.0,-1,-1.0,-1.0,-1.0,2,1,20,1,15,4,3,1,3,2,0.0,,,,,0,,,,,,,1,1.0,20.0,20.0,
S049,2022-11-14,8,0,23:00,10:00,2,2,1,-1,-1,-1,-1,-1,-1.0,-1.0,-1.0,-1,-1.0,-1.0,-1.0,1,-1,-1,0,15,4,2,3,3,3,0.0,,,,,0,,,,,,,0,0.0,,0.0,
S049,2022-11-19,7,0,12:00,07:00,2,2,1,-1,-1,-1,-1,-1,-1.0,-1.0,-1.0,-1,-1.0,-1.0,-1.0,1,-1,-1,0,10,4,2,3,2,2,0.0,,,,,0,,,,,,,0,0.0,,0.0,
S069,2022-10-08,4,50,03:00,09:00,2,1,2,달리기,1,0,-1,0,,,,0,,,,1,-1,-1,0,30,15,1,3,2,2,0.5714285714285714,6668.0,74.35613570136154,347.0,80.5,2,6.0,16.50833333333333,99.04999999999998,6.0,16.50833333333333,99.04999999999998,0,0.0,,0.0,1.0
S069,2022-10-18,5,47,15:00,21:30,2,1,2,달리기,1,0,-1,0,,,,0,,,,1,-1,-1,0,30,14,2,2,2,2,1.0,5229.714285714285,74.03407353905423,325.42857142857144,73.57142857142857,7,7.0,17.211904761904766,120.48333333333336,7.0,17.211904761904766,120.48333333333336,0,0.0,,0.0,1.0
S069,2022-10-23,5,42,02:00,09:00,1,2,1,-1,-1,-1,-1,-1,-1.0,-1.0,-1.0,-1,-1.0,-1.0,-1.0,1,-1,-1,0,30,14,1,4,1,1,1.0,5106.571428571428,72.07091609362854,328.2857142857143,75.14285714285714,7,6.0,20.09166666666667,120.55,6.0,20.09166666666667,120.55,0,0.0,,0.0,1.0
S069,2022-10-31,5,50,02:00,08:30,2,1,1,-1,-1,-1,-1,-1,-1.0,-1.0,-1.0,-1,-1.0,-1.0,-1.0,1,-1,-1,0,30,14,1,4,2,1,1.0,7261.428571428572,76.15264625314228,347.57142857142856,76.85714285714286,7,10.0,19.456666666666667,194.56666666666663,10.0,19.456666666666667,194.56666666666663,0,0.0,,0.0,1.0
S069,2022-11-06,6,21,02:30,10:00,1,1,1,-1,-1,-1,-1,-1,-1.0,-1.0,-1.0,-1,-1.0,-1.0,-1.0,1,-1,-1,0,40,21,1,3,1,1,1.0,7363.428571428572,74.69473614329887,368.4285714285714,79.0,7,11.0,18.79090909090909,206.7,11.0,18.79090909090909,206.7,0,0.0,,0.0,1.0
S069,2022-11-15,6,31,02:30,08:03,1,1,1,-1,-1,-1,-1,-1,-1.0,-1.0,-1.0,-1,-1.0,-1.0,-1.0,1,-1,-1,0,30,15,1,3,1,2,1.0,5488.428571428572,75.08019238809524,350.57142857142856,77.57142857142857,7,10.0,18.86,188.6,10.0,18.86,188.6,0,0.0,,0.0,1.0
S071,2022-10-09,8,0,01:36,08:30,1,1,1,-1,-1,-1,-1,-1,-1.0,-1.0,-1.0,-1,-1.0,-1.0,-1.0,1,-1,-1,0,30,6,1,3,3,3,1.0,5104.857142857143,81.4182670555665,377.0,78.25,4,4.0,23.25,93.0,4.0,23.25,93.0,0,0.0,,0.0,1.0
S071,2022-10-16,8,0,02:00,08:30,1,1,1,-1,-1,-1,-1,-1,-1.0,-1.0,-1.0,-1,-1.0,-1.0,-1.0,1,-1,-1,0,30,6,1,2,3,3,1.0,4054.571428571429,81.69947411236421,372.1428571428572,75.85714285714286,7,1.0,17.933333333333334,17.933333333333334,1.0,17.933333333333334,17.933333333333334,0,0.0,,0.0,1.0
S071,2022-10-22,8,0,14:40,20:00,1,1,1,-1,-1,-1,-1,-1,-1.0,-1.0,-1.0,-1,-1.0,-1.0,-1.0,1,-1,-1,0,30,6,1,3,2,2,1.0,4021.714285714286,83.86728241794572,334.3333333333333,74.16666666666667,6,0.0,,0.0,0.0,,0.0,0,0.0,,0.0,0.0
S119,2022-07-16,8,0,03:00,11:00,2,1,1,-1,-1,-1,-1,-1,-1.0,-1.0,-1.0,-1,-1.0,-1.0,-1.0,1,-1,-1,3,0,1,1,3,2,1,0.7142857142857143,6319.4,73.8597767648225,290.3333333333333,72.66666666666667,3,2.0,39.275,78.55,2.0,39.275,78.55,0,0.0,,0.0,1.0
S119,2022-07-23,7,0,03:20,11:00,2,1,1,-1,-1,-1,-1,-1,-1.0,-1.0,-1.0,-1,-1.0,-1.0,-1.0,1,-1,-1,3,0,1,1,2,4,2,1.0,3595.8571428571427,76.89825427965036,421.6666666666667,79.16666666666667,6,0.0,,0.0,0.0,,0.0,0,0.0,,0.0,0.0
S119,2022-07-30,7,30,03:00,10:00,1,1,1,-1,-1,-1,-1,-1,-1.0,-1.0,-1.0,-1,-1.0,-1.0,-1.0,1,-1,-1,3,0,1,1,3,2,2,1.0,3556.714285714286,78.25930945068579,409.7142857142857,76.85714285714286,7,1.0,65.7,65.7,1.0,65.7,65.7,0,0.0,,0.0,1.0
S119,2022-08-06,8,0,04:20,13:00,2,1,1,-1,-1,-1,-1,-1,-1.0,-1.0,-1.0,-1,-1.0,-1.0,-1.0,1,-1,-1,3,0,1,1,3,2,2,1.0,1323.857142857143,70.4556587169064,448.5,84.66666666666667,6,0.0,,0.0,0.0,,0.0,0,0.0,,0.0,0.0
S119,2022-08-14,7,20,05:00,13:00,3,1,1,-1,-1,-1,-1,-1,-1.0,-1.0,-1.0,-1,-1.0,-1.0,-1.0,1,-1,-1,2,0,1,1,3,3,2,1.0,2566.0,69.3094600073911,435.8333333333333,80.66666666666667,6,0.0,,0.0,0.0,,0.0,0,0.0,,0.0,0.0
S119,2022-08-20,6,0,07:45,13:45,3,1,1,-1,-1,-1,-1,-1,-1.0,-1.0,-1.0,-1,-1.0,-1.0,-1.0,1,-1,-1,3,0,1,1,3,3,2,1.0,1589.571428571429,68.59941455520918,401.0,81.5,6,2.0,17.933333333333334,35.86666666666667,2.0,17.933333333333334,35.86666666666667,0,0.0,,0.0,1.0
S119,2022-08-27,8,0,02:00,10:00,1,1,1,-1,-1,-1,-1,-1,-1.0,-1.0,-1.0,-1,-1.0,-1.0,-1.0,1,-1,-1,4,0,3,1,3,2,2,1.0,9798.857142857143,78.89215374267869,429.4,75.0,5,9.0,33.57962962962963,302.21666666666664,9.0,33.57962962962963,302.21666666666664,0,0.0,,0.0,1.0
S119,2022-09-03,8,0,01:20,08:40,1,1,1,-1,-1,-1,-1,-1,-1.0,-1.0,-1.0,-1,-1.0,-1.0,-1.0,1,-1,-1,3,0,2,1,3,2,2,1.0,4252.857142857143,78.5977313256781,399.2857142857143,72.42857142857143,7,1.0,26.45,26.45,1.0,26.45,26.45,0,0.0,,0.0,1.0
S119,2022-09-10,8,0,01:00,09:00,1,1,1,-1,-1,-1,-1,-1,-1.0,-1.0,-1.0,-1,-1.0,-1.0,-1.0,1,-1,-1,3,0,3,1,3,2,2,1.0,3354.285714285714,76.65887031350589,489.0,84.0,6,2.0,23.475,46.95,2.0,23.475,46.95,0,0.0,,0.0,1.0
S119,2022-09-18,8,0,01:30,09:00,1,1,1,-1,-1,-1,-1,-1,-1.0,-1.0,-1.0,-1,-1.0,-1.0,-1.0,1,-1,-1,3,0,3,1,3,2,2,0.4285714285714285,1099.6666666666667,69.27046981454092,526.6666666666666,85.0,3,0.0,,0.0,0.0,,0.0,0,0.0,,0.0,0.0
S503,2022-09-17,8,0,03:30,11:30,1,1,1,-1,-1,-1,-1,-1,-1.0,-1.0,-1.0,-1,-1.0,-1.0,-1.0,1,-1,-1,0,10,1,1,4,1,1,0.5714285714285714,17.5,84.97969009698363,,,0,0.0,,0.0,0.0,,0.0,0,0.0,,0.0,0.0
S503,2022-09-24,8,0,03:30,11:30,1,1,1,-1,-1,-1,-1,-1,-1.0,-1.0,-1.0,-1,-1.0,-1.0,-1.0,1,-1,-1,0,0,1,1,4,1,2,0.4285714285714285,1170.6666666666667,101.16560726472775,,,0,0.0,,0.0,0.0,,0.0,0,0.0,,0.0,0.0
S503,2022-10-02,8,0,03:30,11:30,1,1,1,-1,-1,-1,-1,-1,-1.0,-1.0,-1.0,-1,-1.0,-1.0,-1.0,1,-1,-1,0,0,1,1,4,1,2,0.0,,,,,0,,,,,,,0,0.0,,0.0,
S503,2022-10-08,8,0,03:30,11:30,1,1,1,-1,-1,-1,-1,-1,-1.0,-1.0,-1.0,-1,-1.0,-1.0,-1.0,1,-1,-1,0,0,1,1,3,1,1,0.0,,,,,0,,,,,,,0,0.0,,0.0,
S503,2022-10-15,8,30,03:30,11:30,1,1,1,-1,-1,-1,-1,-1,-1.0,-1.0,-1.0,-1,-1.0,-1.0,-1.0,1,-1,-1,0,0,1,1,4,1,2,0.0,,,,,0,,,,,,,0,0.0,,0.0,
S504,2022-09-17,9,00,13:38,21:00,1,1,1,-1,-1,-1,-1,-1,-1.0,-1.0,-1.0,-1,-1.0,-1.0,-1.0,1,-1,-1,3,0,3,1,4,4,1,1.0,4752.142857142857,73.74007002782727,355.2,72.6,5,2.0,19.641666666666666,39.28333333333333,2.0,19.641666666666666,39.28333333333333,0,0.0,,0.0,1.0
S504,2022-09-25,10,00,03:02,10:02,1,1,1,-1,-1,-1,-1,-1,-1.0,-1.0,-1.0,-1,-1.0,-1.0,-1.0,1,-1,-1,1,0,3,1,4,2,1,1.0,6364.428571428572,75.5846903567397,416.0,73.57142857142857,7,2.0,16.641666666666666,33.28333333333333,2.0,16.641666666666666,33.28333333333333,0,0.0,,0.0,1.0
S504,2022-10-02,10,00,10:22,10:22,1,1,1,-1,-1,-1,-1,-1,-1.0,-1.0,-1.0,-1,-1.0,-1.0,-1.0,1,-1,-1,2,0,3,1,4,3,1,1.0,6079.857142857143,75.71257308718944,387.6666666666667,73.33333333333333,6,0.0,,0.0,0.0,,0.0,0,0.0,,0.0,0.0
S504,2022-10-08,9,00,23:39,21:39,1,1,1,-1,-1,-1,-1,-1,-1.0,-1.0,-1.0,-1,-1.0,-1.0,-1.0,1,-1,-1,1,0,3,1,4,1,2,1.0,4035.571428571429,76.68213257319994,426.3333333333333,71.16666666666667,6,0.0,,0.0,0.0,,0.0,0,0.0,,0.0,0.0
S504,2022-10-16,9,00,01:54,10:54,1,1,1,-1,-1,-1,-1,-1,-1.0,-1.0,-1.0,-1,-1.0,-1.0,-1.0,1,-1,-1,2,0,3,1,4,2,1,1.0,6558.285714285715,76.53495304773502,389.1666666666667,75.0,6,5.0,16.726666666666667,83.63333333333333,5.0,16.726666666666667,83.63333333333333,0,0.0,,0.0,1.0
S504,2022-10-23,9,00,23:37,10:37,1,1,1,-1,-1,-1,-1,-1,-1.0,-1.0,-1.0,-1,-1.0,-1.0,-1.0,1,-1,-1,2,0,3,1,4,4,2,1.0,5343.285714285715,78.7898205093492,438.75,74.25,4,1.0,32.45,32.45,1.0,32.45,32.45,0,0.0,,0.0,1.0
S504,2022-10-29,11,0#,23:46,08:46,1,1,1,-1,-1,-1,-1,-1,-1.0,-1.0,-1.0,-1,-1.0,-1.0,-1.0,1,-1,-1,1,0,3,1,4,1,1,1.0,7958.428571428572,82.20242166795391,380.6,72.6,5,0.0,,0.0,0.0,,0.0,0,0.0,,0.0,0.0
S504,2022-11-06,8,00,01:59,10:59,1,1,1,-1,-1,-1,-1,-1,-1.0,-1.0,-1.0,-1,-1.0,-1.0,-1.0,1,-1,-1,2,0,3,1,4,4,1,1.0,6409.142857142857,74.86969430851754,462.2857142857143,76.85714285714286,7,2.0,17.483333333333334,34.96666666666667,2.0,17.483333333333334,34.96666666666667,0,0.0,,0.0,1.0
S504,2022-11-13,9,00,00:48,08:48,1,1,1,-1,-1,-1,-1,-1,-1.0,-1.0,-1.0,-1,-1.0,-1.0,-1.0,1,-1,-1,2,0,3,1,4,4,1,1.0,7294.428571428572,77.79942369043594,388.8,74.2,5,1.0,18.766666666666666,18.766666666666666,1.0,18.766666666666666,18.766666666666666,0,0.0,,0.0,1.0
S505,2022-09-17,6,30,12:30,19:00,2,1,1,-1,-1,-1,-1,-1,-1.0,-1.0,-1.0,-1,-1.0,-1.0,-1.0,1,-1,-1,0,30,3,1,3,2,2,0.2857142857142857,5058.0,88.66171960078222,432.0,86.0,1,0.0,,0.0,0.0,,0.0,0,0.0,,0.0,0.0
S505,2022-10-03,4,0,01:27,17:57,1,3,1,-1,-1,-1,-1,-1,-1.0,-1.0,-1.0,-1,-1.0,-1.0,-1.0,1,-1,-1,0,30,6,2,2,3,3,1.0,9464.0,92.5024280948706,362.8333333333333,75.83333333333333,6,2.0,29.866666666666667,59.73333333333333,2.0,29.866666666666667,59.73333333333333,0,0.0,,0.0,1.0
S505,2022-10-08,6,0,01:00,18:30,1,3,1,-1,-1,-1,-1,-1,-1.0,-1.0,-1.0,-1,-1.0,-1.0,-1.0,1,-1,-1,0,20,4,1,3,1,3,1.0,4443.857142857143,85.44672915279612,392.6,79.0,5,0.0,,0.0,0.0,,0.0,0,0.0,,0.0,0.0
S505,2022-10-17,6,30,12:00,07:00,1,4,1,-1,-1,-1,-1,-1,-1.0,-1.0,-1.0,-1,-1.0,-1.0,-1.0,1,-1,-1,0,30,6,1,4,1,2,1.0,5898.0,87.30085747856795,367.7142857142857,75.57142857142857,7,0.0,,0.0,0.0,,0.0,0,0.0,,0.0,0.0
S505,2022-10-22,6,11,23:01,18:01,1,2,1,-1,-1,-1,-1,-1,-1.0,-1.0,-1.0,-1,-1.0,-1.0,-1.0,1,-1,-1,0,30,5,1,4,1,2,1.0,6085.285714285715,88.75089172004796,362.8571428571428,74.14285714285714,7,0.0,,0.0,0.0,,0.0,0,0.0,,0.0,0.0
S505,2022-10-31,6,11,22:00,18:30,1,1,1,-1,-1,-1,-1,-1,-1.0,-1.0,-1.0,-1,-1.0,-1.0,-1.0,1,-1,-1,0,20,4,1,3,1,1,1.0,7256.142857142857,88.61195067975943,374.1428571428572,78.71428571428571,7,1.0,17.916666666666668,17.916666666666668,1.0,17.916666666666668,17.916666666666668,0,0.0,,0.0,1.0
S505,2022-11-08,6,19,23:00,17:37,1,2,1,-1,-1,-1,-1,-1,-1.0,-1.0,-1.0,-1,-1.0,-1.0,-1.0,1,-1,-1,0,20,3,1,4,2,2,1.0,6855.714285714285,90.34790443595324,345.0,75.28571428571429,7,1.0,32.416666666666664,32.416666666666664,1.0,32.416666666666664,32.416666666666664,0,0.0,,0.0,1.0
S505,2022-11-12,5,51,12:00,18:09,1,1,1,-1,-1,-1,-1,-1,-1.0,-1.0,-1.0,-1,-1.0,-1.0,-1.0,1,-1,-1,0,10,6,1,4,1,1,1.0,8735.714285714286,92.25242618506192,354.7142857142857,74.42857142857143,7,2.0,26.45,52.9,2.0,26.45,52.9,0,0.0,,0.0,1.0
S507,2022-09-24,5,0,21:10,06:30,1,1,1,-1,-1,-1,-1,-1,-1.0,-1.0,-1.0,-1,-1.0,-1.0,-1.0,1,-1,-1,1,0,4,2,2,3,3,1.0,8616.285714285714,89.50815786198318,329.8,69.2,5,2.0,74.10833333333333,148.21666666666667,2.0,74.10833333333333,148.21666666666667,0,0.0,,0.0,1.0
S507,2022-10-02,5,0,21:30,05:30,1,1,1,-1,-1,-1,-1,-1,-1.0,-1.0,-1.0,-1,-1.0,-1.0,-1.0,1,-1,-1,0,30,4,2,3,2,3,1.0,7614.428571428572,91.44885805367986,280.0,65.25,4,4.0,225.275,901.1,4.0,225.275,901.1,0,0.0,,0.0,1.0
S507,2022-10-09,6,0,21:30,04:30,1,1,1,-1,-1,-1,-1,-1,-1.0,-1.0,-1.0,-1,-1.0,-1.0,-1.0,1,-1,-1,0,30,3,2,3,3,3,1.0,7213.714285714285,87.7599748950158,266.0,65.2,5,1.0,167.5,167.5,1.0,167.5,167.5,0,0.0,,0.0,1.0
S507,2022-10-16,6,0,21:30,05:30,1,1,1,-1,-1,-1,-1,-1,-1.0,-1.0,-1.0,-1,-1.0,-1.0,-1.0,1,-1,-1,0,30,3,2,3,3,3,1.0,8849.714285714286,90.62691259766368,268.4,66.8,5,5.0,221.0433333333333,1105.2166666666665,4.0,274.65416666666664,1098.6166666666666,0,0.0,,0.0,1.0
S507,2022-10-22,5,0,22:30,05:00,1,1,1,-1,-1,-1,-1,-1,-1.0,-1.0,-1.0,-1,-1.0,-1.0,-1.0,1,-1,-1,0,30,4,2,2,2,2,1.0,11869.714285714286,92.75160714768032,306.25,64.25,4,8.0,19.989583333333336,159.91666666666669,7.0,22.142857142857142,155.0,0,0.0,,0.0,1.0
S507,2022-10-30,6,0,21:30,05:30,1,1,1,-1,-1,-1,-1,-1,-1.0,-1.0,-1.0,-1,-1.0,-1.0,-1.0,2,0,30,0,30,4,3,1,2,2,1.0,11841.714285714286,92.26717828226948,262.0,68.42857142857143,7,8.0,58.46666666666667,467.73333333333335,6.0,76.76388888888889,460.5833333333333,1,0.0,30.0,0.0,1.0
S507,2022-11-07,6,0,21:30,05:30,1,1,1,-1,-1,-1,-1,-1,-1.0,-1.0,-1.0,-1,-1.0,-1.0,-1.0,1,-1,-1,0,30,4,2,2,3,3,0.7142857142857143,8054.2,87.35853441379705,266.3333333333333,64.0,3,5.0,38.760000000000005,193.8,2.0,93.60833333333332,187.21666666666667,0,0.0,,0.0,1.0
S507,2022-11-12,5,0,21:30,05:11,1,1,1,-1,-1,-1,-1,-1,-1.0,-1.0,-1.0,-1,-1.0,-1.0,-1.0,1,-1,-1,0,30,2,2,2,3,3,0.4285714285714285,5356.666666666667,90.05274769939797,213.0,64.0,2,0.0,,0.0,0.0,,0.0,0,0.0,,0.0,0.0
S507,2022-11-19,7,0,20:30,05:30,1,1,1,-1,-1,-1,-1,-1,-1.0,-1.0,-1.0,-1,-1.0,-1.0,-1.0,1,-1,-1,0,30,2,3,1,2,3,1.0,9854.857142857143,96.97106150842777,408.0,67.75,4,4.0,104.24583333333332,416.9833333333333,3.0,138.96666666666667,416.9,0,0.0,,0.0,1.0
S507,2022-11-26,6,0,21:01,05:10,1,1,1,-1,-1,-1,-1,-1,-1.0,-1.0,-1.0,-1,-1.0,-1.0,-1.0,2,5,30,0,30,2,3,1,3,3,1.0,11003.0,90.22776271371232,347.5,66.0,4,1.0,24.8,24.8,1.0,24.8,24.8,1,5.0,30.0,150.0,1.0
S605,2022-08-06,6,0,06:00,00:00,3,1,1,-1,-1,-1,-1,-1,-1.0,-1.0,-1.0,-1,-1.0,-1.0,-1.0,1,-1,-1,0,30,3,1,3,3,3,0.5714285714285714,1851.25,81.4207767385161,628.0,85.0,1,0.0,,0.0,0.0,,0.0,0,0.0,,0.0,0.0
S605,2022-08-13,6,0,06:00,00:00,1,1,1,-1,-1,-1,-1,-1,-1.0,-1.0,-1.0,-1,-1.0,-1.0,-1.0,1,-1,-1,0,30,3,1,4,4,4,0.0,,,,,0,,,,,,,0,0.0,,0.0,
S605,2022-08-20,6,0,06:00,00:00,2,2,1,-1,-1,-1,-1,-1,-1.0,-1.0,-1.0,-1,-1.0,-1.0,-1.0,1,-1,-1,0,30,3,2,2,2,1,0.0,,,,,0,,,,,,,0,0.0,,0.0,
S605,2022-08-28,6,0,06:00,12:00,2,2,1,-1,-1,-1,-1,-1,-1.0,-1.0,-1.0,-1,-1.0,-1.0,-1.0,1,-1,-1,0,30,6,1,2,2,2,0.0,,,,,0,,,,,,,0,0.0,,0.0,
S605,2022-09-03,6,0,06:00,00:00,1,1,1,-1,-1,-1,-1,-1,-1.0,-1.0,-1.0,-1,-1.0,-1.0,-1.0,1,-1,-1,0,30,3,1,3,2,2,0.0,,,,,0,,,,,,,0,0.0,,0.0,
S605,2022-09-10,6,0,06:00,00:00,1,1,1,-1,-1,-1,-1,-1,-1.0,-1.0,-1.0,-1,-1.0,-1.0,-1.0,1,-1,-1,0,30,3,1,4,2,2,0.0,,,,,0,,,,,,,0,0.0,,0.0,
S605,2022-09-17,6,0,12:00,06:00,2,2,1,-1,-1,-1,-1,-1,-1.0,-1.0,-1.0,-1,-1.0,-1.0,-1.0,1,-1,-1,0,30,3,1,4,4,4,0.1428571428571428,0.0,,,,0,0.0,,0.0,0.0,,0.0,0,0.0,,0.0,0.0
S605,2022-09-26,6,0,12:00,06:00,1,1,1,-1,-1,-1,-1,-1,-1.0,-1.0,-1.0,-1,-1.0,-1.0,-1.0,1,-1,-1,0,30,3,1,2,2,2,0.0,,,,,0,,,,,,,0,0.0,,0.0,
S605,2022-10-04,6,0,12:00,06:00,1,1,1,-1,-1,-1,-1,-1,-1.0,-1.0,-1.0,-1,-1.0,-1.0,-1.0,1,-1,-1,0,30,3,1,2,2,2,0.0,,,,,0,,,,,,,0,0.0,,0.0,
S605,2022-10-10,6,0,12:00,06:00,1,1,1,-1,-1,-1,-1,-1,-1.0,-1.0,-1.0,-1,-1.0,-1.0,-1.0,1,-1,-1,0,30,3,2,2,2,2,0.0,,,,,0,,,,,,,0,0.0,,0.0,
S605,2022-10-28,6,0,06:00,00:00,1,1,1,-1,-1,-1,-1,-1,-1.0,-1.0,-1.0,-1,-1.0,-1.0,-1.0,1,-1,-1,0,30,3,1,4,1,1,0.0,,,,,0,,,,,,,0,0.0,,0.0,
S605,2022-10-31,6,0,06:00,00:00,1,1,1,-1,-1,-1,-1,-1,-1.0,-1.0,-1.0,-1,-1.0,-1.0,-1.0,1,-1,-1,0,30,3,1,2,2,2,0.0,,,,,0,,,,,,,0,0.0,,0.0,
S605,2022-11-02,6,0,12:00,06:00,1,1,1,-1,-1,-1,-1,-1,-1.0,-1.0,-1.0,-1,-1.0,-1.0,-1.0,1,-1,-1,0,30,3,1,4,4,1,0.0,,,,,0,,,,,,,0,0.0,,0.0,
S605,2022-11-11,6,0,06:00,00:00,1,1,1,-1,-1,-1,-1,-1,-1.0,-1.0,-1.0,-1,-1.0,-1.0,-1.0,1,-1,-1,0,30,3,1,4,4,4,0.0,,,,,0,,,,,,,0,0.0,,0.0,
S605,2022-11-22,6,0,12:00,06:00,1,1,1,-1,-1,-1,-1,-1,-1.0,-1.0,-1.0,-1,-1.0,-1.0,-1.0,1,-1,-1,0,30,6,1,4,1,1,0.0,,,,,0,,,,,,,0,0.0,,0.0,
S646,2022-09-04,8,0,22:13,06:13,2,1,1,-1,-1,-1,-1,-1,-1.0,-1.0,-1.0,-1,-1.0,-1.0,-1.0,1,-1,-1,0,30,3,1,3,3,2,1.0,6885.142857142857,68.00763644342128,411.6666666666667,77.16666666666667,6,0.0,,0.0,0.0,,0.0,0,0.0,,0.0,0.0
S646,2022-09-09,7,0,22:29,06:06,1,1,2,헬스,1,0,-1,0,,,,0,,,,1,-1,-1,0,30,0,1,3,2,1,1.0,6976.428571428572,70.54218138042322,418.8333333333333,79.16666666666667,6,1.0,38.4,38.4,1.0,38.4,38.4,0,0.0,,0.0,1.0
S646,2022-09-16,6,30,23:30,18:00,4,2,2,헬스,2,0,-1,0,,,,0,,,,1,-1,-1,0,20,3,2,2,4,2,1.0,6305.714285714285,70.18510155308938,397.0,78.33333333333333,6,1.0,24.75,24.75,1.0,24.75,24.75,0,0.0,,0.0,1.0
S646,2022-09-23,8,0,22:00,06:09,1,1,2,헬스,2,0,-1,0,,,,0,,,,1,-1,-1,0,20,4,1,4,2,1,1.0,7621.714285714285,72.33691591392746,412.8571428571428,78.85714285714286,7,0.0,,0.0,0.0,,0.0,0,0.0,,0.0,0.0
S646,2022-10-03,8,0,22:00,06:00,1,1,1,-1,-1,-1,-1,-1,-1.0,-1.0,-1.0,-1,-1.0,-1.0,-1.0,1,-1,-1,0,20,4,1,4,1,2,1.0,6413.714285714285,67.90747061522828,393.8571428571428,78.57142857142857,7,1.0,48.63333333333333,48.63333333333333,1.0,48.63333333333333,48.63333333333333,0,0.0,,0.0,1.0
S646,2022-10-07,8,0,22:01,06:00,2,1,2,헬스,1,0,-1,0,,,,0,,,,1,-1,-1,0,15,2,1,3,2,1,1.0,6292.428571428572,68.47743825867789,419.1428571428572,80.14285714285714,7,1.0,48.63333333333333,48.63333333333333,1.0,48.63333333333333,48.63333333333333,0,0.0,,0.0,1.0
S646,2022-10-16,8,0,22:00,07:00,1,1,2,헬스,2,0,-1,0,,,,0,,,,1,-1,-1,0,20,2,1,3,1,1,1.0,6350.428571428572,71.9539196829713,405.57142857142856,78.57142857142857,7,0.0,,0.0,0.0,,0.0,0,0.0,,0.0,0.0
S646,2022-10-24,8,30,22:00,06:30,1,1,2,기타,2,0,-1,0,,,,0,,,,1,-1,-1,0,20,4,1,4,1,1,1.0,7037.0,71.16108156240088,400.1666666666667,78.0,6,0.0,,0.0,0.0,,0.0,0,0.0,,0.0,0.0
S646,2022-10-28,7,0,23:29,06:00,3,1,2,헬스,2,0,-1,0,,,,0,,,,1,-1,-1,0,20,2,1,3,3,2,1.0,7062.285714285715,70.06039842737776,393.2,78.0,5,1.0,17.916666666666668,17.916666666666668,1.0,17.916666666666668,17.916666666666668,0,0.0,,0.0,1.0
S646,2022-11-06,7,0,22:30,06:01,2,1,2,헬스,2,0,-1,0,,,,0,,,,1,-1,-1,0,20,4,2,2,2,2,1.0,5809.285714285715,70.12332445665123,410.0,79.5,6,0.0,,0.0,0.0,,0.0,0,0.0,,0.0,0.0
S646,2022-11-16,8,0,22:06,18:10,1,1,2,기타,4,1,-1,0,,,,0,,,,1,-1,-1,0,15,4,1,4,1,1,1.0,6309.285714285715,67.07132329832882,433.2857142857143,79.71428571428571,7,0.0,,0.0,0.0,,0.0,0,0.0,,0.0,0.0
S646,2022-11-20,6,0,23:30,18:11,4,1,2,기타,2,0,-1,0,,,,0,,,,1,-1,-1,0,20,4,1,2,3,2,1.0,5950.285714285715,65.82800426817728,421.1428571428572,79.14285714285714,7,0.0,,0.0,0.0,,0.0,0,0.0,,0.0,0.0
S648,2022-09-03,5,30,01:30,07:00,2,2,1,-1,-1,-1,-1,-1,-1.0,-1.0,-1.0,-1,-1.0,-1.0,-1.0,1,-1,-1,1,0,10,1,3,2,2,1.0,594.1428571428571,81.5983288169135,290.25,61.5,4,0.0,,0.0,0.0,,0.0,0,0.0,,0.0,0.0
S648,2022-09-12,8,0,02:10,10:10,1,1,2,등산,2,1,-1,0,,,,0,,,,1,-1,-1,0,30,6,1,3,2,1,0.5714285714285714,3190.5,98.67462239623468,,,0,2.0,19.633333333333333,39.266666666666666,2.0,19.633333333333333,39.266666666666666,0,0.0,,0.0,1.0
S648,2022-09-17,6,30,23:00,05:00,2,2,1,-1,-1,-1,-1,-1,-1.0,-1.0,-1.0,-1,-1.0,-1.0,-1.0,1,-1,-1,0,30,6,1,3,2,2,0.2857142857142857,462.5,86.14335359355255,,,0,0.0,,0.0,0.0,,0.0,0,0.0,,0.0,0.0
S648,2022-09-26,5,0,02:30,07:30,1,1,1,-1,-1,-1,-1,-1,-1.0,-1.0,-1.0,-1,-1.0,-1.0,-1.0,1,-1,-1,0,30,7,1,4,1,1,0.0,,,,,0,,,,,,,0,0.0,,0.0,
S649,2022-09-10,6,0,04:00,10:00,3,1,1,-1,-1,-1,-1,-1,-1.0,-1.0,-1.0,-1,-1.0,-1.0,-1.0,1,-1,-1,1,0,2,2,2,3,2,1.0,3504.714285714286,75.14727328202405,379.3333333333333,78.66666666666667,3,2.0,19.633333333333333,39.266666666666666,2.0,19.633333333333333,39.266666666666666,0,0.0,,0.0,1.0
S649,2022-09-17,8,0,02:00,10:00,3,1,1,-1,-1,-1,-1,-1,-1.0,-1.0,-1.0,-1,-1.0,-1.0,-1.0,2,1,20,1,0,3,2,2,4,4,1.0,5215.714285714285,76.31636567134053,427.3333333333333,80.66666666666667,6,0.0,,0.0,0.0,,0.0,1,1.0,20.0,20.0,0.0
S649,2022-10-01,7,0,02:00,10:30,2,1,1,-1,-1,-1,-1,-1,-1.0,-1.0,-1.0,-1,-1.0,-1.0,-1.0,1,-1,-1,0,20,2,2,2,3,2,1.0,6956.714285714285,76.66732514546491,375.8,73.6,5,0.0,,0.0,0.0,,0.0,0,0.0,,0.0,0.0
S649,2022-10-09,7,0,03:00,10:00,2,1,1,-1,-1,-1,-1,-1,-1.0,-1.0,-1.0,-1,-1.0,-1.0,-1.0,1,-1,-1,0,15,2,1,4,3,2,1.0,5381.857142857143,71.2342174046169,392.2857142857143,75.28571428571429,7,1.0,19.633333333333333,19.633333333333333,1.0,19.633333333333333,19.633333333333333,0,0.0,,0.0,1.0
S649,2022-10-16,8,0,02:00,11:00,2,1,1,-1,-1,-1,-1,-1,-1.0,-1.0,-1.0,-1,-1.0,-1.0,-1.0,1,-1,-1,0,30,4,1,2,4,2,1.0,5277.571428571428,71.19826351020556,425.8571428571428,77.57142857142857,7,2.0,20.058333333333334,40.11666666666667,2.0,20.058333333333334,40.11666666666667,0,0.0,,0.0,1.0
S649,2022-10-25,8,0,03:00,00:00,3,1,1,-1,-1,-1,-1,-1,-1.0,-1.0,-1.0,-1,-1.0,-1.0,-1.0,1,-1,-1,0,20,4,2,2,4,3,1.0,4332.0,71.8211075091147,360.75,79.0,4,0.0,,0.0,0.0,,0.0,0,0.0,,0.0,0.0
S649,2022-11-14,8,0,04:00,11:00,3,1,1,-1,-1,-1,-1,-1,-1.0,-1.0,-1.0,-1,-1.0,-1.0,-1.0,1,-1,-1,0,30,3,2,2,4,2,1.0,7810.857142857143,74.77418418936763,387.5,71.33333333333333,6,3.0,17.633333333333333,52.9,3.0,17.633333333333333,52.9,0,0.0,,0.0,1.0
S649,2022-11-16,8,0,03:30,11:00,3,1,1,-1,-1,-1,-1,-1,-1.0,-1.0,-1.0,-1,-1.0,-1.0,-1.0,1,-1,-1,0,30,4,2,2,3,2,1.0,7735.428571428572,74.13005832311873,359.42857142857144,72.57142857142857,7,2.0,17.925,35.85,2.0,17.925,35.85,0,0.0,,0.0,1.0
S981,2022-09-17,6,0,02:00,08:00,2,1,2,헬스,2,1,-1,달리기,1.0,0.0,15.0,0,,,,2,1,15,1,20,3,1,3,3,2,0.2857142857142857,8210.0,107.16176821034858,,,0,2.0,28.58333333333333,57.16666666666666,2.0,28.58333333333333,57.16666666666666,1,1.0,15.0,15.0,1.0
S981,2022-09-25,5,59,02:00,08:05,1,1,1,-1,-1,-1,-1,-1,-1.0,-1.0,-1.0,-1,-1.0,-1.0,-1.0,1,-1,-1,1,30,15,1,3,3,2,1.0,14144.142857142857,120.75889109624096,384.6,70.2,5,5.0,37.71666666666667,188.5833333333333,5.0,37.71666666666667,188.5833333333333,0,0.0,,0.0,1.0
S981,2022-10-02,5,16,04:00,10:00,1,1,1,-1,-1,-1,-1,-1,-1.0,-1.0,-1.0,-1,-1.0,-1.0,-1.0,1,-1,-1,1,30,20,3,2,1,2,1.0,14303.714285714286,111.82471419620224,315.85714285714283,68.28571428571429,7,13.0,26.97820512820513,350.71666666666664,13.0,26.97820512820513,350.71666666666664,0,0.0,,0.0,1.0
S981,2022-10-09,4,36,03:30,09:00,1,1,1,-1,-1,-1,-1,-1,-1.0,-1.0,-1.0,-1,-1.0,-1.0,-1.0,1,-1,-1,0,32,24,3,2,4,3,1.0,15657.142857142857,107.01597017892938,253.8571428571429,63.71428571428572,7,7.0,24.62619047619048,172.38333333333333,7.0,24.62619047619048,172.38333333333333,0,0.0,,0.0,1.0
S981,2022-10-15,3,31,04:00,08:00,1,1,1,-1,-1,-1,-1,-1,-1.0,-1.0,-1.0,-1,-1.0,-1.0,-1.0,1,-1,-1,1,8,17,2,2,4,3,1.0,14966.857142857143,105.689547718692,258.0,68.25,4,3.0,23.322222222222223,69.96666666666667,3.0,23.322222222222223,69.96666666666667,0,0.0,,0.0,1.0
S981,2022-10-23,5,51,04:27,08:27,1,1,1,-1,-1,-1,-1,-1,-1.0,-1.0,-1.0,-1,-1.0,-1.0,-1.0,1,-1,-1,0,30,16,1,3,4,3,1.0,9187.857142857143,112.08618537012504,367.5,68.16666666666667,6,1.0,105.06666666666666,105.06666666666666,1.0,105.06666666666666,105.06666666666666,0,0.0,,0.0,1.0
S981,2022-10-30,4,41,03:03,08:10,1,1,1,-1,-1,-1,-1,-1,-1.0,-1.0,-1.0,-1,-1.0,-1.0,-1.0,1,-1,-1,0,27,27,1,3,3,2,1.0,13307.42857142857,111.3270089996188,289.4,66.6,5,8.0,23.8875,191.1,8.0,23.8875,191.1,0,0.0,,0.0,1.0
S981,2022-11-06,4,44,03:49,08:10,1,1,1,-1,-1,-1,-1,-1,-1.0,-1.0,-1.0,-1,-1.0,-1.0,-1.0,1,-1,-1,0,30,23,2,2,4,4,1.0,12798.285714285714,108.1466623557101,275.42857142857144,65.85714285714286,7,5.0,31.636666666666667,158.18333333333334,5.0,31.636666666666667,158.18333333333334,0,0.0,,0.0,1.0
S981,2022-11-15,3,5,05:48,08:10,1,1,1,-1,-1,-1,-1,-1,-1.0,-1.0,-1.0,-1,-1.0,-1.0,-1.0,1,-1,-1,1,57,23,3,2,4,3,1.0,18317.571428571428,117.02869228055464,222.3333333333333,60.0,3,3.0,33.044444444444444,99.13333333333333,3.0,33.044444444444444,99.13333333333333,0,0.0,,0.0,1.0
S981,2022-11-20,6,22,00:15,08:15,1,1,1,-1,-1,-1,-1,-1,-1.0,-1.0,-1.0,-1,-1.0,-1.0,-1.0,1,-1,-1,0,43,25,3,1,2,4,1.0,12806.57142857143,110.1145975369665,352.6666666666667,66.0,3,11.0,26.55909090909091,292.15,11.0,26.55909090909091,292.15,0,0.0,,0.0,1.0
S981,2022-11-27,6,9,01:04,08:30,1,1,2,헬스,2,0,-1,0,,,,0,,,,1,-1,-1,0,42,23,2,2,3,3,1.0,12517.285714285714,102.12132789248028,362.8333333333333,68.83333333333333,6,10.0,23.49666666666667,234.9666666666667,10.0,23.49666666666667,234.9666666666667,0,0.0,,0.0,1.0
S982,2022-09-18,7,0,03:30,09:30,1,1,1,-1,-1,-1,-1,-1,-1.0,-1.0,-1.0,-1,-1.0,-1.0,-1.0,1,-1,-1,1,0,4,1,4,1,1,0.4285714285714285,4346.333333333333,76.92026758461265,320.0,76.0,2,1.0,16.216666666666665,16.216666666666665,1.0,16.216666666666665,16.216666666666665,0,0.0,,0.0,1.0
S982,2022-09-24,6,5,03:40,09:30,1,1,1,-1,-1,-1,-1,-1,-1.0,-1.0,-1.0,-1,-1.0,-1.0,-1.0,1,-1,-1,1,30,5,1,4,2,1,1.0,5585.0,78.33281896784544,305.57142857142856,69.28571428571429,7,3.0,26.80555555555556,80.41666666666667,2.0,40.10833333333333,80.21666666666667,0,0.0,,0.0,1.0
S982,2022-10-01,5,51,04:20,08:50,1,1,1,-1,-1,-1,-1,-1,-1.0,-1.0,-1.0,-1,-1.0,-1.0,-1.0,1,-1,-1,1,0,4,1,4,2,1,1.0,4083.714285714286,76.05002045065628,333.5,71.5,6,1.0,64.95,64.95,1.0,64.95,64.95,0,0.0,,0.0,1.0
S982,2022-10-09,5,26,04:40,08:00,1,1,1,-1,-1,-1,-1,-1,-1.0,-1.0,-1.0,-1,-1.0,-1.0,-1.0,1,-1,-1,0,30,4,1,4,1,1,1.0,5324.857142857143,83.52234900870096,290.8,65.6,5,1.0,22.2,22.2,1.0,22.2,22.2,0,0.0,,0.0,1.0
S982,2022-10-16,5,17,04:25,08:20,1,1,1,-1,-1,-1,-1,-1,-1.0,-1.0,-1.0,-1,-1.0,-1.0,-1.0,1,-1,-1,0,40,2,1,4,1,2,1.0,3515.1428571428573,77.35823784973931,357.0,74.0,5,3.0,26.46111111111111,79.38333333333333,3.0,26.46111111111111,79.38333333333333,0,0.0,,0.0,1.0
S982,2022-10-25,3,40,06:15,09:10,1,1,1,-1,-1,-1,-1,-1,-1.0,-1.0,-1.0,-1,-1.0,-1.0,-1.0,1,-1,-1,0,30,8,2,3,1,4,1.0,4108.285714285715,79.12709145646014,417.3333333333333,77.66666666666667,3,0.0,,0.0,0.0,,0.0,0,0.0,,0.0,0.0
S982,2022-10-30,5,50,04:00,08:50,1,1,1,-1,-1,-1,-1,-1,-1.0,-1.0,-1.0,-1,-1.0,-1.0,-1.0,1,-1,-1,0,40,7,1,3,2,2,1.0,5705.428571428572,82.355360030504,376.5,69.5,4,3.0,14.32222222222222,42.96666666666666,2.0,21.33333333333333,42.66666666666666,0,0.0,,0.0,1.0
S982,2022-11-06,6,41,04:10,11:02,1,1,1,-1,-1,-1,-1,-1,-1.0,-1.0,-1.0,-1,-1.0,-1.0,-1.0,1,-1,-1,0,20,5,1,4,1,1,1.0,5692.428571428572,81.05682732318685,347.1428571428572,69.57142857142857,7,2.0,40.56666666666666,81.13333333333333,2.0,40.56666666666666,81.13333333333333,0,0.0,,0.0,1.0
S982,2022-11-15,5,18,04:40,08:45,1,1,1,-1,-1,-1,-1,-1,-1.0,-1.0,-1.0,-1,-1.0,-1.0,-1.0,1,-1,-1,0,40,5,1,4,1,1,1.0,4429.142857142857,81.01515548433679,348.42857142857144,67.28571428571429,7,1.0,17.066666666666666,17.066666666666666,1.0,17.066666666666666,17.066666666666666,0,0.0,,0.0,1.0
S984,2022-09-25,8,0,01:00,09:30,2,1,2,헬스,4,2,-1,0,,,,0,,,,2,1,25,0,20,3,2,3,2,2,0.5714285714285714,7471.25,77.23423993470232,384.0,77.66666666666667,3,0.0,,0.0,0.0,,0.0,1,1.0,25.0,25.0,0.0
S984,2022-10-03,6,0,04:35,09:41,1,1,2,헬스,4,2,-1,0,,,,0,,,,2,1,20,0,20,3,2,2,2,2,1.0,11166.714285714286,90.43521575897373,326.8,69.8,5,5.0,29.556666666666665,147.78333333333333,5.0,29.556666666666665,147.78333333333333,1,1.0,20.0,20.0,1.0
S984,2022-11-14,5,0,01:21,09:21,1,1,2,헬스,4,2,-1,0,,,,0,,,,2,4,30,0,30,3,2,3,3,3,0.0,,,,,0,,,,,,,1,4.0,30.0,120.0,
S984,2022-11-23,8,0,03:00,10:00,1,1,2,헬스,4,2,-1,0,,,,0,,,,2,3,20,0,10,3,3,3,4,3,0.0,,,,,0,,,,,,,1,3.0,20.0,60.0,
S984,2022-11-28,9,0,03:32,11:32,1,1,2,헬스,4,2,-1,0,,,,0,,,,1,-1,-1,0,20,3,2,3,3,3,0.2857142857142857,5979.0,68.02107651747106,474.0,82.0,1,0.0,,0.0,0.0,,0.0,0,0.0,,0.0,0.0
S984,2022-11-30,8,0,03:23,12:23,1,1,2,헬스,4,2,-1,0,,,,0,,,,1,-1,-1,0,10,3,2,3,4,3,0.5714285714285714,8823.25,73.26702687321419,365.0,80.0,3,0.0,,0.0,0.0,,0.0,0,0.0,,0.0,0.0
S984,2022-12-03,8,0,05:05,11:05,1,1,2,헬스,0,0,-1,0,,,,0,,,,1,-1,-1,0,10,3,2,3,2,3,1.0,9516.857142857143,74.21537876502687,369.0,77.4,5,0.0,,0.0,0.0,,0.0,0,0.0,,0.0,0.0
S984,2022-12-08,8,0,11:40,23:58,1,1,1,-1,-1,-1,-1,-1,-1.0,-1.0,-1.0,-1,-1.0,-1.0,-1.0,1,-1,-1,0,10,3,1,3,2,2,0.7142857142857143,8451.4,75.356463307171,486.5,78.0,4,1.0,18.78333333333333,18.78333333333333,1.0,18.78333333333333,18.78333333333333,0,0.0,,0.0,1.0
S985,2022-09-17,7,0,01:30,08:00,1,1,1,-1,-1,-1,-1,-1,-1.0,-1.0,-1.0,-1,-1.0,-1.0,-1.0,1,-1,-1,1,0,8,2,2,2,1,0.2857142857142857,8321.0,80.8742328905461,345.0,75.0,1,2.0,16.633333333333333,33.266666666666666,2.0,16.633333333333333,33.266666666666666,0,0.0,,0.0,1.0
S985,2022-09-25,6,30,01:00,08:00,1,1,1,-1,-1,-1,-1,-1,-1.0,-1.0,-1.0,-1,-1.0,-1.0,-1.0,1,-1,-1,1,30,16,1,3,2,1,1.0,11441.42857142857,84.97773097968471,377.0,69.5,6,6.0,40.24722222222222,241.4833333333333,6.0,40.24722222222222,241.4833333333333,0,0.0,,0.0,1.0
S985,2022-10-02,6,44,02:00,10:00,1,1,1,-1,-1,-1,-1,-1,-1.0,-1.0,-1.0,-1,-1.0,-1.0,-1.0,1,-1,-1,1,0,13,1,3,2,1,1.0,8980.42857142857,79.7501482404464,392.6666666666667,77.33333333333333,6,8.0,19.86875,158.95000000000002,8.0,19.86875,158.95000000000002,0,0.0,,0.0,1.0
S985,2022-10-09,7,21,00:30,20:30,1,1,1,-1,-1,-1,-1,-1,-1.0,-1.0,-1.0,-1,-1.0,-1.0,-1.0,1,-1,-1,1,0,11,1,3,1,2,1.0,10753.857142857143,79.86925372970948,403.2857142857143,78.42857142857143,7,9.0,20.866666666666667,187.8,9.0,20.866666666666667,187.8,0,0.0,,0.0,1.0
S985,2022-10-17,7,0,02:01,21:00,1,1,1,-1,-1,-1,-1,-1,-1.0,-1.0,-1.0,-1,-1.0,-1.0,-1.0,1,-1,-1,1,0,8,1,2,2,2,1.0,8819.714285714286,81.6184006321868,365.5,73.5,4,3.0,19.65,58.95,3.0,19.65,58.95,0,0.0,,0.0,1.0
S985,2022-10-24,5,35,00:30,08:00,1,1,1,-1,-1,-1,-1,-1,-1.0,-1.0,-1.0,-1,-1.0,-1.0,-1.0,1,-1,-1,1,0,9,2,3,2,2,1.0,8200.714285714286,82.93271578968263,365.25,75.5,4,4.0,17.704166666666666,70.81666666666666,4.0,17.704166666666666,70.81666666666666,0,0.0,,0.0,1.0
S985,2022-10-29,7,13,00:00,08:00,1,1,1,-1,-1,-1,-1,-1,-1.0,-1.0,-1.0,-1,-1.0,-1.0,-1.0,2,1,60,1,0,12,1,4,1,1,1.0,7796.0,79.6770224683207,399.0,79.57142857142857,7,6.0,18.20833333333333,109.25,6.0,18.20833333333333,109.25,1,1.0,60.0,60.0,1.0
S985,2022-11-07,7,30,00:00,08:00,1,1,1,-1,-1,-1,-1,-1,-1.0,-1.0,-1.0,-1,-1.0,-1.0,-1.0,2,2,60,0,50,7,2,3,1,2,1.0,5761.857142857143,73.84152508095973,373.5,71.83333333333333,6,0.0,,0.0,0.0,,0.0,1,2.0,60.0,120.0,0.0
S985,2022-11-18,9,0,21:30,06:30,1,1,1,-1,-1,-1,-1,-1,-1.0,-1.0,-1.0,-1,-1.0,-1.0,-1.0,2,1,60,0,50,7,1,3,1,2,1.0,4790.428571428572,80.5484374455212,434.25,77.75,4,1.0,17.066666666666666,17.066666666666666,1.0,17.066666666666666,17.066666666666666,1,1.0,60.0,60.0,1.0
S985,2022-11-19,6,58,23:00,18:00,1,1,1,-1,-1,-1,-1,-1,-1.0,-1.0,-1.0,-1,-1.0,-1.0,-1.0,2,1,60,1,0,8,1,3,1,2,1.0,5201.285714285715,81.56462752947566,432.4,77.4,5,0.0,,0.0,0.0,,0.0,1,1.0,60.0,60.0,0.0
S985,2022-11-28,6,30,01:00,07:30,1,1,1,-1,-1,-1,-1,-1,-1.0,-1.0,-1.0,-1,-1.0,-1.0,-1.0,2,2,60,1,0,6,1,3,1,1,1.0,6213.142857142857,81.24699574757742,382.5,72.83333333333333,6,4.0,30.5375,122.15,4.0,30.5375,122.15,1,2.0,60.0,120.0,1.0
S986,2022-09-17,7,0,02:00,10:00,1,1,2,헬스,3,1,-1,0,,,,0,,,,2,3,15,1,0,6,1,4,3,2,0.2857142857142857,7165.5,85.8187919079409,392.0,81.0,1,1.0,16.216666666666665,16.216666666666665,1.0,16.216666666666665,16.216666666666665,1,3.0,15.0,45.0,1.0
S986,2022-09-25,7,0,03:00,10:00,1,1,2,헬스,3,1,-1,0,,,,0,,,,1,-1,-1,1,0,4,1,4,3,1,1.0,8877.142857142857,81.90583529995187,326.85714285714283,75.28571428571429,7,4.0,18.15,72.6,4.0,18.15,72.6,0,0.0,,0.0,1.0
S986,2022-10-01,6,30,03:00,09:00,1,1,2,헬스,3,1,-1,0,,,,0,,,,1,-1,-1,0,30,3,1,4,3,1,1.0,9307.42857142857,81.01472628384468,313.0,76.2,5,10.0,20.835,208.35,10.0,20.835,208.35,0,0.0,,0.0,1.0
S986,2022-10-08,6,2,15:02,22:03,1,1,2,헬스,2,1,-1,0,,,,0,,,,1,-1,-1,0,50,9,1,4,1,2,1.0,8109.857142857143,78.62314632636055,393.6666666666667,78.0,6,6.0,24.058333333333334,144.35,6.0,24.058333333333334,144.35,0,0.0,,0.0,1.0
S986,2022-10-15,6,59,03:00,09:00,2,1,2,헬스,2,1,-1,0,,,,0,,,,1,-1,-1,1,0,10,1,4,3,2,1.0,7037.714285714285,82.61341679833983,422.57142857142856,80.14285714285714,7,3.0,30.08333333333333,90.25,3.0,30.08333333333333,90.25,0,0.0,,0.0,1.0
S986,2022-10-22,7,39,04:30,22:30,1,1,2,헬스,2,1,-1,0,,,,0,,,,1,-1,-1,1,0,9,1,4,2,3,1.0,6648.714285714285,81.75167635471121,404.2,81.0,5,5.0,18.6,93.0,5.0,18.6,93.0,0,0.0,,0.0,1.0
S986,2022-10-29,6,28,22:00,06:00,1,1,1,-1,-1,-1,-1,-1,-1.0,-1.0,-1.0,-1,-1.0,-1.0,-1.0,1,-1,-1,1,0,9,1,1,3,1,1.0,7452.0,78.03126441682181,385.1666666666667,78.16666666666667,6,3.0,19.622222222222224,58.86666666666667,3.0,19.622222222222224,58.86666666666667,0,0.0,,0.0,1.0
S986,2022-11-05,6,14,21:08,06:00,1,1,1,-1,-1,-1,-1,-1,-1.0,-1.0,-1.0,-1,-1.0,-1.0,-1.0,1,-1,-1,1,0,9,1,4,1,1,1.0,12055.57142857143,83.13129276115917,383.4285714285714,79.42857142857143,7,2.0,16.641666666666666,33.28333333333333,2.0,16.641666666666666,33.28333333333333,0,0.0,,0.0,1.0
S986,2022-11-13,6,0,02:55,08:51,1,1,2,헬스,1,1,-1,0,,,,0,,,,1,-1,-1,1,0,9,1,4,4,4,1.0,6105.285714285715,79.09902881183048,427.2857142857143,82.0,7,2.0,17.916666666666664,35.83333333333333,2.0,17.916666666666664,35.83333333333333,0,0.0,,0.0,1.0
S986,2022-11-20,6,0,03:00,09:00,1,1,2,헬스,2,1,-1,0,,,,0,,,,1,-1,-1,1,0,9,1,4,4,4,1.0,10002.142857142857,77.35511287899796,354.85714285714283,77.14285714285714,7,10.0,26.28,262.8,10.0,26.28,262.8,0,0.0,,0.0,1.0
S986,2022-11-27,6,0,03:06,09:06,1,1,2,헬스,1,1,-1,0,,,,0,,,,1,-1,-1,0,30,9,2,4,4,4,1.0,6905.142857142857,82.51943696891087,340.0,74.16666666666667,6,3.0,17.92222222222222,53.766666666666666,3.0,17.92222222222222,53.766666666666666,0,0.0,,0.0,1.0
S987,2022-10-21,8,30,03:00,10:05,2,1,2,기타,0,0,-1,기타,0.0,0.0,0.0,기타,0.0,0.0,0.0,2,1,10,20,0,1,2,2,2,4,0.1428571428571428,5041.0,87.69708840656432,,,0,0.0,,0.0,0.0,,0.0,1,1.0,10.0,10.0,0.0
S987,2022-10-24,7,0,03:06,09:06,2,1,1,-1,-1,-1,-1,-1,-1.0,-1.0,-1.0,-1,-1.0,-1.0,-1.0,1,-1,-1,1,0,0,2,2,2,4,0.5714285714285714,5098.75,88.86724724675382,,,0,0.0,,0.0,0.0,,0.0,0,0.0,,0.0,0.0
S987,2022-10-30,8,0,02:15,10:15,2,1,1,-1,-1,-1,-1,-1,-1.0,-1.0,-1.0,-1,-1.0,-1.0,-1.0,1,-1,-1,0,20,2,2,2,2,4,1.0,4650.142857142857,83.83277471109487,313.3333333333333,70.33333333333333,3,3.0,22.47222222222221,67.41666666666666,3.0,22.47222222222221,67.41666666666666,0,0.0,,0.0,1.0
S987,2022-11-02,5,0,12:20,09:21,2,1,1,-1,-1,-1,-1,-1,-1.0,-1.0,-1.0,-1,-1.0,-1.0,-1.0,1,-1,-1,0,30,1,3,2,2,3,1.0,4197.714285714285,82.46089815328502,375.6666666666667,75.66666666666667,3,4.0,21.975,87.89999999999999,4.0,21.975,87.89999999999999,0,0.0,,0.0,1.0
S987,2022-11-15,5,0,05:05,11:05,2,2,1,-1,-1,-1,-1,-1,-1.0,-1.0,-1.0,-1,-1.0,-1.0,-1.0,2,1,10,0,10,0,3,2,2,2,0.2857142857142857,1343.0,71.14005319790935,322.5,75.5,2,0.0,,0.0,0.0,,0.0,1,1.0,10.0,10.0,0.0
S987,2022-12-01,6,0,02:36,07:37,1,1,1,-1,-1,-1,-1,-1,-1.0,-1.0,-1.0,-1,-1.0,-1.0,-1.0,1,-1,-1,0,10,1,3,2,2,4,0.0,,,,,0,,,,,,,0,0.0,,0.0,
S987,2022-12-05,9,0,02:20,11:20,2,1,1,-1,-1,-1,-1,-1,-1.0,-1.0,-1.0,-1,-1.0,-1.0,-1.0,1,-1,-1,0,20,0,1,3,2,4,0.0,,,,,0,,,,,,,0,0.0,,0.0,
S987,2022-12-14,10,0,01:22,12:22,1,2,1,-1,-1,-1,-1,-1,-1.0,-1.0,-1.0,-1,-1.0,-1.0,-1.0,2,1,20,0,5,1,1,4,4,4,0.0,,,,,0,,,,,,,1,1.0,20.0,20.0,
S987,2022-12-24,8,0,01:01,08:01,2,1,1,-1,-1,-1,-1,-1,-1.0,-1.0,-1.0,-1,-1.0,-1.0,-1.0,2,1,10,0,10,1,1,3,2,4,0.0,,,,,0,,,,,,,1,1.0,10.0,10.0,
S988,2022-09-17,5,0,01:00,06:00,4,4,2,헬스,4,1,-1,0,,,,0,,,,2,4,20,1,0,30,2,2,4,3,0.0,,,,,0,,,,,,,1,4.0,20.0,80.0,
S988,2022-09-24,4,0,03:30,07:15,3,3,2,헬스,3,1,-1,0,,,,0,,,,2,5,30,2,0,30,3,1,3,3,0.0,,,,,0,,,,,,,1,5.0,30.0,150.0,
S988,2022-10-01,4,0,02:00,06:00,3,3,2,헬스,5,1,-1,0,,,,0,,,,2,5,20,2,0,30,2,2,4,3,0.7142857142857143,7624.8,77.01991639948412,,,0,0.0,,0.0,0.0,,0.0,1,5.0,20.0,100.0,0.0
S988,2022-10-08,6,0,01:00,07:00,3,3,2,헬스,5,1,-1,0,,,,0,,,,2,5,30,5,0,30,2,3,3,3,1.0,9688.714285714286,80.7680162702229,340.5,70.5,6,1.0,29.016666666666666,29.016666666666666,1.0,29.016666666666666,29.016666666666666,1,5.0,30.0,150.0,1.0
S988,2022-10-15,7,0,12:00,07:00,3,3,2,헬스,5,1,-1,0,,,,0,,,,2,5,30,2,0,30,2,3,3,3,0.1428571428571428,6967.0,83.73661021616412,,,0,0.0,,0.0,0.0,,0.0,1,5.0,30.0,150.0,0.0
S988,2022-10-25,5,0,01:00,06:02,4,4,2,헬스,5,1,-1,0,,,,0,,,,2,5,40,2,0,30,3,2,4,4,0.7142857142857143,4492.8,80.47355303083638,,,0,0.0,,0.0,0.0,,0.0,1,5.0,40.0,200.0,0.0
S988,2022-10-30,6,0,01:00,07:00,3,3,2,헬스,5,1,-1,0,,,,0,,,,2,5,60,2,0,30,3,1,4,4,1.0,6867.285714285715,80.42984824641374,,,0,0.0,,0.0,0.0,,0.0,1,5.0,60.0,300.0,0.0
S988,2022-11-05,6,0,01:00,07:00,3,3,2,헬스,5,1,-1,0,,,,0,,,,2,5,30,2,0,30,3,1,4,4,1.0,8057.571428571428,83.47919842758468,,,0,1.0,26.466666666666665,26.466666666666665,1.0,26.466666666666665,26.466666666666665,1,5.0,30.0,150.0,1.0
S988,2022-11-13,6,0,01:05,07:05,3,3,2,헬스,5,1,-1,0,,,,0,,,,2,5,30,8,30,30,3,1,3,3,0.4285714285714285,6424.666666666667,81.3173523479784,,,0,1.0,58.9,58.9,1.0,58.9,58.9,1,5.0,30.0,150.0,1.0
S988,2022-11-19,6,0,01:00,07:00,3,3,2,헬스,5,1,-1,0,,,,0,,,,2,5,30,1,0,30,2,2,3,2,0.0,,,,,0,,,,,,,1,5.0,30.0,150.0,
S989,2022-09-17,7,10,23:20,06:50,2,2,1,-1,-1,-1,-1,-1,-1.0,-1.0,-1.0,-1,-1.0,-1.0,-1.0,1,-1,-1,0,20,2,2,1,4,2,0.2857142857142857,1412.0,67.87794833060448,,,0,0.0,,0.0,0.0,,0.0,0,0.0,,0.0,0.0
S989,2022-09-25,7,15,22:30,06:30,2,3,1,-1,-1,-1,-1,-1,-1.0,-1.0,-1.0,-1,-1.0,-1.0,-1.0,1,-1,-1,0,30,2,2,2,3,2,1.0,3717.571428571429,69.00028057163158,434.4285714285714,80.42857142857143,7,5.0,15.733333333333334,78.66666666666667,5.0,15.733333333333334,78.66666666666667,0,0.0,,0.0,1.0
S989,2022-10-02,6,56,00:40,07:00,2,3,1,-1,-1,-1,-1,-1,-1.0,-1.0,-1.0,-1,-1.0,-1.0,-1.0,2,4,10,0,15,5,2,2,4,2,1.0,6144.142857142857,75.95595232351141,384.8571428571428,79.14285714285714,7,9.0,17.396296296296295,156.56666666666666,9.0,17.396296296296295,156.56666666666666,1,4.0,10.0,40.0,1.0
S989,2022-10-09,7,48,23:04,07:33,2,3,1,-1,-1,-1,-1,-1,-1.0,-1.0,-1.0,-1,-1.0,-1.0,-1.0,2,4,10,0,37,6,3,2,3,2,1.0,3482.428571428572,73.82432197454588,450.0,79.5,6,2.0,23.508333333333333,47.016666666666666,2.0,23.508333333333333,47.016666666666666,1,4.0,10.0,40.0,1.0
S989,2022-10-18,8,12,01:07,07:41,2,3,1,-1,-1,-1,-1,-1,-1.0,-1.0,-1.0,-1,-1.0,-1.0,-1.0,2,4,15,0,10,2,3,1,3,4,1.0,2761.8571428571427,75.07512060871144,474.57142857142856,84.42857142857143,7,2.0,17.083333333333332,34.166666666666664,2.0,17.083333333333332,34.166666666666664,1,4.0,15.0,60.0,1.0
S989,2022-10-24,7,7,22:40,06:40,2,3,1,-1,-1,-1,-1,-1,-1.0,-1.0,-1.0,-1,-1.0,-1.0,-1.0,2,4,10,0,15,2,3,2,3,2,1.0,1999.142857142857,72.56229970580817,410.5,82.0,6,0.0,,0.0,0.0,,0.0,1,4.0,10.0,40.0,0.0
S989,2022-10-29,6,58,00:05,07:43,2,3,1,-1,-1,-1,-1,-1,-1.0,-1.0,-1.0,-1,-1.0,-1.0,-1.0,1,-1,-1,0,20,2,2,2,3,2,1.0,2985.285714285714,76.7523145587394,419.57142857142856,81.57142857142857,7,2.0,14.516666666666667,29.03333333333333,2.0,14.516666666666667,29.03333333333333,0,0.0,,0.0,1.0
S989,2022-11-06,6,56,00:07,07:30,2,2,1,-1,-1,-1,-1,-1,-1.0,-1.0,-1.0,-1,-1.0,-1.0,-1.0,1,-1,-1,0,30,4,2,2,3,2,1.0,4717.428571428572,75.85978534779159,410.8333333333333,79.83333333333333,6,7.0,13.433333333333332,94.03333333333332,7.0,13.433333333333332,94.03333333333332,0,0.0,,0.0,1.0
S989,2022-11-12,6,58,00:40,08:30,1,1,1,-1,-1,-1,-1,-1,-1.0,-1.0,-1.0,-1,-1.0,-1.0,-1.0,2,4,10,0,20,5,3,2,4,3,1.0,5536.857142857143,73.49462581200844,418.0,83.6,5,9.0,12.833333333333334,115.5,9.0,12.833333333333334,115.5,1,4.0,10.0,40.0,1.0
S989,2022-11-21,6,36,00:33,08:01,1,2,1,-1,-1,-1,-1,-1,-1.0,-1.0,-1.0,-1,-1.0,-1.0,-1.0,1,-1,-1,0,15,3,3,2,2,3,1.0,3831.428571428572,77.22894081892962,407.3333333333333,77.66666666666667,6,5.0,12.829999999999998,64.14999999999999,5.0,12.829999999999998,64.14999999999999,0,0.0,,0.0,1.0
S989,2022-11-26,7,21,00:30,07:40,2,2,1,-1,-1,-1,-1,-1,-1.0,-1.0,-1.0,-1,-1.0,-1.0,-1.0,2,3,10,0,15,3,2,2,3,2,1.0,2920.714285714286,74.90807044473131,487.8,81.6,5,4.0,12.4,49.6,4.0,12.4,49.6,1,3.0,10.0,30.0,1.0
S991,2022-09-18,6,30,02:20,08:00,1,1,2,달리기,3,0,-1,0,,,,0,,,,2,3,20,1,0,10,1,4,1,1,0.4285714285714285,6893.333333333333,86.97996313389469,323.0,77.0,1,1.0,15.35,15.35,1.0,15.35,15.35,1,3.0,20.0,60.0,1.0
S991,2022-09-25,7,0,01:30,20:00,1,1,2,달리기,1,1,-1,0,,,,0,,,,1,-1,-1,1,0,20,1,4,1,1,0.8571428571428571,9775.333333333334,86.6439220947441,388.8,79.4,5,7.0,21.257142857142856,148.79999999999998,6.0,24.76944444444445,148.61666666666667,0,0.0,,0.0,1.0
S991,2022-10-02,7,0,00:45,08:46,1,1,1,-1,-1,-1,-1,-1,-1.0,-1.0,-1.0,-1,-1.0,-1.0,-1.0,1,-1,-1,1,0,10,1,4,1,1,0.0,,,,,0,,,,,,,0,0.0,,0.0,
S991,2022-10-08,7,0,02:00,08:00,1,1,1,-1,-1,-1,-1,-1,-1.0,-1.0,-1.0,-1,-1.0,-1.0,-1.0,1,-1,-1,1,0,10,1,4,1,1,0.0,,,,,0,,,,,,,0,0.0,,0.0,
S991,2022-10-15,8,0,01:30,08:15,1,1,1,-1,-1,-1,-1,-1,-1.0,-1.0,-1.0,-1,-1.0,-1.0,-1.0,1,-1,-1,2,0,10,1,4,1,1,0.0,,,,,0,,,,,,,0,0.0,,0.0,
S991,2022-10-22,8,0,01:30,09:00,1,1,1,-1,-1,-1,-1,-1,-1.0,-1.0,-1.0,-1,-1.0,-1.0,-1.0,1,-1,-1,1,30,10,1,4,1,1,0.0,,,,,0,,,,,,,0,0.0,,0.0,
S991,2022-10-29,8,0,02:00,08:10,1,1,1,-1,-1,-1,-1,-1,-1.0,-1.0,-1.0,-1,-1.0,-1.0,-1.0,1,-1,-1,2,0,10,1,4,1,1,0.7142857142857143,7580.2,75.90197633446763,,,0,0.0,,0.0,0.0,,0.0,0,0.0,,0.0,0.0
S991,2022-11-06,8,0,01:22,08:20,1,1,1,-1,-1,-1,-1,-1,-1.0,-1.0,-1.0,-1,-1.0,-1.0,-1.0,1,-1,-1,2,0,10,1,4,1,1,1.0,11527.42857142857,88.59951517000908,319.0,75.0,4,1.0,24.75,24.75,1.0,24.75,24.75,0,0.0,,0.0,1.0
S991,2022-11-12,8,0,01:30,08:10,1,1,1,-1,-1,-1,-1,-1,-1.0,-1.0,-1.0,-1,-1.0,-1.0,-1.0,1,-1,-1,2,0,10,1,4,1,1,0.7142857142857143,9995.0,92.59057082873797,352.75,73.5,4,5.0,17.923333333333336,89.61666666666667,5.0,17.923333333333336,89.61666666666667,0,0.0,,0.0,1.0
S991,2022-11-19,8,0,01:10,08:15,1,1,1,-1,-1,-1,-1,-1,-1.0,-1.0,-1.0,-1,-1.0,-1.0,-1.0,1,-1,-1,1,30,10,1,4,1,3,0.0,,,,,0,,,,,,,0,0.0,,0.0,
S992,2022-09-17,5,0,02:30,20:00,1,1,2,골프,7,1,-1,0,,,,0,,,,1,-1,-1,1,0,1,1,2,2,4,0.5714285714285714,3789.75,99.8266942192724,323.0,70.5,2,0.0,,0.0,0.0,,0.0,0,0.0,,0.0,0.0
S992,2022-09-25,6,46,02:50,08:30,1,1,2,골프,4,1,-1,0,,,,0,,,,2,1,40,0,30,5,2,2,4,2,1.0,5332.142857142857,95.99891912011957,378.57142857142856,82.85714285714286,7,2.0,39.68333333333334,79.36666666666667,2.0,39.68333333333334,79.36666666666667,1,1.0,40.0,40.0,1.0
S992,2022-10-02,6,2,01:50,08:40,1,1,2,골프,2,1,-1,0,,,,0,,,,2,1,30,0,30,3,1,3,3,1,1.0,6863.285714285715,100.32545549752076,306.42857142857144,78.28571428571429,7,5.0,16.93,84.65,5.0,16.93,84.65,1,1.0,30.0,30.0,1.0
S992,2022-10-08,7,11,02:00,08:30,1,1,2,골프,2,1,-1,0,,,,0,,,,1,-1,-1,1,30,3,1,4,4,4,1.0,4402.285714285715,95.1706344871832,366.2857142857143,80.57142857142857,7,3.0,16.811111111111114,50.43333333333334,3.0,16.811111111111114,50.43333333333334,0,0.0,,0.0,1.0
S992,2022-10-15,6,51,02:15,08:23,2,1,2,골프,4,1,-1,0,,,,0,,,,1,-1,-1,0,25,5,1,4,4,4,1.0,5950.428571428572,92.90714165124643,338.7142857142857,82.28571428571429,7,3.0,32.19444444444444,96.58333333333331,3.0,32.19444444444444,96.58333333333331,0,0.0,,0.0,1.0
S992,2022-10-22,6,35,01:30,07:30,1,1,2,골프,2,1,-1,0,,,,0,,,,1,-1,-1,0,30,1,1,2,3,1,1.0,5410.428571428572,90.36117314951316,342.7142857142857,79.71428571428571,7,2.0,16.216666666666665,32.43333333333333,2.0,16.216666666666665,32.43333333333333,0,0.0,,0.0,1.0
S992,2022-10-30,6,18,02:25,07:57,1,1,2,골프,3,1,-1,0,,,,0,,,,1,-1,-1,0,30,2,1,2,2,2,1.0,6285.857142857143,93.16117070684888,387.1428571428572,81.85714285714286,7,1.0,16.25,16.25,1.0,16.25,16.25,0,0.0,,0.0,1.0
S992,2022-11-06,6,23,02:21,19:22,1,1,1,-1,-1,-1,-1,-1,-1.0,-1.0,-1.0,-1,-1.0,-1.0,-1.0,1,-1,-1,0,30,4,2,2,3,1,1.0,6839.142857142857,97.40020053512296,358.5,77.66666666666667,6,1.0,33.28333333333333,33.28333333333333,1.0,33.28333333333333,33.28333333333333,0,0.0,,0.0,1.0
S992,2022-11-13,6,50,01:00,07:01,1,1,1,-1,-1,-1,-1,-1,-1.0,-1.0,-1.0,-1,-1.0,-1.0,-1.0,1,-1,-1,0,50,6,1,2,4,4,1.0,10294.57142857143,102.11689934670704,332.1666666666667,78.16666666666667,6,5.0,17.24666666666667,86.23333333333335,5.0,17.24666666666667,86.23333333333335,0,0.0,,0.0,1.0
S993,2022-09-17,8,0,02:00,11:00,1,1,2,달리기,3,2,-1,0,,,,0,,,,1,-1,-1,2,0,3,1,4,2,1,0.2857142857142857,12403.5,91.02480133898702,,,0,3.0,31.62777777777778,94.88333333333334,2.0,47.400000000000006,94.8,0,0.0,,0.0,1.0
S993,2022-09-25,7,0,02:00,09:30,1,1,2,달리기,3,2,-1,0,,,,0,,,,1,-1,-1,3,0,3,1,4,2,1,1.0,16499.14285714286,93.05797405503908,343.8333333333333,67.33333333333333,6,4.0,20.941666666666663,83.76666666666667,4.0,20.941666666666663,83.76666666666667,0,0.0,,0.0,1.0
S993,2022-10-01,5,0,03:00,10:30,1,1,2,달리기,3,2,-1,요가(또는 필라테스),1.0,1.0,0.0,0,,,,1,-1,-1,4,0,3,1,4,2,1,1.0,12860.42857142857,90.62214426151782,358.6666666666667,72.66666666666667,6,0.0,,0.0,0.0,,0.0,0,0.0,,0.0,0.0
S993,2022-10-15,7,0,02:00,10:00,1,1,2,달리기,2,2,-1,0,,,,0,,,,1,-1,-1,2,0,3,1,4,4,4,1.0,12771.714285714286,86.55256714445125,407.1666666666667,78.66666666666667,6,3.0,30.47222222222221,91.41666666666666,3.0,30.47222222222221,91.41666666666666,0,0.0,,0.0,1.0
S993,2022-10-26,8,0,02:00,10:00,1,1,1,-1,-1,-1,-1,-1,-1.0,-1.0,-1.0,-1,-1.0,-1.0,-1.0,1,-1,-1,1,0,3,1,4,2,1,1.0,15838.42857142857,90.38096509213229,348.5,73.33333333333333,6,5.0,22.223333333333333,111.11666666666666,5.0,22.223333333333333,111.11666666666666,0,0.0,,0.0,1.0
S993,2022-11-15,6,0,03:00,09:00,1,2,2,달리기,2,2,-1,0,,,,0,,,,1,-1,-1,3,0,3,1,4,1,1,0.8571428571428571,11534.333333333334,103.17825713738424,275.5,63.0,4,0.0,,0.0,0.0,,0.0,0,0.0,,0.0,0.0
S993,2022-11-18,7,0,03:00,10:00,1,1,2,달리기,2,2,-1,0,,,,0,,,,1,-1,-1,3,0,3,1,4,1,1,0.8571428571428571,12791.833333333334,100.15757140843051,247.0,60.333333333333336,3,3.0,19.76111111111111,59.28333333333333,3.0,19.76111111111111,59.28333333333333,0,0.0,,0.0,1.0
S993,2022-11-19,7,0,02:30,09:30,1,1,2,달리기,3,2,-1,0,,,,0,,,,1,-1,-1,2,0,3,1,4,1,1,0.8571428571428571,14074.833333333334,96.39529974184852,297.0,67.0,3,3.0,19.76111111111111,59.28333333333333,3.0,19.76111111111111,59.28333333333333,0,0.0,,0.0,1.0
S994,2022-09-17,6,0,03:00,20:40,1,2,2,헬스,5,1,-1,0,,,,0,,,,2,2,30,2,0,6,1,4,2,1,0.2857142857142857,3924.5,92.49400472841504,,,0,0.0,,0.0,0.0,,0.0,1,2.0,30.0,60.0,0.0
S994,2022-09-25,6,30,02:30,09:20,1,1,2,헬스,5,1,-1,0,,,,0,,,,1,-1,-1,2,0,10,1,4,2,2,1.0,8763.714285714286,83.72931141745936,381.1428571428572,74.71428571428571,7,1.0,40.16666666666666,40.16666666666666,1.0,40.16666666666666,40.16666666666666,0,0.0,,0.0,1.0
S994,2022-10-03,6,50,02:40,09:25,1,1,2,헬스,5,1,-1,0,,,,0,,,,1,-1,-1,2,0,6,1,4,2,2,1.0,10513.142857142857,85.39621903472796,355.4,75.0,5,1.0,21.366666666666667,21.366666666666667,1.0,21.366666666666667,21.366666666666667,0,0.0,,0.0,1.0
S994,2022-10-09,6,30,02:00,09:00,1,1,2,헬스,5,1,-1,0,,,,0,,,,1,-1,-1,1,30,20,1,4,2,1,1.0,9530.57142857143,83.66805429244326,376.6666666666667,72.5,6,1.0,16.2,16.2,1.0,16.2,16.2,0,0.0,,0.0,1.0
S994,2022-10-15,6,50,03:00,09:40,1,1,2,헬스,5,1,-1,0,,,,0,,,,1,-1,-1,2,0,38,1,4,2,2,1.0,9419.142857142857,78.42746150125727,380.2857142857143,74.42857142857143,7,1.0,33.28333333333333,33.28333333333333,1.0,33.28333333333333,33.28333333333333,0,0.0,,0.0,1.0
S994,2022-10-23,6,50,03:40,09:12,1,1,2,헬스,4,1,-1,0,,,,0,,,,1,-1,-1,2,0,26,1,3,2,1,1.0,9569.57142857143,78.42892737559292,347.57142857142856,70.0,7,2.0,17.558333333333334,35.11666666666667,2.0,17.558333333333334,35.11666666666667,0,0.0,,0.0,1.0
S994,2022-10-31,7,26,03:30,10:24,1,1,2,헬스,4,1,-1,0,,,,0,,,,1,-1,-1,3,0,20,1,3,3,1,1.0,8474.857142857143,81.5001813527423,416.8571428571428,75.71428571428571,7,1.0,18.78333333333333,18.78333333333333,1.0,18.78333333333333,18.78333333333333,0,0.0,,0.0,1.0
S994,2022-11-05,8,1,04:04,23:04,1,1,2,헬스,4,1,-1,0,,,,0,,,,1,-1,-1,4,0,18,1,4,2,1,1.0,7322.857142857143,79.5654158085006,418.7142857142857,75.42857142857143,7,1.0,18.78333333333333,18.78333333333333,1.0,18.78333333333333,18.78333333333333,0,0.0,,0.0,1.0
S994,2022-11-13,5,32,04:10,09:30,1,1,2,헬스,4,1,-1,0,,,,0,,,,1,-1,-1,3,0,22,2,3,2,1,1.0,9089.57142857143,82.12214348926513,308.2857142857143,68.71428571428571,7,0.0,,0.0,0.0,,0.0,0,0.0,,0.0,0.0
