id,survey_date,q1-1,q1-2,q2,q3,q4,q5,q6,q6-1-1,q6-1-2,q6-1-3,q6-1-4,q6-2-1,q6-2-2,q6-2-3,q6-2-4,q6-3-1,q6-3-2,q6-3-3,q6-3-4,q7,q7-1,q7-2,q8-1,q8-2,q9,mq1,mq2,mq3,mq4,wearable_coverage,w_mean_steps,w_mean_hr,w_mean_sleep_minutes,w_mean_sleep_score,w_sleep_nights_n,w_mean_sleep_minutes_tib,survey_sleep_hr,wearable_sleep_hr_tib,D_sleep_hr_tib,wearable_sleep_hr_asleep,D_sleep_hr_asleep,rel_week_raw,rel_week,SD_t,D_star_t,absD_star_t,stress_between,stress_within,coverage_between,coverage_within,gender
S001,2022-09-04,5,0,03:00,08:00,1,1,2,요가(또는 필라테스),2,1,-1,0,,,,0,,,,2,1,20,0,30,5,2,2,2,2,1.0,7466.142857142857,71.59884998321249,469.6,80.2,5,521.2,5.0,8.686666666666667,-3.686666666666667,7.826666666666667,-2.826666666666667,1.0,1,1.4347680187122756,-2.5695210783799753,2.5695210783799753,0.658893279656706,-0.0752794469340057,1.0,0.0,2
S001,2022-09-10,6,0,02:00,08:10,2,2,2,요가(또는 필라테스),2,1,-1,0,,,,0,,,,2,2,30,0,30,5,2,3,2,2,1.0,8502.857142857143,69.0332064451291,423.1428571428572,79.71428571428571,7,473.4285714285714,6.0,7.89047619047619,-1.89047619047619,7.052380952380954,-1.052380952380954,2.0,2,1.040659178758492,-1.816614150976433,1.816614150976433,0.658893279656706,-0.4322897102773786,1.0,0.0,2
S001,2022-09-17,5,30,02:37,08:10,3,1,2,요가(또는 필라테스),2,1,-1,0,,,,0,,,,2,2,30,0,30,8,2,4,2,2,1.0,7569.0,70.43010537653798,449.5,79.33333333333333,6,511.3333333333333,5.5,8.522222222222222,-3.022222222222222,7.491666666666666,-1.9916666666666665,3.0,3,1.286670487394574,-2.3488703998659597,2.3488703998659597,0.658893279656706,-0.7892999736207515,1.0,0.0,2
S001,2022-09-24,6,0,01:30,08:00,3,2,2,요가(또는 필라테스),2,1,-1,0,,,,0,,,,2,2,30,0,30,15,2,2,2,1,1.0,8527.0,76.9088957655587,454.3333333333333,81.5,6,498.6666666666667,6.0,8.311111111111112,-2.311111111111112,7.572222222222222,-1.572222222222222,4.0,4,0.8086538980157038,-2.85797312890246,2.85797312890246,0.658893279656706,-0.4185823650823838,1.0,0.0,2
S001,2022-10-01,6,0,02:29,08:20,4,2,1,-1,-1,-1,-1,-1,-1.0,-1.0,-1.0,-1,-1.0,-1.0,-1.0,1,-1,-1,1,0,20,2,2,3,2,1.0,9036.714285714286,74.4449270996599,407.57142857142856,74.0,7,442.7142857142857,6.0,7.378571428571429,-1.378571428571429,6.792857142857143,-0.7928571428571427,5.0,5,0.8583905664965776,-1.6059955483876176,1.6059955483876176,0.658893279656706,-0.0752794469340057,1.0,0.0,2
S001,2022-10-08,4,0,03:00,07:50,4,3,2,요가(또는 필라테스),3,1,-1,0,,,,0,,,,2,2,60,0,30,15,3,2,2,3,1.0,7195.571428571428,69.12812321001954,395.3333333333333,78.5,6,451.6666666666667,4.0,7.527777777777778,-3.5277777777777777,6.588888888888889,-2.588888888888889,6.0,6,1.4117717464589004,-2.4988301307391825,2.4988301307391825,0.658893279656706,0.7661000333533037,1.0,0.0,2
S001,2022-10-17,5,0,02:30,08:00,3,3,2,요가(또는 필라테스),3,1,-1,0,,,,0,,,,2,2,60,1,0,20,3,2,2,2,1.0,8759.57142857143,71.81766427156914,485.5,81.5,6,557.8333333333334,5.0,9.297222222222222,-4.297222222222223,8.091666666666667,-3.091666666666667,7.0,7+,1.1598032038049981,-3.7051304981088244,3.7051304981088244,0.658893279656706,0.4227971152049254,1.0,0.0,2
S001,2022-10-22,4,0,02:40,07:40,3,3,2,요가(또는 필라테스),2,1,-1,0,,,,0,,,,2,1,30,0,30,10,3,2,4,4,1.0,6800.0,70.14385052925476,385.2,77.8,5,428.4,4.0,7.14,-3.14,6.42,-2.42,8.0,7+,1.1598032038049981,-2.707355859768723,2.707355859768723,0.658893279656706,1.1094029515016817,1.0,0.0,2
S001,2022-10-29,4,0,03:47,08:40,1,1,2,요가(또는 필라테스),2,1,-1,0,,,,0,,,,2,1,30,0,30,5,2,2,3,2,1.0,6399.142857142857,66.96527146361105,436.3333333333333,79.16666666666667,6,499.3333333333333,4.0,8.322222222222221,-4.322222222222221,7.272222222222222,-3.272222222222222,9.0,7+,1.1598032038049981,-3.7266858791579365,3.7266858791579365,0.658893279656706,-0.0752794469340057,1.0,0.0,2
S001,2022-11-05,5,0,02:44,08:00,1,3,2,요가(또는 필라테스),3,1,-1,0,,,,0,,,,2,1,30,0,40,10,2,3,2,2,1.0,9381.285714285714,73.52358659932236,450.8,79.0,5,490.2,5.0,8.17,-3.17,7.513333333333334,-2.5133333333333336,10.0,7+,1.1598032038049981,-2.7332223170276597,2.7332223170276597,0.658893279656706,-0.4322897102773786,1.0,0.0,2
S008,2022-10-04,8,0,00:30,08:30,1,1,1,-1,-1,-1,-1,-1,-1.0,-1.0,-1.0,-1,-1.0,-1.0,-1.0,1,-1,-1,0,30,9,1,4,2,2,0.8571428571428571,8748.0,87.13072918469392,352.3333333333333,68.33333333333333,3,419.3333333333333,8.0,6.988888888888889,1.011111111111111,5.872222222222222,2.127777777777778,5.0,5,0.8583905664965776,1.177914984827763,1.177914984827763,-0.7208652023984441,0.0923819462954671,0.8571428571428571,0.0,1
S008,2022-10-08,8,0,00:30,09:00,1,1,1,-1,-1,-1,-1,-1,-1.0,-1.0,-1.0,-1,-1.0,-1.0,-1.0,1,-1,-1,0,30,12,1,4,2,2,1.0,9537.857142857143,80.23416713638014,386.2,72.0,5,462.0,8.0,7.7,0.2999999999999998,6.4366666666666665,1.5633333333333337,6.0,6,1.4117717464589004,0.21249894025183585,0.21249894025183585,-0.7208652023984441,0.0923819462954671,0.8571428571428571,0.1428571428571429,1
S008,2022-10-15,8,0,03:00,11:00,1,1,1,-1,-1,-1,-1,-1,-1.0,-1.0,-1.0,-1,-1.0,-1.0,-1.0,1,-1,-1,0,30,12,1,3,2,2,1.0,7802.142857142857,74.8882992623585,398.8333333333333,76.5,6,470.6666666666667,8.0,7.844444444444445,0.155555555555555,6.647222222222222,1.352777777777778,7.0,7+,1.1598032038049981,0.13412237097226462,0.13412237097226462,-0.7208652023984441,0.4493922096388401,0.8571428571428571,0.1428571428571429,1
S008,2022-10-29,8,0,02:00,10:00,1,1,1,-1,-1,-1,-1,-1,-1.0,-1.0,-1.0,-1,-1.0,-1.0,-1.0,1,-1,-1,0,30,15,1,4,2,1,0.2857142857142857,14767.5,84.14910790070338,395.0,73.0,1,473.0,8.0,7.883333333333334,0.1166666666666662,6.583333333333333,1.416666666666667,9.0,7+,1.1598032038049981,0.10059177822919843,0.10059177822919843,-0.7208652023984441,-0.2509209718529108,0.8571428571428571,-0.5714285714285714,1
S008,2022-11-09,8,0,13:29,10:00,1,1,1,-1,-1,-1,-1,-1,-1.0,-1.0,-1.0,-1,-1.0,-1.0,-1.0,1,-1,-1,0,15,9,1,4,1,1,1.0,9241.0,80.30839720302609,411.1428571428572,77.71428571428571,7,472.8571428571428,8.0,7.88095238095238,0.1190476190476204,6.852380952380954,1.1476190476190462,10.0,7+,1.1598032038049981,0.10264467166244895,0.10264467166244895,-0.7208652023984441,-0.2509209718529108,0.8571428571428571,0.1428571428571429,1
S008,2022-11-15,8,0,02:00,22:00,1,1,1,-1,-1,-1,-1,-1,-1.0,-1.0,-1.0,-1,-1.0,-1.0,-1.0,1,-1,-1,0,30,9,1,4,1,1,1.0,11338.57142857143,84.74448789316486,415.57142857142856,74.42857142857143,7,498.8571428571428,8.0,8.314285714285713,-0.3142857142857131,6.926190476190476,1.0738095238095244,11.0,7+,1.1598032038049981,-0.27098193318886116,0.27098193318886116,-0.7208652023984441,-0.2509209718529108,0.8571428571428571,0.1428571428571429,1
S012,2022-09-03,8,0,03:28,12:28,3,2,1,-1,-1,-1,-1,-1,-1.0,-1.0,-1.0,-1,-1.0,-1.0,-1.0,1,-1,-1,2,0,6,1,4,2,1,0.7142857142857143,7651.6,84.59980532558605,546.0,86.0,1,594.0,8.0,9.9,-1.9000000000000004,9.1,-1.0999999999999996,1.0,1,1.4347680187122756,-1.3242558903043273,1.3242558903043273,-0.1988324683005539,-0.7729537059508009,0.8857142857142858,-0.17142857142857149,1
S012,2022-09-10,7,0,03:00,12:00,3,3,1,-1,-1,-1,-1,-1,-1.0,-1.0,-1.0,-1,-1.0,-1.0,-1.0,1,-1,-1,0,30,5,2,4,2,1,1.0,9420.42857142857,81.81073359001891,368.0,76.33333333333333,6,419.8333333333333,7.0,6.997222222222222,0.0027777777777782,6.133333333333334,0.8666666666666663,2.0,2,1.040659178758492,0.0026692483326693885,0.0026692483326693885,-0.1988324683005539,-0.2748771438118696,0.8857142857142858,0.11428571428571421,1
S012,2022-09-17,5,0,03:18,08:26,2,3,1,-1,-1,-1,-1,-1,-1.0,-1.0,-1.0,-1,-1.0,-1.0,-1.0,1,-1,-1,0,30,5,2,3,2,1,1.0,8198.714285714286,77.04268001888052,289.0,74.33333333333333,3,332.0,5.0,5.533333333333333,-0.5333333333333332,4.816666666666666,0.1833333333333335,3.0,3,1.286670487394574,-0.4145065411528163,0.4145065411528163,-0.1988324683005539,0.0821331195315032,0.8857142857142858,0.11428571428571421,1
S012,2022-09-24,7,0,00:00,07:00,1,4,1,-1,-1,-1,-1,-1,-1.0,-1.0,-1.0,-1,-1.0,-1.0,-1.0,1,-1,-1,0,30,5,2,2,3,1,0.8571428571428571,7618.333333333333,79.51190767411619,424.0,79.5,2,480.0,7.0,8.0,-1.0,7.066666666666666,-0.0666666666666664,4.0,4,0.8086538980157038,-1.2366229884674103,1.2366229884674103,-0.1988324683005539,0.4391433828748762,0.8857142857142858,-0.028571428571428692,1
S012,2022-10-01,6,0,01:00,07:00,2,4,1,-1,-1,-1,-1,-1,-1.0,-1.0,-1.0,-1,-1.0,-1.0,-1.0,1,-1,-1,1,0,5,1,3,3,1,0.8571428571428571,7017.666666666667,82.53923346780476,331.0,75.0,2,370.0,6.0,6.166666666666667,-0.1666666666666669,5.516666666666667,0.4833333333333334,5.0,5,0.8583905664965776,-0.19416181068589528,0.19416181068589528,-0.1988324683005539,-0.415943442607428,0.8857142857142858,-0.028571428571428692,1
S013,2022-09-03,9,0,01:00,09:10,1,1,1,-1,-1,-1,-1,-1,-1.0,-1.0,-1.0,-1,-1.0,-1.0,-1.0,1,-1,-1,0,20,2,1,4,1,1,1.0,3980.0,89.86145542454292,425.7142857142857,77.57142857142857,7,510.4285714285714,9.0,8.507142857142856,0.4928571428571437,7.095238095238096,1.904761904761904,1.0,1,1.4347680187122756,0.343509986582702,0.343509986582702,-0.9717861742513548,0.0,0.9740259740259741,0.02597402597402587,1
S013,2022-09-11,9,0,01:50,09:00,1,1,1,-1,-1,-1,-1,-1,-1.0,-1.0,-1.0,-1,-1.0,-1.0,-1.0,1,-1,-1,0,40,2,1,4,1,1,1.0,6897.0,88.76077542800628,424.0,76.28571428571429,7,504.57142857142856,9.0,8.40952380952381,0.5904761904761902,7.066666666666666,1.9333333333333336,2.0,2,1.040659178758492,0.5674059312873492,0.5674059312873492,-0.9717861742513548,0.0,0.9740259740259741,0.02597402597402587,1
S013,2022-09-18,8,0,03:00,09:20,1,1,1,-1,-1,-1,-1,-1,-1.0,-1.0,-1.0,-1,-1.0,-1.0,-1.0,1,-1,-1,0,20,2,1,4,1,1,1.0,10024.285714285714,93.08632527520504,358.5,74.83333333333333,6,423.3333333333333,8.0,7.055555555555555,0.9444444444444446,5.975,2.0250000000000004,3.0,3,1.286670487394574,0.7340219999581126,0.7340219999581126,-0.9717861742513548,0.0,0.9740259740259741,0.02597402597402587,1
S013,2022-09-28,8,0,02:00,09:33,1,1,1,-1,-1,-1,-1,-1,-1.0,-1.0,-1.0,-1,-1.0,-1.0,-1.0,2,1,60,0,40,2,1,4,1,1,0.7142857142857143,8798.6,83.32872716676673,425.5,79.0,2,512.0,8.0,8.533333333333333,-0.5333333333333332,7.091666666666667,0.9083333333333332,4.0,4,0.8086538980157038,-0.659532260515952,0.659532260515952,-0.9717861742513548,0.0,0.9740259740259741,-0.2597402597402598,1
S013,2022-10-03,8,0,03:00,10:00,1,1,1,-1,-1,-1,-1,-1,-1.0,-1.0,-1.0,-1,-1.0,-1.0,-1.0,2,1,60,0,30,2,1,4,1,1,1.0,8465.714285714286,85.08972856008845,386.0,77.5,2,444.5,8.0,7.408333333333333,0.5916666666666668,6.433333333333334,1.5666666666666664,5.0,5,0.8583905664965776,0.6892744279349273,0.6892744279349273,-0.9717861742513548,0.0,0.9740259740259741,0.02597402597402587,1
S013,2022-10-19,8,0,04:00,13:20,1,1,1,-1,-1,-1,-1,-1,-1.0,-1.0,-1.0,-1,-1.0,-1.0,-1.0,2,1,30,0,30,2,1,4,1,1,1.0,7085.428571428572,88.37666946311982,404.2857142857143,78.28571428571429,7,479.57142857142856,8.0,7.992857142857143,0.0071428571428571,6.738095238095238,1.261904761904762,6.0,6,1.4117717464589004,0.005059498577424636,0.005059498577424636,-0.9717861742513548,0.0,0.9740259740259741,0.02597402597402587,1
S013,2022-10-24,8,0,03:21,13:21,1,1,1,-1,-1,-1,-1,-1,-1.0,-1.0,-1.0,-1,-1.0,-1.0,-1.0,1,-1,-1,0,30,2,1,4,1,1,1.0,5551.0,86.89936052890684,437.1666666666667,81.0,6,520.3333333333334,8.0,8.672222222222222,-0.6722222222222225,7.286111111111111,0.7138888888888886,7.0,7+,1.1598032038049981,-0.5796002459872888,0.5796002459872888,-0.9717861742513548,0.0,0.9740259740259741,0.02597402597402587,1
S013,2022-10-28,8,0,03:30,09:30,1,1,1,-1,-1,-1,-1,-1,-1.0,-1.0,-1.0,-1,-1.0,-1.0,-1.0,1,-1,-1,0,30,2,1,4,1,1,1.0,5113.0,86.4033326678521,429.0,74.85714285714286,7,519.1428571428571,8.0,8.652380952380952,-0.6523809523809518,7.15,0.8499999999999996,8.0,7+,1.1598032038049981,-0.5624928007102135,0.5624928007102135,-0.9717861742513548,0.0,0.9740259740259741,0.02597402597402587,1
S013,2022-11-01,8,0,03:00,09:30,1,1,1,-1,-1,-1,-1,-1,-1.0,-1.0,-1.0,-1,-1.0,-1.0,-1.0,1,-1,-1,0,30,2,1,4,1,1,1.0,6630.857142857143,88.45170487066132,353.42857142857144,69.0,7,433.0,8.0,7.216666666666667,0.7833333333333332,5.890476190476191,2.109523809523809,9.0,7+,1.1598032038049981,0.6754019395389064,0.6754019395389064,-0.9717861742513548,0.0,0.9740259740259741,0.02597402597402587,1
S013,2022-11-08,8,0,03:00,09:20,1,1,1,-1,-1,-1,-1,-1,-1.0,-1.0,-1.0,-1,-1.0,-1.0,-1.0,1,-1,-1,0,30,2,1,4,1,1,1.0,5330.428571428572,87.70072875344373,401.57142857142856,79.14285714285714,7,464.2857142857143,8.0,7.738095238095238,0.2619047619047618,6.692857142857142,1.3071428571428578,10.0,7+,1.1598032038049981,0.22581827765738505,0.22581827765738505,-0.9717861742513548,0.0,0.9740259740259741,0.02597402597402587,1
S013,2022-11-12,7,0,03:00,09:00,1,1,1,-1,-1,-1,-1,-1,-1.0,-1.0,-1.0,-1,-1.0,-1.0,-1.0,1,-1,-1,0,30,2,1,4,1,1,1.0,7498.285714285715,88.86704539290224,411.8571428571428,75.0,7,487.8571428571428,7.0,8.13095238095238,-1.1309523809523796,6.864285714285713,0.135714285714287,11.0,7+,1.1598032038049981,-0.9751243807932528,0.9751243807932528,-0.9717861742513548,0.0,0.9740259740259741,0.02597402597402587,1
S016,2022-09-11,8,0,00:30,09:40,2,2,1,-1,-1,-1,-1,-1,-1.0,-1.0,-1.0,-1,-1.0,-1.0,-1.0,1,-1,-1,0,30,3,2,3,2,2,0.5714285714285714,2825.75,88.98068594389088,374.5,76.75,4,444.75,8.0,7.4125,0.5875000000000004,6.241666666666666,1.7583333333333335,2.0,2,1.040659178758492,0.5645460223594903,0.5645460223594903,0.52778871786123,-0.3011851484819027,0.8571428571428571,-0.2857142857142857,2
S016,2022-09-17,8,0,00:30,09:00,2,1,1,-1,-1,-1,-1,-1,-1.0,-1.0,-1.0,-1,-1.0,-1.0,-1.0,1,-1,-1,0,30,3,3,2,3,3,0.8571428571428571,4347.5,93.80458157527733,460.0,78.0,1,540.0,8.0,9.0,-1.0,7.666666666666667,0.333333333333333,3.0,3,1.286670487394574,-0.7771997646615307,0.7771997646615307,0.52778871786123,0.8972045951487796,0.8571428571428571,0.0,2
S016,2022-09-24,8,0,01:00,09:30,2,2,1,-1,-1,-1,-1,-1,-1.0,-1.0,-1.0,-1,-1.0,-1.0,-1.0,1,-1,-1,0,30,3,2,2,2,3,1.0,3433.428571428572,79.54607732696856,429.0,82.4,5,489.4,8.0,8.156666666666666,-0.1566666666666663,7.15,0.8499999999999996,4.0,4,0.8086538980157038,-0.19373760152656047,0.19373760152656047,0.52778871786123,0.3991280330098481,0.8571428571428571,0.1428571428571429,2
S016,2022-10-15,8,0,00:30,09:00,3,1,1,-1,-1,-1,-1,-1,-1.0,-1.0,-1.0,-1,-1.0,-1.0,-1.0,1,-1,-1,0,30,3,2,3,2,2,0.7142857142857143,2088.8,80.7126676579459,483.3333333333333,78.66666666666667,3,573.0,8.0,9.55,-1.5500000000000007,8.055555555555555,-0.0555555555555553,7.0,7+,1.1598032038049981,-1.3364336250450708,1.3364336250450708,0.52778871786123,-0.3011851484819027,0.8571428571428571,-0.1428571428571428,2
S016,2022-11-07,8,0,00:00,08:30,3,1,1,-1,-1,-1,-1,-1,-1.0,-1.0,-1.0,-1,-1.0,-1.0,-1.0,1,-1,-1,0,30,3,2,2,3,2,1.0,3576.714285714286,81.15186352913597,487.25,86.75,4,554.25,8.0,9.2375,-1.2375000000000007,8.120833333333334,-0.1208333333333335,10.0,7+,1.1598032038049981,-1.0669913619311453,1.0669913619311453,0.52778871786123,0.0558251148614701,0.8571428571428571,0.1428571428571429,2
S016,2022-11-12,8,0,01:00,21:00,3,1,1,-1,-1,-1,-1,-1,-1.0,-1.0,-1.0,-1,-1.0,-1.0,-1.0,1,-1,-1,0,30,3,2,3,2,2,1.0,2826.1428571428573,84.35712017064328,467.0,86.33333333333333,3,530.3333333333334,8.0,8.83888888888889,-0.8388888888888903,7.783333333333333,0.2166666666666667,11.0,7+,1.1598032038049981,-0.7233027863147167,0.7233027863147167,0.52778871786123,-0.3011851484819027,0.8571428571428571,0.1428571428571429,2
S019,2022-09-03,8,0,23:30,07:00,1,3,1,-1,-1,-1,-1,-1,-1.0,-1.0,-1.0,-1,-1.0,-1.0,-1.0,1,-1,-1,0,60,15,1,3,2,1,1.0,10147.42857142857,80.45867178438107,422.2857142857143,80.28571428571429,7,472.7142857142857,8.0,7.878571428571429,0.121428571428571,7.038095238095238,0.961904761904762,1.0,1,1.4347680187122756,0.08463289524501309,0.08463289524501309,-0.0382674949007937,-0.5765084160071883,1.0,0.0,2
S019,2022-09-10,8,0,00:00,08:30,1,1,1,-1,-1,-1,-1,-1,-1.0,-1.0,-1.0,-1,-1.0,-1.0,-1.0,1,-1,-1,1,0,20,1,3,2,2,1.0,8708.57142857143,74.83447521586517,452.57142857142856,85.57142857142857,7,499.8571428571428,8.0,8.330952380952379,-0.3309523809523789,7.542857142857143,0.4571428571428573,2.0,2,1.040659178758492,-0.31802187277798827,0.31802187277798827,-0.0382674949007937,-0.2332054978588102,1.0,0.0,2
S019,2022-09-17,8,17,23:30,08:00,1,2,1,-1,-1,-1,-1,-1,-1.0,-1.0,-1.0,-1,-1.0,-1.0,-1.0,1,-1,-1,2,0,20,1,2,3,3,1.0,6232.857142857143,74.91395755008814,482.3333333333333,84.16666666666667,6,545.1666666666666,8.283333333333333,9.08611111111111,-0.8027777777777771,8.038888888888888,0.2444444444444453,3.0,3,1.286670487394574,-0.6239186999643951,0.6239186999643951,-0.0382674949007937,0.4671076836329407,1.0,0.0,2
S019,2022-09-24,10,0,23:00,09:00,1,1,1,-1,-1,-1,-1,-1,-1.0,-1.0,-1.0,-1,-1.0,-1.0,-1.0,1,-1,-1,1,30,20,1,3,2,2,1.0,8178.142857142857,77.58472597116041,464.2857142857143,81.28571428571429,7,509.7142857142857,10.0,8.495238095238095,1.5047619047619047,7.738095238095238,2.261904761904762,4.0,4,0.8086538980157038,1.8608231635985792,1.8608231635985792,-0.0382674949007937,-0.2332054978588102,1.0,0.0,2
S019,2022-10-01,7,30,08:00,00:00,1,1,1,-1,-1,-1,-1,-1,-1.0,-1.0,-1.0,-1,-1.0,-1.0,-1.0,1,-1,-1,2,0,20,1,3,2,2,1.0,8951.42857142857,81.39328910943571,460.8571428571428,82.71428571428571,7,510.57142857142856,7.5,8.50952380952381,-1.0095238095238095,7.680952380952379,-0.1809523809523794,5.0,5,0.8583905664965776,-1.1760658247259925,1.1760658247259925,-0.0382674949007937,-0.2332054978588102,1.0,0.0,2
S019,2022-10-09,6,30,08:00,01:00,1,1,1,-1,-1,-1,-1,-1,-1.0,-1.0,-1.0,-1,-1.0,-1.0,-1.0,1,-1,-1,2,0,20,2,2,2,2,1.0,8606.142857142857,74.67268626534106,303.57142857142856,77.14285714285714,7,338.7142857142857,6.5,5.645238095238096,0.8547619047619044,5.059523809523809,1.440476190476191,6.0,6,1.4117717464589004,0.6054533297651514,0.6054533297651514,-0.0382674949007937,0.6218813276234939,1.0,0.0,2
S019,2022-10-15,4,30,02:00,07:30,1,1,1,-1,-1,-1,-1,-1,-1.0,-1.0,-1.0,-1,-1.0,-1.0,-1.0,1,-1,-1,1,30,20,2,2,3,2,1.0,7366.0,74.57899146787993,275.8333333333333,68.16666666666667,6,317.8333333333333,4.5,5.297222222222222,-0.7972222222222216,4.597222222222222,-0.0972222222222223,7.0,7+,1.1598032038049981,-0.6873771512328581,0.6873771512328581,-0.0382674949007937,0.6218813276234939,1.0,0.0,2
S019,2022-10-22,6,40,08:00,00:00,1,1,1,-1,-1,-1,-1,-1,-1.0,-1.0,-1.0,-1,-1.0,-1.0,-1.0,1,-1,-1,1,30,12,2,3,2,2,1.0,6838.285714285715,78.16878625594863,345.1666666666667,77.0,6,385.6666666666667,6.666666666666667,6.427777777777778,0.2388888888888889,5.752777777777778,0.9138888888888888,8.0,7+,1.1598032038049981,0.20597364113597857,0.20597364113597857,-0.0382674949007937,0.2648710642801211,1.0,0.0,2
S019,2022-10-30,8,0,09:00,23:30,1,1,1,-1,-1,-1,-1,-1,-1.0,-1.0,-1.0,-1,-1.0,-1.0,-1.0,1,-1,-1,1,0,10,1,3,2,2,1.0,7657.0,73.48437621590948,449.0,83.0,7,503.4285714285714,8.0,8.390476190476189,-0.3904761904761891,7.483333333333333,0.5166666666666666,9.0,7+,1.1598032038049981,-0.3366745230528275,0.3366745230528275,-0.0382674949007937,-0.2332054978588102,1.0,0.0,2
S019,2022-11-05,9,0,09:30,23:30,1,2,1,-1,-1,-1,-1,-1,-1.0,-1.0,-1.0,-1,-1.0,-1.0,-1.0,2,3,60,1,0,20,1,3,2,2,1.0,6235.285714285715,73.75328911862643,478.7142857142857,83.28571428571429,7,543.4285714285714,9.0,9.057142857142855,-0.0571428571428569,7.978571428571429,1.0214285714285714,10.0,7+,1.1598032038049981,-0.049269442397974726,0.049269442397974726,-0.0382674949007937,-0.2332054978588102,1.0,0.0,2
S030,2022-10-01,7,30,00:30,22:00,2,1,1,-1,-1,-1,-1,-1,-1.0,-1.0,-1.0,-1,-1.0,-1.0,-1.0,1,-1,-1,0,30,7,2,2,2,2,0.8571428571428571,8654.333333333334,82.91583879366384,411.5,80.0,4,469.25,7.5,7.820833333333334,-0.3208333333333337,6.858333333333333,0.6416666666666666,1.0,1,1.4347680187122756,-0.22361338498559935,0.22361338498559935,-0.0695008988650325,0.6531147315877327,0.9714285714285715,-0.11428571428571443,2
S030,2022-10-11,7,0,02:02,22:40,2,1,1,-1,-1,-1,-1,-1,-1.0,-1.0,-1.0,-1,-1.0,-1.0,-1.0,1,-1,-1,0,30,10,1,3,2,2,1.0,5098.285714285715,77.02996118836609,417.1666666666667,83.0,6,467.8333333333333,7.0,7.797222222222222,-0.7972222222222216,6.952777777777778,0.0472222222222216,2.0,2,1.040659178758492,-0.7660742714759975,0.7660742714759975,-0.0695008988650325,-0.2019720938945715,0.9714285714285715,0.02857142857142847,2
S030,2022-10-24,7,0,13:30,10:21,2,1,1,-1,-1,-1,-1,-1,-1.0,-1.0,-1.0,-1,-1.0,-1.0,-1.0,1,-1,-1,1,30,5,2,4,2,2,1.0,7779.428571428572,86.76303468835017,342.75,76.75,4,378.5,7.0,6.308333333333334,0.6916666666666664,5.7125,1.2874999999999996,3.0,3,1.286670487394574,0.5375631705575586,0.5375631705575586,-0.0695008988650325,-0.060905795099013,0.9714285714285715,0.02857142857142847,2
S030,2022-11-05,8,0,01:40,22:45,1,1,1,-1,-1,-1,-1,-1,-1.0,-1.0,-1.0,-1,-1.0,-1.0,-1.0,1,-1,-1,0,30,10,1,2,1,2,1.0,3602.5714285714284,80.43051479790583,442.8333333333333,81.33333333333333,6,506.0,8.0,8.433333333333334,-0.4333333333333335,7.3805555555555555,0.6194444444444445,4.0,4,0.8086538980157038,-0.5358699616692113,0.5358699616692113,-0.0695008988650325,0.1550381694488014,0.9714285714285715,0.02857142857142847,2
S030,2022-11-12,9,0,01:20,10:40,1,1,1,-1,-1,-1,-1,-1,-1.0,-1.0,-1.0,-1,-1.0,-1.0,-1.0,1,-1,-1,0,40,10,1,3,2,1,1.0,6543.142857142857,86.90576551138012,430.5,83.0,4,485.0,9.0,8.083333333333334,0.916666666666666,7.175,1.825,5.0,5,0.8583905664965776,1.0678899587724218,1.0678899587724218,-0.0695008988650325,-0.5452750120429495,0.9714285714285715,0.02857142857142847,2
S040,2022-09-10,9,0,01:00,09:00,2,2,1,-1,-1,-1,-1,-1,-1.0,-1.0,-1.0,-1,-1.0,-1.0,-1.0,1,-1,-1,0,30,4,3,1,4,3,1.0,7482.428571428572,93.3590156949541,420.0,76.66666666666667,3,504.6666666666667,9.0,8.411111111111111,0.5888888888888886,7.0,2.0,1.0,1,1.4347680187122756,0.4104418841294111,0.4104418841294111,1.0787912767395484,0.7032122996138339,1.0,0.0,1
S040,2022-09-17,7,0,02:00,09:30,2,2,2,자전거,3,1,-1,0,,,,0,,,,1,-1,-1,1,30,4,3,1,4,4,1.0,8690.57142857143,93.80446180453472,415.0,74.5,4,481.5,7.0,8.025,-1.0250000000000004,6.916666666666667,0.083333333333333,2.0,2,1.040659178758492,-0.9849526347548551,0.9849526347548551,1.0787912767395484,1.046515217762212,1.0,0.0,1
S040,2022-09-24,8,0,02:00,21:30,2,2,2,자전거,4,1,-1,0,,,,0,,,,2,2,40,1,30,4,2,2,4,4,1.0,7081.428571428572,95.9454819271008,292.0,65.5,2,340.0,8.0,5.666666666666667,2.333333333333333,4.866666666666666,3.1333333333333337,3.0,3,1.286670487394574,1.8134661175435716,1.8134661175435716,1.0787912767395484,0.1914283922799078,1.0,0.0,1
S040,2022-10-02,8,0,02:00,09:00,2,3,2,경보,3,1,-1,0,,,,0,,,,2,2,30,0,30,4,2,2,3,4,1.0,11804.285714285714,91.37428058243472,412.0,76.0,2,492.5,8.0,8.208333333333334,-0.2083333333333339,6.866666666666666,1.1333333333333335,4.0,4,0.8086538980157038,-0.2576297892640445,0.2576297892640445,1.0787912767395484,0.1914283922799078,1.0,0.0,1
S040,2022-10-08,8,0,02:00,08:40,2,2,1,-1,-1,-1,-1,-1,-1.0,-1.0,-1.0,-1,-1.0,-1.0,-1.0,1,-1,-1,1,0,4,2,2,3,2,1.0,9095.42857142857,85.098459768092,391.0,78.0,3,448.6666666666667,8.0,7.477777777777778,0.5222222222222221,6.516666666666667,1.4833333333333334,5.0,5,0.8583905664965776,0.6083736734824708,0.6083736734824708,1.0787912767395484,-0.4951774440168482,1.0,0.0,1
S040,2022-10-15,8,0,03:00,08:43,2,2,1,-1,-1,-1,-1,-1,-1.0,-1.0,-1.0,-1,-1.0,-1.0,-1.0,1,-1,-1,1,0,4,2,2,3,2,1.0,9671.57142857143,80.43929984563454,331.6,75.0,5,392.2,8.0,6.536666666666666,1.4633333333333338,5.526666666666667,2.4733333333333327,6.0,6,1.4117717464589004,1.0365226085617336,1.0365226085617336,1.0787912767395484,-0.4951774440168482,1.0,0.0,1
S040,2022-10-22,5,0,15:00,10:00,2,2,1,-1,-1,-1,-1,-1,-1.0,-1.0,-1.0,-1,-1.0,-1.0,-1.0,1,-1,-1,1,0,4,2,3,3,3,1.0,8970.142857142857,85.42767721537307,394.75,76.75,4,460.25,5.0,7.670833333333333,-2.6708333333333334,6.579166666666667,-1.5791666666666666,7.0,7+,1.1598032038049981,-2.3028332087470162,2.3028332087470162,1.0787912767395484,-0.5088847892118431,1.0,0.0,1
S040,2022-10-30,8,0,02:10,09:25,2,2,2,기타,2,2,-1,0,,,,0,,,,1,-1,-1,1,0,4,2,2,2,2,1.0,9709.0,92.46982805841546,387.5,76.5,4,449.0,8.0,7.483333333333333,0.5166666666666666,6.458333333333333,1.541666666666667,8.0,7+,1.1598032038049981,0.44547787501502334,0.44547787501502334,1.0787912767395484,-0.4951774440168482,1.0,0.0,1
S040,2022-11-12,6,0,02:00,08:30,2,2,2,기타,1,2,-1,0,,,,0,,,,1,-1,-1,1,0,4,2,1,4,2,1.0,10744.857142857143,94.90726931289797,386.0,73.66666666666667,3,445.0,6.0,7.416666666666667,-1.416666666666667,6.433333333333334,-0.4333333333333335,9.0,7+,1.1598032038049981,-1.221471592783129,1.221471592783129,1.0787912767395484,-0.1381671806734753,1.0,0.0,1
S041,2022-09-10,6,0,01:00,08:25,1,1,1,-1,-1,-1,-1,-1,-1.0,-1.0,-1.0,-1,-1.0,-1.0,-1.0,1,-1,-1,2,0,2,1,4,2,2,0.7142857142857143,9207.8,85.84459593961103,366.0,79.66666666666667,3,411.0,6.0,6.85,-0.8499999999999996,6.1,-0.0999999999999996,1.0,1,1.4347680187122756,-0.5924302667150935,0.5924302667150935,-0.0743420264216604,-0.5541412296813165,0.979591836734694,-0.26530612244897966,2
S041,2022-09-21,6,0,02:13,08:13,1,1,1,-1,-1,-1,-1,-1,-1.0,-1.0,-1.0,-1,-1.0,-1.0,-1.0,1,-1,-1,3,0,6,1,3,3,1,1.0,10392.0,85.66723626157224,301.75,73.75,4,341.25,6.0,5.6875,0.3125,5.029166666666667,0.9708333333333332,2.0,2,1.040659178758492,0.30029043742526057,0.30029043742526057,-0.0743420264216604,-0.5404338844863216,0.979591836734694,0.020408163265306034,2
S041,2022-09-24,6,0,02:06,08:06,2,1,1,-1,-1,-1,-1,-1,-1.0,-1.0,-1.0,-1,-1.0,-1.0,-1.0,2,1,20,1,0,4,2,4,4,2,1.0,10715.57142857143,85.7683442175748,319.7142857142857,75.0,7,361.1428571428572,6.0,6.019047619047621,-0.0190476190476207,5.328571428571428,0.6714285714285717,3.0,3,1.286670487394574,-0.014803805041173299,0.014803805041173299,-0.0743420264216604,-0.0560646675423851,0.979591836734694,0.020408163265306034,2
S041,2022-10-01,5,49,02:00,08:00,2,1,1,-1,-1,-1,-1,-1,-1.0,-1.0,-1.0,-1,-1.0,-1.0,-1.0,2,1,60,0,30,4,1,3,4,1,1.0,12892.857142857143,84.58851195760168,379.3333333333333,81.16666666666667,6,422.3333333333333,5.816666666666666,7.038888888888889,-1.2222222222222223,6.322222222222222,-0.5055555555555555,4.0,4,0.8086538980157038,-1.511428097015724,1.511428097015724,-0.0743420264216604,-0.5404338844863216,0.979591836734694,0.020408163265306034,2
S041,2022-10-08,5,2,02:24,09:03,2,1,1,-1,-1,-1,-1,-1,-1.0,-1.0,-1.0,-1,-1.0,-1.0,-1.0,1,-1,-1,2,0,4,1,4,2,2,1.0,5458.285714285715,77.18476217528432,301.5,81.0,2,334.5,5.033333333333333,5.575,-0.541666666666667,5.025,0.0083333333333328,5.0,5,0.8583905664965776,-0.6310258847291591,0.6310258847291591,-0.0743420264216604,-0.5541412296813165,0.979591836734694,0.020408163265306034,2
S041,2022-10-15,5,10,02:16,08:16,2,1,1,-1,-1,-1,-1,-1,-1.0,-1.0,-1.0,-1,-1.0,-1.0,-1.0,1,-1,-1,1,0,4,1,3,3,1,1.0,7999.571428571428,82.32557764740808,299.5,75.5,2,329.5,5.166666666666667,5.491666666666666,-0.3249999999999993,4.991666666666666,0.1750000000000007,6.0,6,1.4117717464589004,-0.2302071852728218,0.2302071852728218,-0.0743420264216604,-0.5404338844863216,0.979591836734694,0.020408163265306034,2
S041,2022-10-22,6,40,02:00,08:00,1,1,1,-1,-1,-1,-1,-1,-1.0,-1.0,-1.0,-1,-1.0,-1.0,-1.0,1,-1,-1,4,0,4,1,4,3,1,1.0,9739.714285714286,85.85615949370958,303.6,75.8,5,336.6,6.666666666666667,5.61,1.0566666666666666,5.0600000000000005,1.6066666666666665,7.0,7+,1.1598032038049981,0.9110741056758865,0.9110741056758865,-0.0743420264216604,-0.8974441478296945,0.979591836734694,0.020408163265306034,2
S041,2022-10-29,6,53,02:00,09:00,1,1,2,기타,3,2,-1,0,,,,0,,,,1,-1,-1,2,0,4,1,4,3,1,1.0,9992.0,85.88873738127133,381.2857142857143,79.0,7,432.7142857142857,6.883333333333333,7.211904761904762,-0.3285714285714292,6.354761904761904,0.5285714285714285,8.0,7+,1.1598032038049981,-0.28329929378835644,0.28329929378835644,-0.0743420264216604,-0.8974441478296945,0.979591836734694,0.020408163265306034,2
S041,2022-11-06,4,0,04:00,08:34,1,1,1,-1,-1,-1,-1,-1,-1.0,-1.0,-1.0,-1,-1.0,-1.0,-1.0,1,-1,-1,2,0,4,3,2,2,1,1.0,6818.857142857143,83.08586311841472,397.0,77.0,1,458.0,4.0,7.633333333333334,-3.6333333333333337,6.616666666666666,-2.6166666666666663,9.0,7+,1.1598032038049981,-3.132715379137907,3.132715379137907,-0.0743420264216604,0.812729503134914,0.979591836734694,0.020408163265306034,2
S041,2022-11-13,5,45,02:05,08:05,1,1,2,기타,3,2,-1,0,,,,0,,,,1,-1,-1,0,30,4,1,3,3,1,1.0,11836.142857142857,87.66885638033172,414.0,80.75,4,457.5,5.75,7.625,-1.875,6.9,-1.1500000000000004,10.0,7+,1.1598032038049981,-1.6166535786835527,1.6166535786835527,-0.0743420264216604,-0.5404338844863216,0.979591836734694,0.020408163265306034,2
S041,2022-11-19,6,5,03:12,10:07,1,1,1,-1,-1,-1,-1,-1,-1.0,-1.0,-1.0,-1,-1.0,-1.0,-1.0,1,-1,-1,3,0,12,3,2,3,1,1.0,9276.857142857143,82.96514331380857,377.6,79.8,5,424.4,6.083333333333333,7.073333333333333,-0.9900000000000002,6.293333333333334,-0.2100000000000008,11.0,7+,1.1598032038049981,-0.853593089544916,0.853593089544916,-0.0743420264216604,0.812729503134914,0.979591836734694,0.020408163265306034,2
S041,2022-11-27,5,18,03:04,08:49,1,1,1,-1,-1,-1,-1,-1,-1.0,-1.0,-1.0,-1,-1.0,-1.0,-1.0,1,-1,-1,4,50,12,3,1,3,1,1.0,8379.714285714286,85.62792253012212,323.0,78.33333333333333,6,360.1666666666667,5.3,6.002777777777778,-0.7027777777777784,5.383333333333334,-0.0833333333333339,12.0,7+,1.1598032038049981,-0.6059457117139839,0.6059457117139839,-0.0743420264216604,1.169739766478287,0.979591836734694,0.020408163265306034,2
S041,2022-12-03,5,50,03:44,09:38,2,1,1,-1,-1,-1,-1,-1,-1.0,-1.0,-1.0,-1,-1.0,-1.0,-1.0,1,-1,-1,4,0,12,3,2,3,1,1.0,9056.285714285714,89.49449875014167,378.5,81.16666666666667,6,418.1666666666667,5.833333333333333,6.969444444444445,-1.136111111111112,6.308333333333334,-0.4750000000000005,13.0,7+,1.1598032038049981,-0.9795723165652941,0.9795723165652941,-0.0743420264216604,0.812729503134914,0.979591836734694,0.020408163265306034,2
S041,2022-12-10,5,55,03:37,09:13,1,1,1,-1,-1,-1,-1,-1,-1.0,-1.0,-1.0,-1,-1.0,-1.0,-1.0,1,-1,-1,5,0,13,3,1,3,2,1.0,6668.571428571428,88.02165097518821,360.8,81.0,5,403.0,5.916666666666667,6.716666666666667,-0.7999999999999998,6.013333333333334,-0.0966666666666666,14.0,7+,1.1598032038049981,-0.689772193571649,0.689772193571649,-0.0743420264216604,1.5130426846266647,0.979591836734694,0.020408163265306034,2
S042,2022-09-17,8,0,03:00,09:00,1,2,1,-1,-1,-1,-1,-1,-1.0,-1.0,-1.0,-1,-1.0,-1.0,-1.0,1,-1,-1,1,0,50,1,4,2,1,1.0,5347.285714285715,91.8448604300113,338.0,69.5,2,407.0,8.0,6.783333333333333,1.2166666666666668,5.633333333333334,2.3666666666666663,2.0,2,1.040659178758492,1.1691307697090145,1.1691307697090145,-0.2625956618442376,-0.7091905124071173,0.9183673469387755,0.08163265306122447,2
S042,2022-09-24,5,0,02:00,08:00,1,1,1,-1,-1,-1,-1,-1,-1.0,-1.0,-1.0,-1,-1.0,-1.0,-1.0,1,-1,-1,1,0,50,1,4,4,4,1.0,9398.42857142857,92.91570429272323,369.0,71.75,4,429.75,5.0,7.1625,-2.1625,6.15,-1.1500000000000004,3.0,3,1.286670487394574,-1.6806944910805603,1.6806944910805603,-0.2625956618442376,0.3207182420380167,0.9183673469387755,0.08163265306122447,2
S042,2022-10-01,8,0,02:00,08:30,1,2,1,-1,-1,-1,-1,-1,-1.0,-1.0,-1.0,-1,-1.0,-1.0,-1.0,2,2,60,0,30,50,1,3,4,2,1.0,10461.42857142857,91.49879721771973,351.8,67.6,5,418.8,8.0,6.98,1.0199999999999996,5.863333333333333,2.1366666666666667,4.0,4,0.8086538980157038,1.261355448236758,1.261355448236758,-0.2625956618442376,-0.0088773309153663,0.9183673469387755,0.08163265306122447,2
S042,2022-10-08,6,0,03:00,09:00,1,2,1,-1,-1,-1,-1,-1,-1.0,-1.0,-1.0,-1,-1.0,-1.0,-1.0,1,-1,-1,0,45,50,1,4,4,1,1.0,5040.571428571428,80.2077507440102,307.3333333333333,69.0,3,357.0,6.0,5.95,0.0499999999999998,5.122222222222222,0.8777777777777782,5.0,5,0.8583905664965776,0.05824854320576827,0.05824854320576827,-0.2625956618442376,-0.7091905124071173,0.9183673469387755,0.08163265306122447,2
S042,2022-10-15,5,0,06:00,10:00,1,1,1,-1,-1,-1,-1,-1,-1.0,-1.0,-1.0,-1,-1.0,-1.0,-1.0,1,-1,-1,1,0,50,2,2,3,2,1.0,8411.42857142857,84.75482833146961,338.8333333333333,67.83333333333333,6,405.1666666666667,5.0,6.752777777777778,-1.7527777777777782,5.647222222222222,-0.6472222222222221,6.0,6,1.4117717464589004,-1.241544734249153,1.241544734249153,-0.2625956618442376,0.8462094945669378,0.9183673469387755,0.08163265306122447,2
S042,2022-10-22,6,0,06:00,10:00,1,1,1,-1,-1,-1,-1,-1,-1.0,-1.0,-1.0,-1,-1.0,-1.0,-1.0,2,3,30,1,30,50,2,2,4,2,1.0,10184.42857142857,89.37693602323195,347.6666666666667,66.66666666666667,6,411.8333333333333,6.0,6.863888888888889,-0.8638888888888889,5.794444444444445,0.2055555555555548,7.0,7+,1.1598032038049981,-0.7448581673638295,0.7448581673638295,-0.2625956618442376,0.8462094945669378,0.9183673469387755,0.08163265306122447,2
S042,2022-10-29,8,0,03:00,09:00,1,2,2,헬스,3,0,-1,0,,,,0,,,,1,-1,-1,1,0,50,1,3,3,2,0.4285714285714285,8936.333333333334,90.21968110926028,450.3333333333333,77.66666666666667,3,527.3333333333334,8.0,8.78888888888889,-0.7888888888888896,7.5055555555555555,0.4944444444444444,8.0,7+,1.1598032038049981,-0.680192024216488,0.680192024216488,-0.2625956618442376,-0.0088773309153663,0.9183673469387755,-0.48979591836734704,2
S069,2022-10-08,4,50,03:00,09:00,2,1,2,달리기,1,0,-1,0,,,,0,,,,1,-1,-1,0,30,15,1,3,2,2,0.5714285714285714,6668.0,74.35613570136154,347.0,80.5,2,387.5,4.833333333333333,6.458333333333333,-1.625,5.783333333333333,-0.9500000000000002,1.0,1,1.4347680187122756,-1.132587274602385,1.132587274602385,-0.4196134020345333,0.1481404092749292,0.9285714285714285,-0.3571428571428571,1
S069,2022-10-18,5,47,15:00,21:30,2,1,2,달리기,1,0,-1,0,,,,0,,,,1,-1,-1,0,30,14,2,2,2,2,1.0,5229.714285714285,74.03407353905423,325.42857142857144,73.57142857142857,7,378.4285714285714,5.783333333333333,6.307142857142856,-0.5238095238095228,5.423809523809524,0.3595238095238091,2.0,2,1.040659178758492,-0.503343971303293,0.503343971303293,-0.4196134020345333,1.0032272347572335,0.9285714285714285,0.07142857142857151,1
S069,2022-10-23,5,42,02:00,09:00,1,2,1,-1,-1,-1,-1,-1,-1.0,-1.0,-1.0,-1,-1.0,-1.0,-1.0,1,-1,-1,0,30,14,1,4,1,1,1.0,5106.571428571428,72.07091609362854,328.2857142857143,75.14285714285714,7,379.4285714285714,5.7,6.323809523809524,-0.6238095238095234,5.471428571428572,0.2285714285714286,3.0,3,1.286670487394574,-0.48482461509838315,0.48482461509838315,-0.4196134020345333,-0.5521727722168217,0.9285714285714285,0.07142857142857151,1
S069,2022-10-31,5,50,02:00,08:30,2,1,1,-1,-1,-1,-1,-1,-1.0,-1.0,-1.0,-1,-1.0,-1.0,-1.0,1,-1,-1,0,30,14,1,4,2,1,1.0,7261.428571428572,76.15264625314228,347.57142857142856,76.85714285714286,7,394.2857142857143,5.833333333333333,6.571428571428571,-0.7380952380952381,5.792857142857143,0.0404761904761903,4.0,4,0.8086538980157038,-0.9127455391068982,0.9127455391068982,-0.4196134020345333,-0.5521727722168217,0.9285714285714285,0.07142857142857151,1
S069,2022-11-06,6,21,02:30,10:00,1,1,1,-1,-1,-1,-1,-1,-1.0,-1.0,-1.0,-1,-1.0,-1.0,-1.0,1,-1,-1,0,40,21,1,3,1,1,1.0,7363.428571428572,74.69473614329887,368.4285714285714,79.0,7,416.8571428571428,6.35,6.947619047619046,-0.5976190476190464,6.14047619047619,0.2095238095238096,5.0,5,0.8583905664965776,-0.6962087783165649,0.6962087783165649,-0.4196134020345333,-0.1951625088734487,0.9285714285714285,0.07142857142857151,1
S069,2022-11-15,6,31,02:30,08:03,1,1,1,-1,-1,-1,-1,-1,-1.0,-1.0,-1.0,-1,-1.0,-1.0,-1.0,1,-1,-1,0,30,15,1,3,1,2,1.0,5488.428571428572,75.08019238809524,350.57142857142856,77.57142857142857,7,398.8571428571428,6.516666666666667,6.647619047619046,-0.1309523809523796,5.842857142857143,0.6738095238095241,6.0,6,1.4117717464589004,-0.09275747391945126,0.09275747391945126,-0.4196134020345333,0.1481404092749292,0.9285714285714285,0.07142857142857151,1
S071,2022-10-09,8,0,01:36,08:30,1,1,1,-1,-1,-1,-1,-1,-1.0,-1.0,-1.0,-1,-1.0,-1.0,-1.0,1,-1,-1,0,30,6,1,3,3,3,1.0,5104.857142857143,81.4182670555665,377.0,78.25,4,444.25,8.0,7.404166666666667,0.5958333333333332,6.283333333333333,1.7166666666666668,1.0,1,1.4347680187122756,0.4152820006875411,0.4152820006875411,0.0763990404537722,-0.0045691150649983,1.0,0.0,1
S071,2022-10-16,8,0,02:00,08:30,1,1,1,-1,-1,-1,-1,-1,-1.0,-1.0,-1.0,-1,-1.0,-1.0,-1.0,1,-1,-1,0,30,6,1,2,3,3,1.0,4054.571428571429,81.69947411236421,372.1428571428572,75.85714285714286,7,435.2857142857143,8.0,7.254761904761905,0.7452380952380953,6.202380952380953,1.7976190476190466,2.0,2,1.040659178758492,0.71612119553605,0.71612119553605,0.0763990404537722,0.3524411482783746,1.0,0.0,1
S071,2022-10-22,8,0,14:40,20:00,1,1,1,-1,-1,-1,-1,-1,-1.0,-1.0,-1.0,-1,-1.0,-1.0,-1.0,1,-1,-1,0,30,6,1,3,2,2,1.0,4021.714285714286,83.86728241794572,334.3333333333333,74.16666666666667,6,392.0,8.0,6.533333333333333,1.4666666666666668,5.572222222222222,2.427777777777778,3.0,3,1.286670487394574,1.139892988170245,1.139892988170245,0.0763990404537722,-0.3478720332133763,1.0,0.0,1
S119,2022-07-16,8,0,03:00,11:00,2,1,1,-1,-1,-1,-1,-1,-1.0,-1.0,-1.0,-1,-1.0,-1.0,-1.0,1,-1,-1,3,0,1,1,3,2,1,0.7142857142857143,6319.4,73.8597767648225,290.3333333333333,72.66666666666667,3,352.6666666666667,8.0,5.877777777777778,2.122222222222222,4.838888888888889,3.1611111111111114,1.0,1,1.4347680187122756,1.4791396201644822,1.4791396201644822,-0.2701022582401045,-0.3446736526678775,0.9142857142857143,-0.19999999999999996,2
S119,2022-07-23,7,0,03:20,11:00,2,1,1,-1,-1,-1,-1,-1,-1.0,-1.0,-1.0,-1,-1.0,-1.0,-1.0,1,-1,-1,3,0,1,1,2,4,2,1.0,3595.8571428571427,76.89825427965036,421.6666666666667,79.16666666666667,6,485.8333333333333,7.0,8.097222222222221,-1.0972222222222214,7.027777777777778,-0.0277777777777776,2.0,2,1.040659178758492,-1.0543530914042474,1.0543530914042474,-0.2701022582401045,0.3556395288238734,0.9142857142857143,0.08571428571428574,2
S119,2022-07-30,7,30,03:00,10:00,1,1,1,-1,-1,-1,-1,-1,-1.0,-1.0,-1.0,-1,-1.0,-1.0,-1.0,1,-1,-1,3,0,1,1,3,2,2,1.0,3556.714285714286,78.25930945068579,409.7142857142857,76.85714285714286,7,463.2857142857143,7.5,7.7214285714285715,-0.2214285714285715,6.828571428571428,0.6714285714285717,3.0,3,1.286670487394574,-0.17209423360362472,0.17209423360362472,-0.2701022582401045,-0.0013707345194994,0.9142857142857143,0.08571428571428574,2
S119,2022-08-06,8,0,04:20,13:00,2,1,1,-1,-1,-1,-1,-1,-1.0,-1.0,-1.0,-1,-1.0,-1.0,-1.0,1,-1,-1,3,0,1,1,3,2,2,1.0,1323.857142857143,70.4556587169064,448.5,84.66666666666667,6,503.5,8.0,8.391666666666667,-0.3916666666666675,7.475,0.5250000000000004,4.0,4,0.8086538980157038,-0.4843440038164034,0.4843440038164034,-0.2701022582401045,-0.0013707345194994,0.9142857142857143,0.08571428571428574,2
S119,2022-08-14,7,20,05:00,13:00,3,1,1,-1,-1,-1,-1,-1,-1.0,-1.0,-1.0,-1,-1.0,-1.0,-1.0,1,-1,-1,2,0,1,1,3,3,2,1.0,2566.0,69.3094600073911,435.8333333333333,80.66666666666667,6,484.0,7.333333333333333,8.066666666666666,-0.7333333333333334,7.263888888888888,0.0694444444444446,5.0,5,0.8583905664965776,-0.8543119670179381,0.8543119670179381,-0.2701022582401045,-0.0013707345194994,0.9142857142857143,0.08571428571428574,2
S119,2022-08-20,6,0,07:45,13:45,3,1,1,-1,-1,-1,-1,-1,-1.0,-1.0,-1.0,-1,-1.0,-1.0,-1.0,1,-1,-1,3,0,1,1,3,3,2,1.0,1589.571428571429,68.59941455520918,401.0,81.5,6,447.5,6.0,7.458333333333333,-1.458333333333333,6.683333333333334,-0.6833333333333336,6.0,6,1.4117717464589004,-1.0329809595575359,1.0329809595575359,-0.2701022582401045,-0.0013707345194994,0.9142857142857143,0.08571428571428574,2
S119,2022-08-27,8,0,02:00,10:00,1,1,1,-1,-1,-1,-1,-1,-1.0,-1.0,-1.0,-1,-1.0,-1.0,-1.0,1,-1,-1,4,0,3,1,3,2,2,1.0,9798.857142857143,78.89215374267869,429.4,75.0,5,499.6,8.0,8.326666666666666,-0.3266666666666662,7.156666666666666,0.8433333333333337,7.0,7+,1.1598032038049981,-0.28165697904175635,0.28165697904175635,-0.2701022582401045,-0.0013707345194994,0.9142857142857143,0.08571428571428574,2
S119,2022-09-03,8,0,01:20,08:40,1,1,1,-1,-1,-1,-1,-1,-1.0,-1.0,-1.0,-1,-1.0,-1.0,-1.0,1,-1,-1,3,0,2,1,3,2,2,1.0,4252.857142857143,78.5977313256781,399.2857142857143,72.42857142857143,7,457.8571428571428,8.0,7.63095238095238,0.3690476190476204,6.654761904761904,1.3452380952380958,8.0,7+,1.1598032038049981,0.3181984821535893,0.3181984821535893,-0.2701022582401045,-0.0013707345194994,0.9142857142857143,0.08571428571428574,2
S119,2022-09-10,8,0,01:00,09:00,1,1,1,-1,-1,-1,-1,-1,-1.0,-1.0,-1.0,-1,-1.0,-1.0,-1.0,1,-1,-1,3,0,3,1,3,2,2,1.0,3354.285714285714,76.65887031350589,489.0,84.0,6,552.1666666666666,8.0,9.202777777777778,-1.2027777777777775,8.15,-0.1500000000000003,9.0,7+,1.1598032038049981,-1.0370533326962639,1.0370533326962639,-0.2701022582401045,-0.0013707345194994,0.9142857142857143,0.08571428571428574,2
S119,2022-09-18,8,0,01:30,09:00,1,1,1,-1,-1,-1,-1,-1,-1.0,-1.0,-1.0,-1,-1.0,-1.0,-1.0,1,-1,-1,3,0,3,1,3,2,2,0.4285714285714285,1099.6666666666667,69.27046981454092,526.6666666666666,85.0,3,581.6666666666666,8.0,9.694444444444445,-1.6944444444444446,8.777777777777777,-0.7777777777777768,10.0,7+,1.1598032038049981,-1.4609758266621737,1.4609758266621737,-0.2701022582401045,-0.0013707345194994,0.9142857142857143,-0.48571428571428577,2
S504,2022-09-17,9,00,13:38,21:00,1,1,1,-1,-1,-1,-1,-1,-1.0,-1.0,-1.0,-1,-1.0,-1.0,-1.0,1,-1,-1,3,0,3,1,4,4,1,1.0,4752.142857142857,73.74007002782727,355.2,72.6,5,414.0,9.0,6.9,2.1,5.92,3.08,1.0,1,1.4347680187122756,1.4636512471784668,1.4636512471784668,-0.8954966368850488,-0.0762895373663061,1.0,0.0,1
S504,2022-09-25,10,00,03:02,10:02,1,1,1,-1,-1,-1,-1,-1,-1.0,-1.0,-1.0,-1,-1.0,-1.0,-1.0,1,-1,-1,1,0,3,1,4,2,1,1.0,6364.428571428572,75.5846903567397,416.0,73.57142857142857,7,492.8571428571428,10.0,8.214285714285714,1.7857142857142865,6.933333333333334,3.0666666666666664,2.0,2,1.040659178758492,1.7159453567157754,1.7159453567157754,-0.8954966368850488,-0.0762895373663061,1.0,0.0,1
S504,2022-10-02,10,00,10:22,10:22,1,1,1,-1,-1,-1,-1,-1,-1.0,-1.0,-1.0,-1,-1.0,-1.0,-1.0,1,-1,-1,2,0,3,1,4,3,1,1.0,6079.857142857143,75.71257308718944,387.6666666666667,73.33333333333333,6,447.5,10.0,7.458333333333333,2.541666666666667,6.461111111111111,3.5388888888888888,3.0,3,1.286670487394574,1.9753827351813908,1.9753827351813908,-0.8954966368850488,-0.0762895373663061,1.0,0.0,1
S504,2022-10-08,9,00,23:39,21:39,1,1,1,-1,-1,-1,-1,-1,-1.0,-1.0,-1.0,-1,-1.0,-1.0,-1.0,1,-1,-1,1,0,3,1,4,1,2,1.0,4035.571428571429,76.68213257319994,426.3333333333333,71.16666666666667,6,508.8333333333333,9.0,8.480555555555556,0.5194444444444439,7.105555555555555,1.8944444444444448,4.0,4,0.8086538980157038,0.642356941231682,0.642356941231682,-0.8954966368850488,0.2670133807820718,1.0,0.0,1
S504,2022-10-16,9,00,01:54,10:54,1,1,1,-1,-1,-1,-1,-1,-1.0,-1.0,-1.0,-1,-1.0,-1.0,-1.0,1,-1,-1,2,0,3,1,4,2,1,1.0,6558.285714285715,76.53495304773502,389.1666666666667,75.0,6,463.3333333333333,9.0,7.722222222222222,1.2777777777777777,6.486111111111112,2.5138888888888884,5.0,5,0.8583905664965776,1.4885738819251948,1.4885738819251948,-0.8954966368850488,-0.0762895373663061,1.0,0.0,1
S504,2022-10-23,9,00,23:37,10:37,1,1,1,-1,-1,-1,-1,-1,-1.0,-1.0,-1.0,-1,-1.0,-1.0,-1.0,1,-1,-1,2,0,3,1,4,4,2,1.0,5343.285714285715,78.7898205093492,438.75,74.25,4,527.0,9.0,8.783333333333333,0.2166666666666667,7.3125,1.6875,6.0,6,1.4117717464589004,0.15347145684854824,0.15347145684854824,-0.8954966368850488,0.2670133807820718,1.0,0.0,1
S504,2022-11-06,8,00,01:59,10:59,1,1,1,-1,-1,-1,-1,-1,-1.0,-1.0,-1.0,-1,-1.0,-1.0,-1.0,1,-1,-1,2,0,3,1,4,4,1,1.0,6409.142857142857,74.86969430851754,462.2857142857143,76.85714285714286,7,550.0,8.0,9.166666666666666,-1.166666666666666,7.704761904761905,0.2952380952380951,7.0,7+,1.1598032038049981,-1.0059177822919878,1.0059177822919878,-0.8954966368850488,-0.0762895373663061,1.0,0.0,1
S504,2022-11-13,9,00,00:48,08:48,1,1,1,-1,-1,-1,-1,-1,-1.0,-1.0,-1.0,-1,-1.0,-1.0,-1.0,1,-1,-1,2,0,3,1,4,4,1,1.0,7294.428571428572,77.79942369043594,388.8,74.2,5,453.2,9.0,7.553333333333333,1.4466666666666672,6.48,2.52,8.0,7+,1.1598032038049981,1.2473380500420659,1.2473380500420659,-0.8954966368850488,-0.0762895373663061,1.0,0.0,1
S505,2022-09-17,6,30,12:30,19:00,2,1,1,-1,-1,-1,-1,-1,-1.0,-1.0,-1.0,-1,-1.0,-1.0,-1.0,1,-1,-1,0,30,3,1,3,2,2,0.2857142857142857,5058.0,88.66171960078222,432.0,86.0,1,487.0,6.5,8.116666666666667,-1.6166666666666671,7.2,-0.7000000000000002,1.0,1,1.4347680187122756,-1.1267791347326297,1.1267791347326297,-0.3430922712460024,0.0716192784863984,0.9107142857142857,-0.625,2
S505,2022-10-03,4,0,01:27,17:57,1,3,1,-1,-1,-1,-1,-1,-1.0,-1.0,-1.0,-1,-1.0,-1.0,-1.0,1,-1,-1,0,30,6,2,2,3,3,1.0,9464.0,92.5024280948706,362.8333333333333,75.83333333333333,6,414.8333333333333,4.0,6.913888888888889,-2.9138888888888888,6.047222222222222,-2.0472222222222216,2.0,2,1.040659178758492,-2.800041500969763,2.800041500969763,-0.3430922712460024,1.2700090221170806,0.9107142857142857,0.0892857142857143,2
S505,2022-10-08,6,0,01:00,18:30,1,3,1,-1,-1,-1,-1,-1,-1.0,-1.0,-1.0,-1,-1.0,-1.0,-1.0,1,-1,-1,0,20,4,1,3,1,3,1.0,4443.857142857143,85.44672915279612,392.6,79.0,5,444.2,6.0,7.403333333333333,-1.403333333333333,6.543333333333334,-0.5433333333333339,3.0,3,1.286670487394574,-1.0906703364083479,1.0906703364083479,-0.3430922712460024,0.4149221966347764,0.9107142857142857,0.0892857142857143,2
S505,2022-10-17,6,30,12:00,07:00,1,4,1,-1,-1,-1,-1,-1,-1.0,-1.0,-1.0,-1,-1.0,-1.0,-1.0,1,-1,-1,0,30,6,1,4,1,2,1.0,5898.0,87.30085747856795,367.7142857142857,75.57142857142857,7,417.4285714285714,6.5,6.957142857142856,-0.4571428571428564,6.128571428571429,0.371428571428571,4.0,4,0.8086538980157038,-0.5653133661565295,0.5653133661565295,-0.3430922712460024,-0.2853909848569745,0.9107142857142857,0.0892857142857143,2
S505,2022-10-22,6,11,23:01,18:01,1,2,1,-1,-1,-1,-1,-1,-1.0,-1.0,-1.0,-1,-1.0,-1.0,-1.0,1,-1,-1,0,30,5,1,4,1,2,1.0,6085.285714285715,88.75089172004796,362.8571428571428,74.14285714285714,7,415.4285714285714,6.183333333333334,6.923809523809523,-0.7404761904761896,6.047619047619047,0.135714285714287,5.0,5,0.8583905664965776,-0.8626331874759039,0.8626331874759039,-0.3430922712460024,-0.2853909848569745,0.9107142857142857,0.0892857142857143,2
S505,2022-10-31,6,11,22:00,18:30,1,1,1,-1,-1,-1,-1,-1,-1.0,-1.0,-1.0,-1,-1.0,-1.0,-1.0,1,-1,-1,0,20,4,1,3,1,1,1.0,7256.142857142857,88.61195067975943,374.1428571428572,78.71428571428571,7,417.2857142857143,6.183333333333334,6.954761904761905,-0.7714285714285714,6.235714285714287,-0.052380952380953,6.0,6,1.4117717464589004,-0.5464258463618639,0.5464258463618639,-0.3430922712460024,-0.2716836396619795,0.9107142857142857,0.0892857142857143,2
S505,2022-11-08,6,19,23:00,17:37,1,2,1,-1,-1,-1,-1,-1,-1.0,-1.0,-1.0,-1,-1.0,-1.0,-1.0,1,-1,-1,0,20,3,1,4,2,2,1.0,6855.714285714285,90.34790443595324,345.0,75.28571428571429,7,389.7142857142857,6.316666666666666,6.495238095238095,-0.1785714285714288,5.75,0.5666666666666664,7.0,7+,1.1598032038049981,-0.15396700749367187,0.15396700749367187,-0.3430922712460024,-0.2853909848569745,0.9107142857142857,0.0892857142857143,2
S505,2022-11-12,5,51,12:00,18:09,1,1,1,-1,-1,-1,-1,-1,-1.0,-1.0,-1.0,-1,-1.0,-1.0,-1.0,1,-1,-1,0,10,6,1,4,1,1,1.0,8735.714285714286,92.25242618506192,354.7142857142857,74.42857142857143,7,402.2857142857143,5.85,6.704761904761905,-0.8547619047619053,5.911904761904762,-0.0619047619047625,8.0,7+,1.1598032038049981,-0.7369887425363756,0.7369887425363756,-0.3430922712460024,-0.6286939030053524,0.9107142857142857,0.0892857142857143,2
S507,2022-09-24,5,0,21:10,06:30,1,1,1,-1,-1,-1,-1,-1,-1.0,-1.0,-1.0,-1,-1.0,-1.0,-1.0,1,-1,-1,1,0,4,2,2,3,3,1.0,8616.285714285714,89.50815786198318,329.8,69.2,5,389.8,5.0,6.496666666666667,-1.496666666666667,5.496666666666667,-0.496666666666667,1.0,1,1.4347680187122756,-1.0431419206081456,1.0431419206081456,1.007679135883082,-0.0807623850120037,0.9142857142857143,0.08571428571428574,2
S507,2022-10-02,5,0,21:30,05:30,1,1,1,-1,-1,-1,-1,-1,-1.0,-1.0,-1.0,-1,-1.0,-1.0,-1.0,1,-1,-1,0,30,4,2,3,2,3,1.0,7614.428571428572,91.44885805367986,280.0,65.25,4,338.75,5.0,5.645833333333333,-0.645833333333333,4.666666666666667,0.333333333333333,2.0,2,1.040659178758492,-0.6206002373455383,0.6206002373455383,1.007679135883082,-0.4377726483553765,0.9142857142857143,0.08571428571428574,2
S507,2022-10-09,6,0,21:30,04:30,1,1,1,-1,-1,-1,-1,-1,-1.0,-1.0,-1.0,-1,-1.0,-1.0,-1.0,1,-1,-1,0,30,3,2,3,3,3,1.0,7213.714285714285,87.7599748950158,266.0,65.2,5,320.0,6.0,5.333333333333333,0.666666666666667,4.433333333333334,1.5666666666666664,3.0,3,1.286670487394574,0.5181331764410207,0.5181331764410207,1.007679135883082,-0.4377726483553765,0.9142857142857143,0.08571428571428574,2
S507,2022-10-16,6,0,21:30,05:30,1,1,1,-1,-1,-1,-1,-1,-1.0,-1.0,-1.0,-1,-1.0,-1.0,-1.0,1,-1,-1,0,30,3,2,3,3,3,1.0,8849.714285714286,90.62691259766368,268.4,66.8,5,312.4,6.0,5.206666666666666,0.7933333333333339,4.473333333333333,1.5266666666666673,4.0,4,0.8086538980157038,0.9810542375174796,0.9810542375174796,1.007679135883082,-0.4377726483553765,0.9142857142857143,0.08571428571428574,2
S507,2022-10-22,5,0,22:30,05:00,1,1,1,-1,-1,-1,-1,-1,-1.0,-1.0,-1.0,-1,-1.0,-1.0,-1.0,1,-1,-1,0,30,4,2,2,2,2,1.0,11869.714285714286,92.75160714768032,306.25,64.25,4,371.0,5.0,6.183333333333334,-1.1833333333333336,5.104166666666667,-0.1041666666666669,5.0,5,0.8583905664965776,-1.3785488558698547,1.3785488558698547,1.007679135883082,-0.4240653031603817,0.9142857142857143,0.08571428571428574,2
S507,2022-10-30,6,0,21:30,05:30,1,1,1,-1,-1,-1,-1,-1,-1.0,-1.0,-1.0,-1,-1.0,-1.0,-1.0,2,0,30,0,30,4,3,1,2,2,1.0,11841.714285714286,92.26717828226948,262.0,68.42857142857143,7,305.0,6.0,5.083333333333333,0.916666666666667,4.366666666666666,1.6333333333333335,6.0,6,1.4117717464589004,0.6493023174361657,0.6493023174361657,1.007679135883082,0.4310215223219225,0.9142857142857143,0.08571428571428574,2
S507,2022-11-07,6,0,21:30,05:30,1,1,1,-1,-1,-1,-1,-1,-1.0,-1.0,-1.0,-1,-1.0,-1.0,-1.0,1,-1,-1,0,30,4,2,2,3,3,0.7142857142857143,8054.2,87.35853441379705,266.3333333333333,64.0,3,312.3333333333333,6.0,5.205555555555555,0.7944444444444452,4.438888888888888,1.5611111111111118,7.0,7+,1.1598032038049981,0.6849821088940689,0.6849821088940689,1.007679135883082,-0.0807623850120037,0.9142857142857143,-0.19999999999999996,2
S507,2022-11-12,5,0,21:30,05:11,1,1,1,-1,-1,-1,-1,-1,-1.0,-1.0,-1.0,-1,-1.0,-1.0,-1.0,1,-1,-1,0,30,2,2,2,3,3,0.4285714285714285,5356.666666666667,90.05274769939797,213.0,64.0,2,241.5,5.0,4.025,0.9749999999999996,3.55,1.4500000000000002,8.0,7+,1.1598032038049981,0.8406598609154471,0.8406598609154471,1.007679135883082,-0.0807623850120037,0.9142857142857143,-0.48571428571428577,2
S507,2022-11-19,7,0,20:30,05:30,1,1,1,-1,-1,-1,-1,-1,-1.0,-1.0,-1.0,-1,-1.0,-1.0,-1.0,1,-1,-1,0,30,2,3,1,2,3,1.0,9854.857142857143,96.97106150842777,408.0,67.75,4,490.75,7.0,8.179166666666667,-1.1791666666666671,6.8,0.2000000000000001,9.0,7+,1.1598032038049981,-1.0166954728165458,1.0166954728165458,1.007679135883082,0.7743244404703005,0.9142857142857143,0.08571428571428574,2
S507,2022-11-26,6,0,21:01,05:10,1,1,1,-1,-1,-1,-1,-1,-1.0,-1.0,-1.0,-1,-1.0,-1.0,-1.0,2,5,30,0,30,2,3,1,3,3,1.0,11003.0,90.22776271371232,347.5,66.0,4,413.75,6.0,6.895833333333333,-0.895833333333333,5.791666666666667,0.208333333333333,10.0,7+,1.1598032038049981,-0.7724011542599194,0.7724011542599194,1.007679135883082,0.7743244404703005,0.9142857142857143,0.08571428571428574,2
S646,2022-09-04,8,0,22:13,06:13,2,1,1,-1,-1,-1,-1,-1,-1.0,-1.0,-1.0,-1,-1.0,-1.0,-1.0,1,-1,-1,0,30,3,1,3,3,2,1.0,6885.142857142857,68.00763644342128,411.6666666666667,77.16666666666667,6,480.1666666666667,8.0,8.002777777777778,-0.0027777777777782,6.861111111111112,1.1388888888888884,1.0,1,1.4347680187122756,-0.0019360466232522344,0.0019360466232522344,-0.3898625467559189,0.1183895539963149,1.0,0.0,2
S646,2022-09-09,7,0,22:29,06:06,1,1,2,헬스,1,0,-1,0,,,,0,,,,1,-1,-1,0,30,0,1,3,2,1,1.0,6976.428571428572,70.54218138042322,418.8333333333333,79.16666666666667,6,484.6666666666667,7.0,8.077777777777778,-1.0777777777777775,6.980555555555555,0.0194444444444448,2.0,2,1.040659178758492,-1.035668353075565,1.035668353075565,-0.3898625467559189,-0.2249133641520631,1.0,0.0,2
S646,2022-09-16,6,30,23:30,18:00,4,2,2,헬스,2,0,-1,0,,,,0,,,,1,-1,-1,0,20,3,2,2,4,2,1.0,6305.714285714285,70.18510155308938,397.0,78.33333333333333,6,465.1666666666667,6.5,7.752777777777778,-1.2527777777777782,6.616666666666666,-0.1166666666666662,3.0,3,1.286670487394574,-0.9736585940620847,0.9736585940620847,-0.3898625467559189,0.9734763794786192,1.0,0.0,2
S646,2022-09-23,8,0,22:00,06:09,1,1,2,헬스,2,0,-1,0,,,,0,,,,1,-1,-1,0,20,4,1,4,2,1,1.0,7621.714285714285,72.33691591392746,412.8571428571428,78.85714285714286,7,477.0,8.0,7.95,0.0499999999999998,6.88095238095238,1.1190476190476204,4.0,4,0.8086538980157038,0.06183114942337027,0.06183114942337027,-0.3898625467559189,-0.581923627495436,1.0,0.0,2
S646,2022-10-03,8,0,22:00,06:00,1,1,1,-1,-1,-1,-1,-1,-1.0,-1.0,-1.0,-1,-1.0,-1.0,-1.0,1,-1,-1,0,20,4,1,4,1,2,1.0,6413.714285714285,67.90747061522828,393.8571428571428,78.57142857142857,7,456.0,8.0,7.6,0.4000000000000003,6.564285714285713,1.4357142857142868,5.0,5,0.8583905664965776,0.4659883456461483,0.4659883456461483,-0.3898625467559189,-0.238620709347058,1.0,0.0,2
S646,2022-10-07,8,0,22:01,06:00,2,1,2,헬스,1,0,-1,0,,,,0,,,,1,-1,-1,0,15,2,1,3,2,1,1.0,6292.428571428572,68.47743825867789,419.1428571428572,80.14285714285714,7,486.2857142857143,8.0,8.104761904761904,-0.1047619047619043,6.985714285714287,1.0142857142857131,6.0,6,1.4117717464589004,-0.07420597913556144,0.07420597913556144,-0.3898625467559189,-0.2249133641520631,1.0,0.0,2
S646,2022-10-16,8,0,22:00,07:00,1,1,2,헬스,2,0,-1,0,,,,0,,,,1,-1,-1,0,20,2,1,3,1,1,1.0,6350.428571428572,71.9539196829713,405.57142857142856,78.57142857142857,7,463.1428571428572,8.0,7.71904761904762,0.2809523809523799,6.7595238095238095,1.2404761904761905,7.0,7+,1.1598032038049981,0.24224142512337588,0.24224142512337588,-0.3898625467559189,-0.2249133641520631,1.0,0.0,2
S646,2022-10-24,8,30,22:00,06:30,1,1,2,기타,2,0,-1,0,,,,0,,,,1,-1,-1,0,20,4,1,4,1,1,1.0,7037.0,71.16108156240088,400.1666666666667,78.0,6,466.5,8.5,7.775,0.7249999999999996,6.669444444444445,1.8305555555555548,8.0,7+,1.1598032038049981,0.6251060504243067,0.6251060504243067,-0.3898625467559189,-0.581923627495436,1.0,0.0,2
S646,2022-10-28,7,0,23:29,06:00,3,1,2,헬스,2,0,-1,0,,,,0,,,,1,-1,-1,0,20,2,1,3,3,2,1.0,7062.285714285715,70.06039842737776,393.2,78.0,5,450.2,7.0,7.503333333333333,-0.503333333333333,6.553333333333333,0.4466666666666672,9.0,7+,1.1598032038049981,-0.4339816717888289,0.4339816717888289,-0.3898625467559189,0.1183895539963149,1.0,0.0,2
S646,2022-11-06,7,0,22:30,06:01,2,1,2,헬스,2,0,-1,0,,,,0,,,,1,-1,-1,0,20,4,2,2,2,2,1.0,5809.285714285715,70.12332445665123,410.0,79.5,6,472.6666666666667,7.0,7.877777777777778,-0.8777777777777782,6.833333333333333,0.1666666666666669,10.0,7+,1.1598032038049981,-0.756833379057782,0.756833379057782,-0.3898625467559189,0.9734763794786192,1.0,0.0,2
S646,2022-11-16,8,0,22:06,18:10,1,1,2,기타,4,1,-1,0,,,,0,,,,1,-1,-1,0,15,4,1,4,1,1,1.0,6309.285714285715,67.07132329832882,433.2857142857143,79.71428571428571,7,503.8571428571428,8.0,8.397619047619047,-0.3976190476190471,7.2214285714285715,0.7785714285714285,11.0,7+,1.1598032038049981,-0.34283320335257517,0.34283320335257517,-0.3898625467559189,-0.581923627495436,1.0,0.0,2
S646,2022-11-20,6,0,23:30,18:11,4,1,2,기타,2,0,-1,0,,,,0,,,,1,-1,-1,0,20,4,1,2,3,2,1.0,5950.285714285715,65.82800426817728,421.1428571428572,79.14285714285714,7,492.7142857142857,6.0,8.211904761904762,-2.211904761904762,7.019047619047621,-1.0190476190476208,12.0,7+,1.1598032038049981,-1.90713799948828,1.90713799948828,-0.3898625467559189,0.4753998173396878,1.0,0.0,2
S649,2022-09-10,6,0,04:00,10:00,3,1,1,-1,-1,-1,-1,-1,-1.0,-1.0,-1.0,-1,-1.0,-1.0,-1.0,1,-1,-1,1,0,2,2,2,3,2,1.0,3504.714285714286,75.14727328202405,379.3333333333333,78.66666666666667,3,430.6666666666667,6.0,7.177777777777778,-1.177777777777778,6.322222222222222,-0.3222222222222219,1.0,1,1.4347680187122756,-0.8208837682588229,0.8208837682588229,0.4985807206577659,0.0850331120649342,1.0,0.0,2
S649,2022-09-17,8,0,02:00,10:00,3,1,1,-1,-1,-1,-1,-1,-1.0,-1.0,-1.0,-1,-1.0,-1.0,-1.0,2,1,20,1,0,3,2,2,4,4,1.0,5215.714285714285,76.31636567134053,427.3333333333333,80.66666666666667,6,483.5,8.0,8.058333333333334,-0.0583333333333335,7.122222222222222,0.8777777777777782,2.0,2,1.040659178758492,-0.0560542149860488,0.0560542149860488,0.4985807206577659,0.7716389483616903,1.0,0.0,2
S649,2022-10-01,7,0,02:00,10:30,2,1,1,-1,-1,-1,-1,-1,-1.0,-1.0,-1.0,-1,-1.0,-1.0,-1.0,1,-1,-1,0,20,2,2,2,3,2,1.0,6956.714285714285,76.66732514546491,375.8,73.6,5,428.2,7.0,7.136666666666667,-0.1366666666666667,6.263333333333334,0.7366666666666664,3.0,3,1.286670487394574,-0.10621730117040921,0.10621730117040921,0.4985807206577659,0.0850331120649342,1.0,0.0,2
S649,2022-10-09,7,0,03:00,10:00,2,1,1,-1,-1,-1,-1,-1,-1.0,-1.0,-1.0,-1,-1.0,-1.0,-1.0,1,-1,-1,0,15,2,1,4,3,2,1.0,5381.857142857143,71.2342174046169,392.2857142857143,75.28571428571429,7,457.57142857142856,7.0,7.626190476190476,-0.6261904761904757,6.538095238095238,0.461904761904762,4.0,4,0.8086538980157038,-0.7743615380164969,0.7743615380164969,0.4985807206577659,-1.1270639767607429,1.0,0.0,2
S649,2022-10-16,8,0,02:00,11:00,2,1,1,-1,-1,-1,-1,-1,-1.0,-1.0,-1.0,-1,-1.0,-1.0,-1.0,1,-1,-1,0,30,4,1,2,4,2,1.0,5277.571428571428,71.19826351020556,425.8571428571428,77.57142857142857,7,492.0,8.0,8.2,-0.1999999999999993,7.097619047619046,0.9023809523809536,5.0,5,0.8583905664965776,-0.23299417282307316,0.23299417282307316,0.4985807206577659,-0.413043450073997,1.0,0.0,2
S649,2022-10-25,8,0,03:00,00:00,3,1,1,-1,-1,-1,-1,-1,-1.0,-1.0,-1.0,-1,-1.0,-1.0,-1.0,1,-1,-1,0,20,4,2,2,4,3,1.0,4332.0,71.8211075091147,360.75,79.0,4,395.75,8.0,6.595833333333333,1.4041666666666668,6.0125,1.9875,6.0,6,1.4117717464589004,0.994613095345399,0.994613095345399,0.4985807206577659,0.4283360302133122,1.0,0.0,2
S649,2022-11-14,8,0,04:00,11:00,3,1,1,-1,-1,-1,-1,-1,-1.0,-1.0,-1.0,-1,-1.0,-1.0,-1.0,1,-1,-1,0,30,3,2,2,4,2,1.0,7810.857142857143,74.77418418936763,387.5,71.33333333333333,6,457.0,8.0,7.616666666666666,0.3833333333333337,6.458333333333333,1.541666666666667,7.0,7+,1.1598032038049981,0.3305158427530822,0.3305158427530822,0.4985807206577659,0.0850331120649342,1.0,0.0,2
S649,2022-11-16,8,0,03:30,11:00,3,1,1,-1,-1,-1,-1,-1,-1.0,-1.0,-1.0,-1,-1.0,-1.0,-1.0,1,-1,-1,0,30,4,2,2,3,2,1.0,7735.428571428572,74.13005832311873,359.42857142857144,72.57142857142857,7,416.0,8.0,6.933333333333334,1.0666666666666664,5.990476190476191,2.009523809523809,8.0,7+,1.1598032038049981,0.919696258095532,0.919696258095532,0.4985807206577659,0.0850331120649342,1.0,0.0,2
S981,2022-09-25,5,59,02:00,08:05,1,1,1,-1,-1,-1,-1,-1,-1.0,-1.0,-1.0,-1,-1.0,-1.0,-1.0,1,-1,-1,1,30,15,1,3,3,2,1.0,14144.142857142857,120.75889109624096,384.6,70.2,5,447.0,5.983333333333333,7.45,-1.4666666666666668,6.41,-0.4266666666666667,2.0,2,1.040659178758492,-1.4093631196492231,1.4093631196492231,0.7671316030231806,-1.0386045957827847,1.0,0.0,2
S981,2022-10-02,5,16,04:00,10:00,1,1,1,-1,-1,-1,-1,-1,-1.0,-1.0,-1.0,-1,-1.0,-1.0,-1.0,1,-1,-1,1,30,20,3,2,1,2,1.0,14303.714285714286,111.82471419620224,315.85714285714283,68.28571428571429,7,364.8571428571428,5.266666666666667,6.08095238095238,-0.8142857142857132,5.264285714285714,0.0023809523809523,3.0,3,1.286670487394574,-0.6328626655101027,0.6328626655101027,0.7671316030231806,0.3145587918384508,1.0,0.0,2
S981,2022-10-09,4,36,03:30,09:00,1,1,1,-1,-1,-1,-1,-1,-1.0,-1.0,-1.0,-1,-1.0,-1.0,-1.0,1,-1,-1,0,32,24,3,2,4,3,1.0,15657.142857142857,107.01597017892938,253.8571428571429,63.71428571428572,7,301.57142857142856,4.6,5.026190476190476,-0.4261904761904764,4.230952380952382,0.3690476190476177,4.0,4,0.8086538980157038,-0.5270369403230156,0.5270369403230156,0.7671316030231806,0.657861709986829,1.0,0.0,2
S981,2022-10-15,3,31,04:00,08:00,1,1,1,-1,-1,-1,-1,-1,-1.0,-1.0,-1.0,-1,-1.0,-1.0,-1.0,1,-1,-1,1,8,17,2,2,4,3,1.0,14966.857142857143,105.689547718692,258.0,68.25,4,298.0,3.5166666666666666,4.966666666666667,-1.4500000000000002,4.3,-0.7833333333333332,5.0,5,0.8583905664965776,-1.6892077529672866,1.6892077529672866,0.7671316030231806,0.1597851478478975,1.0,0.0,2
S981,2022-10-23,5,51,04:27,08:27,1,1,1,-1,-1,-1,-1,-1,-1.0,-1.0,-1.0,-1,-1.0,-1.0,-1.0,1,-1,-1,0,30,16,1,3,4,3,1.0,9187.857142857143,112.08618537012504,367.5,68.16666666666667,6,433.5,5.85,7.225,-1.375,6.125,-0.2750000000000003,6.0,6,1.4117717464589004,-0.9739534761542482,0.9739534761542482,0.7671316030231806,-0.6953016776344066,1.0,0.0,2
S981,2022-10-30,4,41,03:03,08:10,1,1,1,-1,-1,-1,-1,-1,-1.0,-1.0,-1.0,-1,-1.0,-1.0,-1.0,1,-1,-1,0,27,27,1,3,3,2,1.0,13307.42857142857,111.3270089996188,289.4,66.6,5,340.0,4.683333333333334,5.666666666666667,-0.9833333333333334,4.823333333333333,-0.1399999999999996,7.0,7+,1.1598032038049981,-0.8478449879318187,0.8478449879318187,0.7671316030231806,-1.0386045957827847,1.0,0.0,2
S981,2022-11-06,4,44,03:49,08:10,1,1,1,-1,-1,-1,-1,-1,-1.0,-1.0,-1.0,-1,-1.0,-1.0,-1.0,1,-1,-1,0,30,23,2,2,4,4,1.0,12798.285714285714,108.1466623557101,275.42857142857144,65.85714285714286,7,320.1428571428572,4.733333333333333,5.335714285714287,-0.6023809523809538,4.590476190476191,0.1428571428571423,8.0,7+,1.1598032038049981,-0.5193820386119871,0.5193820386119871,0.7671316030231806,0.5030880659962756,1.0,0.0,2
S981,2022-11-15,3,5,05:48,08:10,1,1,1,-1,-1,-1,-1,-1,-1.0,-1.0,-1.0,-1,-1.0,-1.0,-1.0,1,-1,-1,1,57,23,3,2,4,3,1.0,18317.571428571428,117.02869228055464,222.3333333333333,60.0,3,250.66666666666663,3.083333333333333,4.177777777777777,-1.0944444444444437,3.705555555555555,-0.6222222222222213,9.0,7+,1.1598032038049981,-0.943646681483436,0.943646681483436,0.7671316030231806,0.657861709986829,1.0,0.0,2
S981,2022-11-20,6,22,00:15,08:15,1,1,1,-1,-1,-1,-1,-1,-1.0,-1.0,-1.0,-1,-1.0,-1.0,-1.0,1,-1,-1,0,43,25,3,1,2,4,1.0,12806.57142857143,110.1145975369665,352.6666666666667,66.0,3,419.3333333333333,6.366666666666666,6.988888888888889,-0.6222222222222227,5.877777777777778,0.488888888888888,10.0,7+,1.1598032038049981,-0.5364894838890608,0.5364894838890608,0.7671316030231806,1.3581748914785798,1.0,0.0,2
S981,2022-11-27,6,9,01:04,08:30,1,1,2,헬스,2,0,-1,0,,,,0,,,,1,-1,-1,0,42,23,2,2,3,3,1.0,12517.285714285714,102.12132789248028,362.8333333333333,68.83333333333333,6,431.8333333333333,6.15,7.197222222222222,-1.0472222222222216,6.047222222222222,0.1027777777777787,11.0,7+,1.1598032038049981,-0.9029309617239986,0.9029309617239986,0.7671316030231806,0.1597851478478975,1.0,0.0,2
S982,2022-09-18,7,0,03:30,09:30,1,1,1,-1,-1,-1,-1,-1,-1.0,-1.0,-1.0,-1,-1.0,-1.0,-1.0,1,-1,-1,1,0,4,1,4,1,1,0.4285714285714285,4346.333333333333,76.92026758461265,320.0,76.0,2,363.5,7.0,6.058333333333334,0.9416666666666664,5.333333333333333,1.666666666666667,1.0,1,1.4347680187122756,0.6563198052824076,0.6563198052824076,-0.6463848765216252,-0.3254012977297297,0.9365079365079365,-0.507936507936508,2
S982,2022-09-24,6,5,03:40,09:30,1,1,1,-1,-1,-1,-1,-1,-1.0,-1.0,-1.0,-1,-1.0,-1.0,-1.0,1,-1,-1,1,30,5,1,4,2,1,1.0,5585.0,78.33281896784544,305.57142857142856,69.28571428571429,7,354.42857142857144,6.083333333333333,5.9071428571428575,0.1761904761904755,5.092857142857143,0.9904761904761904,2.0,2,1.040659178758492,0.1693066085292891,0.1693066085292891,-0.6463848765216252,-0.3254012977297297,0.9365079365079365,0.06349206349206349,2
S982,2022-10-01,5,51,04:20,08:50,1,1,1,-1,-1,-1,-1,-1,-1.0,-1.0,-1.0,-1,-1.0,-1.0,-1.0,1,-1,-1,1,0,4,1,4,2,1,1.0,4083.714285714286,76.05002045065628,333.5,71.5,6,385.6666666666667,5.85,6.427777777777778,-0.5777777777777784,5.558333333333334,0.2916666666666661,3.0,3,1.286670487394574,-0.4490487529155516,0.4490487529155516,-0.6463848765216252,-0.3254012977297297,0.9365079365079365,0.06349206349206349,2
S982,2022-10-09,5,26,04:40,08:00,1,1,1,-1,-1,-1,-1,-1,-1.0,-1.0,-1.0,-1,-1.0,-1.0,-1.0,1,-1,-1,0,30,4,1,4,1,1,1.0,5324.857142857143,83.52234900870096,290.8,65.6,5,331.8,5.433333333333334,5.53,-0.0966666666666666,4.846666666666667,0.5866666666666669,4.0,4,0.8086538980157038,-0.11954022221851623,0.11954022221851623,-0.6463848765216252,-0.3254012977297297,0.9365079365079365,0.06349206349206349,2
S982,2022-10-16,5,17,04:25,08:20,1,1,1,-1,-1,-1,-1,-1,-1.0,-1.0,-1.0,-1,-1.0,-1.0,-1.0,1,-1,-1,0,40,2,1,4,1,2,1.0,3515.1428571428573,77.35823784973931,357.0,74.0,5,407.0,5.283333333333333,6.783333333333333,-1.5,5.95,-0.666666666666667,5.0,5,0.8583905664965776,-1.7474562961730549,1.7474562961730549,-0.6463848765216252,0.0179016204186482,0.9365079365079365,0.06349206349206349,2
S982,2022-10-25,3,40,06:15,09:10,1,1,1,-1,-1,-1,-1,-1,-1.0,-1.0,-1.0,-1,-1.0,-1.0,-1.0,1,-1,-1,0,30,8,2,3,1,4,1.0,4108.285714285715,79.12709145646014,417.3333333333333,77.66666666666667,3,471.0,3.6666666666666665,7.85,-4.183333333333334,6.955555555555555,-3.2888888888888883,6.0,6,1.4117717464589004,-2.9631796668450465,2.9631796668450465,-0.6463848765216252,1.559594282197709,0.9365079365079365,0.06349206349206349,2
S982,2022-10-30,5,50,04:00,08:50,1,1,1,-1,-1,-1,-1,-1,-1.0,-1.0,-1.0,-1,-1.0,-1.0,-1.0,1,-1,-1,0,40,7,1,3,2,2,1.0,5705.428571428572,82.355360030504,376.5,69.5,4,439.75,5.833333333333333,7.329166666666667,-1.4958333333333336,6.275,-0.4416666666666673,7.0,7+,1.1598032038049981,-1.2897302994386566,1.2897302994386566,-0.6463848765216252,0.3749118837620212,0.9365079365079365,0.06349206349206349,2
S982,2022-11-06,6,41,04:10,11:02,1,1,1,-1,-1,-1,-1,-1,-1.0,-1.0,-1.0,-1,-1.0,-1.0,-1.0,1,-1,-1,0,20,5,1,4,1,1,1.0,5692.428571428572,81.05682732318685,347.1428571428572,69.57142857142857,7,407.2857142857143,6.683333333333334,6.788095238095238,-0.1047619047619043,5.785714285714287,0.8976190476190462,8.0,7+,1.1598032038049981,-0.09032731106295366,0.09032731106295366,-0.6463848765216252,-0.3254012977297297,0.9365079365079365,0.06349206349206349,2
S982,2022-11-15,5,18,04:40,08:45,1,1,1,-1,-1,-1,-1,-1,-1.0,-1.0,-1.0,-1,-1.0,-1.0,-1.0,1,-1,-1,0,40,5,1,4,1,1,1.0,4429.142857142857,81.01515548433679,348.42857142857144,67.28571428571429,7,406.4285714285714,5.3,6.773809523809523,-1.473809523809523,5.807142857142858,-0.507142857142858,9.0,7+,1.1598032038049981,-1.2707410351811028,1.2707410351811028,-0.6463848765216252,-0.3254012977297297,0.9365079365079365,0.06349206349206349,2
S985,2022-09-17,7,0,01:30,08:00,1,1,1,-1,-1,-1,-1,-1,-1.0,-1.0,-1.0,-1,-1.0,-1.0,-1.0,1,-1,-1,1,0,8,2,2,2,1,0.2857142857142857,8321.0,80.8742328905461,345.0,75.0,1,395.0,7.0,6.583333333333333,0.4166666666666669,5.75,1.25,1.0,1,1.4347680187122756,0.2904069934877912,0.2904069934877912,-0.2592252328488515,0.4995361474231737,0.9350649350649349,-0.6493506493506492,2
S985,2022-09-25,6,30,01:00,08:00,1,1,1,-1,-1,-1,-1,-1,-1.0,-1.0,-1.0,-1,-1.0,-1.0,-1.0,1,-1,-1,1,30,16,1,3,2,1,1.0,11441.42857142857,84.97773097968471,377.0,69.5,6,449.1666666666667,6.5,7.486111111111112,-0.9861111111111116,6.283333333333333,0.2166666666666667,2.0,2,1.040659178758492,-0.9475831580974894,0.9475831580974894,-0.2592252328488515,-0.3555506780591304,0.9350649350649349,0.06493506493506507,2
S985,2022-10-02,6,44,02:00,10:00,1,1,1,-1,-1,-1,-1,-1,-1.0,-1.0,-1.0,-1,-1.0,-1.0,-1.0,1,-1,-1,1,0,13,1,3,2,1,1.0,8980.42857142857,79.7501482404464,392.6666666666667,77.33333333333333,6,448.5,6.733333333333333,7.475,-0.7416666666666663,6.544444444444445,0.1888888888888882,3.0,3,1.286670487394574,-0.576423158790635,0.576423158790635,-0.2592252328488515,-0.3555506780591304,0.9350649350649349,0.06493506493506507,2
S985,2022-10-09,7,21,00:30,20:30,1,1,1,-1,-1,-1,-1,-1,-1.0,-1.0,-1.0,-1,-1.0,-1.0,-1.0,1,-1,-1,1,0,11,1,3,1,2,1.0,10753.857142857143,79.86925372970948,403.2857142857143,78.42857142857143,7,471.57142857142856,7.35,7.859523809523809,-0.5095238095238095,6.721428571428572,0.6285714285714281,4.0,4,0.8086538980157038,-0.6300888560286328,0.6300888560286328,-0.2592252328488515,-0.0122477599107524,0.9350649350649349,0.06493506493506507,2
S985,2022-10-17,7,0,02:01,21:00,1,1,1,-1,-1,-1,-1,-1,-1.0,-1.0,-1.0,-1,-1.0,-1.0,-1.0,1,-1,-1,1,0,8,1,2,2,2,1.0,8819.714285714286,81.6184006321868,365.5,73.5,4,427.0,7.0,7.116666666666666,-0.1166666666666662,6.091666666666667,0.9083333333333332,5.0,5,0.8583905664965776,-0.13591326748012594,0.13591326748012594,-0.2592252328488515,0.3447625034326204,0.9350649350649349,0.06493506493506507,2
S985,2022-10-24,5,35,00:30,08:00,1,1,1,-1,-1,-1,-1,-1,-1.0,-1.0,-1.0,-1,-1.0,-1.0,-1.0,1,-1,-1,1,0,9,2,3,2,2,1.0,8200.714285714286,82.93271578968263,365.25,75.5,4,411.5,5.583333333333333,6.858333333333333,-1.2750000000000004,6.0875,-0.5041666666666673,6.0,6,1.4117717464589004,-0.9031204960703032,0.9031204960703032,-0.2592252328488515,0.4858288022281789,0.9350649350649349,0.06493506493506507,2
S985,2022-10-29,7,13,00:00,08:00,1,1,1,-1,-1,-1,-1,-1,-1.0,-1.0,-1.0,-1,-1.0,-1.0,-1.0,2,1,60,1,0,12,1,4,1,1,1.0,7796.0,79.6770224683207,399.0,79.57142857142857,7,458.8571428571428,7.216666666666667,7.647619047619046,-0.4309523809523794,6.65,0.5666666666666664,7.0,7+,1.1598032038049981,-0.37157371141805967,0.37157371141805967,-0.2592252328488515,-0.7125609414025034,0.9350649350649349,0.06493506493506507,2
S985,2022-11-07,7,30,00:00,08:00,1,1,1,-1,-1,-1,-1,-1,-1.0,-1.0,-1.0,-1,-1.0,-1.0,-1.0,2,2,60,0,50,7,2,3,1,2,1.0,5761.857142857143,73.84152508095973,373.5,71.83333333333333,6,439.3333333333333,7.5,7.322222222222222,0.177777777777778,6.225,1.2750000000000004,8.0,7+,1.1598032038049981,0.1532827096825889,0.1532827096825889,-0.2592252328488515,0.4858288022281789,0.9350649350649349,0.06493506493506507,2
S985,2022-11-18,9,0,21:30,06:30,1,1,1,-1,-1,-1,-1,-1,-1.0,-1.0,-1.0,-1,-1.0,-1.0,-1.0,2,1,60,0,50,7,1,3,1,2,1.0,4790.428571428572,80.5484374455212,434.25,77.75,4,502.5,9.0,8.375,0.625,7.2375,1.7625000000000002,9.0,7+,1.1598032038049981,0.5388845262278509,0.5388845262278509,-0.2592252328488515,-0.0122477599107524,0.9350649350649349,0.06493506493506507,2
S985,2022-11-19,6,58,23:00,18:00,1,1,1,-1,-1,-1,-1,-1,-1.0,-1.0,-1.0,-1,-1.0,-1.0,-1.0,2,1,60,1,0,8,1,3,1,2,1.0,5201.285714285715,81.56462752947566,432.4,77.4,5,499.2,6.966666666666667,8.32,-1.3533333333333335,7.206666666666666,-0.2399999999999993,10.0,7+,1.1598032038049981,-1.1668646274587067,1.1668646274587067,-0.2592252328488515,-0.0122477599107524,0.9350649350649349,0.06493506493506507,2
S985,2022-11-28,6,30,01:00,07:30,1,1,1,-1,-1,-1,-1,-1,-1.0,-1.0,-1.0,-1,-1.0,-1.0,-1.0,2,2,60,1,0,6,1,3,1,1,1.0,6213.142857142857,81.24699574757742,382.5,72.83333333333333,6,455.0,6.5,7.583333333333333,-1.083333333333333,6.375,0.125,11.0,7+,1.1598032038049981,-0.9340665121282746,0.9340665121282746,-0.2592252328488515,-0.3555506780591304,0.9350649350649349,0.06493506493506507,2
S986,2022-09-17,7,0,02:00,10:00,1,1,2,헬스,3,1,-1,0,,,,0,,,,2,3,15,1,0,6,1,4,3,2,0.2857142857142857,7165.5,85.8187919079409,392.0,81.0,1,440.0,7.0,7.333333333333333,-0.333333333333333,6.533333333333333,0.4666666666666668,1.0,1,1.4347680187122756,-0.2323255947902326,0.2323255947902326,-0.3922090645925966,-0.2362741915103803,0.9350649350649349,-0.6493506493506492,1
S986,2022-09-25,7,0,03:00,10:00,1,1,2,헬스,3,1,-1,0,,,,0,,,,1,-1,-1,1,0,4,1,4,3,1,1.0,8877.142857142857,81.90583529995187,326.85714285714283,75.28571428571429,7,368.4285714285714,7.0,6.14047619047619,0.85952380952381,5.447619047619047,1.552380952380953,2.0,2,1.040659178758492,0.8259416983658601,0.8259416983658601,-0.3922090645925966,-0.5795771096587583,0.9350649350649349,0.06493506493506507,1
S986,2022-10-01,6,30,03:00,09:00,1,1,2,헬스,3,1,-1,0,,,,0,,,,1,-1,-1,0,30,3,1,4,3,1,1.0,9307.42857142857,81.01472628384468,313.0,76.2,5,350.8,6.5,5.846666666666667,0.6533333333333333,5.216666666666667,1.2833333333333332,3.0,3,1.286670487394574,0.5077705129122001,0.5077705129122001,-0.3922090645925966,-0.5795771096587583,0.9350649350649349,0.06493506493506507,1
S986,2022-10-08,6,2,15:02,22:03,1,1,2,헬스,2,1,-1,0,,,,0,,,,1,-1,-1,0,50,9,1,4,1,2,1.0,8109.857142857143,78.62314632636055,393.6666666666667,78.0,6,450.3333333333333,6.033333333333333,7.5055555555555555,-1.4722222222222223,6.561111111111112,-0.5277777777777786,4.0,4,0.8086538980157038,-1.8205838441325763,1.8205838441325763,-0.3922090645925966,-0.2362741915103803,0.9350649350649349,0.06493506493506507,1
S986,2022-10-15,6,59,03:00,09:00,2,1,2,헬스,2,1,-1,0,,,,0,,,,1,-1,-1,1,0,10,1,4,3,2,1.0,7037.714285714285,82.61341679833983,422.57142857142856,80.14285714285714,7,476.2857142857143,6.983333333333333,7.938095238095238,-0.9547619047619048,7.042857142857143,-0.0595238095238093,5.0,5,0.8583905664965776,-1.1122698012149128,1.1122698012149128,-0.3922090645925966,-0.2362741915103803,0.9350649350649349,0.06493506493506507,1
S986,2022-10-22,7,39,04:30,22:30,1,1,2,헬스,2,1,-1,0,,,,0,,,,1,-1,-1,1,0,9,1,4,2,3,1.0,6648.714285714285,81.75167635471121,404.2,81.0,5,454.0,7.65,7.566666666666666,0.0833333333333339,6.736666666666666,0.913333333333334,6.0,6,1.4117717464589004,0.05902748340328817,0.05902748340328817,-0.3922090645925966,0.1070287266379976,0.9350649350649349,0.06493506493506507,1
S986,2022-10-29,6,28,22:00,06:00,1,1,1,-1,-1,-1,-1,-1,-1.0,-1.0,-1.0,-1,-1.0,-1.0,-1.0,1,-1,-1,1,0,9,1,1,3,1,1.0,7452.0,78.03126441682181,385.1666666666667,78.16666666666667,6,440.3333333333333,6.466666666666667,7.338888888888889,-0.8722222222222218,6.419444444444445,0.0472222222222216,7.0,7+,1.1598032038049981,-0.7520432943802005,0.7520432943802005,-0.3922090645925966,0.4914536803713605,0.9350649350649349,0.06493506493506507,1
S986,2022-11-05,6,14,21:08,06:00,1,1,1,-1,-1,-1,-1,-1,-1.0,-1.0,-1.0,-1,-1.0,-1.0,-1.0,1,-1,-1,1,0,9,1,4,1,1,1.0,12055.57142857143,83.13129276115917,383.4285714285714,79.42857142857143,7,433.8571428571428,6.233333333333333,7.230952380952379,-0.997619047619046,6.39047619047619,-0.1571428571428565,8.0,7+,1.1598032038049981,-0.860162348531311,0.860162348531311,-0.3922090645925966,-0.5795771096587583,0.9350649350649349,0.06493506493506507,1
S986,2022-11-13,6,0,02:55,08:51,1,1,2,헬스,1,1,-1,0,,,,0,,,,1,-1,-1,1,0,9,1,4,4,4,1.0,6105.285714285715,79.09902881183048,427.2857142857143,82.0,7,487.2857142857143,6.0,8.121428571428572,-2.121428571428572,7.121428571428571,-1.121428571428571,9.0,7+,1.1598032038049981,-1.82912804902482,1.82912804902482,-0.3922090645925966,0.4503316447863756,0.9350649350649349,0.06493506493506507,1
S986,2022-11-20,6,0,03:00,09:00,1,1,2,헬스,2,1,-1,0,,,,0,,,,1,-1,-1,1,0,9,1,4,4,4,1.0,10002.142857142857,77.35511287899796,354.85714285714283,77.14285714285714,7,406.1428571428572,6.0,6.769047619047621,-0.7690476190476208,5.914285714285714,0.0857142857142863,10.0,7+,1.1598032038049981,-0.6630845789394142,0.6630845789394142,-0.3922090645925966,0.4503316447863756,0.9350649350649349,0.06493506493506507,1
S986,2022-11-27,6,0,03:06,09:06,1,1,2,헬스,1,1,-1,0,,,,0,,,,1,-1,-1,0,30,9,2,4,4,4,1.0,6905.142857142857,82.51943696891087,340.0,74.16666666666667,6,382.1666666666667,6.0,6.3694444444444445,-0.3694444444444444,5.666666666666667,0.333333333333333,11.0,7+,1.1598032038049981,-0.3185406310591296,0.3185406310591296,-0.3922090645925966,0.948408206925307,0.9350649350649349,0.06493506493506507,1
S989,2022-09-25,7,15,22:30,06:30,2,3,1,-1,-1,-1,-1,-1,-1.0,-1.0,-1.0,-1,-1.0,-1.0,-1.0,1,-1,-1,0,30,2,2,2,3,2,1.0,3717.571428571429,69.00028057163158,434.4285714285714,80.42857142857143,7,490.57142857142856,7.25,8.176190476190476,-0.9261904761904756,7.24047619047619,0.0095238095238103,2.0,2,1.040659178758492,-0.8900036583499146,0.8900036583499146,0.9997606518113288,-0.4161468190886286,1.0,0.0,2
S989,2022-10-02,6,56,00:40,07:00,2,3,1,-1,-1,-1,-1,-1,-1.0,-1.0,-1.0,-1,-1.0,-1.0,-1.0,2,4,10,0,15,5,2,2,4,2,1.0,6144.142857142857,75.95595232351141,384.8571428571428,79.14285714285714,7,431.1428571428572,6.933333333333334,7.185714285714287,-0.2523809523809532,6.414285714285713,0.5190476190476208,3.0,3,1.286670487394574,-0.19615041679552983,0.19615041679552983,0.9997606518113288,-0.4161468190886286,1.0,0.0,2
S989,2022-10-09,7,48,23:04,07:33,2,3,1,-1,-1,-1,-1,-1,-1.0,-1.0,-1.0,-1,-1.0,-1.0,-1.0,2,4,10,0,37,6,3,2,3,2,1.0,3482.428571428572,73.82432197454588,450.0,79.5,6,513.0,7.8,8.55,-0.7500000000000009,7.5,0.2999999999999998,4.0,4,0.8086538980157038,-0.9274672413505588,0.9274672413505588,0.9997606518113288,0.0819297430503026,1.0,0.0,2
S989,2022-10-18,8,12,01:07,07:41,2,3,1,-1,-1,-1,-1,-1,-1.0,-1.0,-1.0,-1,-1.0,-1.0,-1.0,2,4,15,0,10,2,3,1,3,4,1.0,2761.8571428571427,75.07512060871144,474.57142857142856,84.42857142857143,7,529.2857142857143,8.2,8.821428571428573,-0.6214285714285737,7.909523809523809,0.2904761904761903,5.0,5,0.8583905664965776,-0.7239461798431254,0.7239461798431254,0.9997606518113288,1.125545842690432,1.0,0.0,2
S989,2022-10-24,7,7,22:40,06:40,2,3,1,-1,-1,-1,-1,-1,-1.0,-1.0,-1.0,-1,-1.0,-1.0,-1.0,2,4,10,0,15,2,3,2,3,2,1.0,1999.142857142857,72.56229970580817,410.5,82.0,6,464.6666666666667,7.116666666666666,7.7444444444444445,-0.6277777777777782,6.841666666666667,0.2749999999999994,6.0,6,1.4117717464589004,-0.4446737083047682,0.4446737083047682,0.9997606518113288,0.0819297430503026,1.0,0.0,2
S989,2022-10-29,6,58,00:05,07:43,2,3,1,-1,-1,-1,-1,-1,-1.0,-1.0,-1.0,-1,-1.0,-1.0,-1.0,1,-1,-1,0,20,2,2,2,3,2,1.0,2985.285714285714,76.7523145587394,419.57142857142856,81.57142857142857,7,469.57142857142856,6.966666666666667,7.826190476190476,-0.8595238095238091,6.992857142857143,-0.026190476190476,7.0,7+,1.1598032038049981,-0.7410945294028727,0.7410945294028727,0.9997606518113288,-0.4161468190886286,1.0,0.0,2
S989,2022-11-06,6,56,00:07,07:30,2,2,1,-1,-1,-1,-1,-1,-1.0,-1.0,-1.0,-1,-1.0,-1.0,-1.0,1,-1,-1,0,30,4,2,2,3,2,1.0,4717.428571428572,75.85978534779159,410.8333333333333,79.83333333333333,6,466.0,6.933333333333334,7.766666666666667,-0.833333333333333,6.847222222222222,0.0861111111111112,8.0,7+,1.1598032038049981,-0.7185127016371342,0.7185127016371342,0.9997606518113288,-0.4161468190886286,1.0,0.0,2
S989,2022-11-12,6,58,00:40,08:30,1,1,1,-1,-1,-1,-1,-1,-1.0,-1.0,-1.0,-1,-1.0,-1.0,-1.0,2,4,10,0,20,5,3,2,4,3,1.0,5536.857142857143,73.49462581200844,418.0,83.6,5,467.4,6.966666666666667,7.79,-0.8233333333333333,6.966666666666667,0.0,9.0,7+,1.1598032038049981,-0.7098905492174888,0.7098905492174888,0.9997606518113288,0.4252326611986808,1.0,0.0,2
S989,2022-11-21,6,36,00:33,08:01,1,2,1,-1,-1,-1,-1,-1,-1.0,-1.0,-1.0,-1,-1.0,-1.0,-1.0,1,-1,-1,0,15,3,3,2,2,3,1.0,3831.428571428572,77.22894081892962,407.3333333333333,77.66666666666667,6,463.8333333333333,6.6,7.730555555555555,-1.1305555555555555,6.788888888888889,-0.1888888888888891,10.0,7+,1.1598032038049981,-0.9747822318877125,0.9747822318877125,0.9997606518113288,0.4252326611986808,1.0,0.0,2
S989,2022-11-26,7,21,00:30,07:40,2,2,1,-1,-1,-1,-1,-1,-1.0,-1.0,-1.0,-1,-1.0,-1.0,-1.0,2,3,10,0,15,3,2,2,3,2,1.0,2920.714285714286,74.90807044473131,487.8,81.6,5,565.8,7.35,9.43,-2.08,8.13,-0.7800000000000011,11.0,7+,1.1598032038049981,-1.7934077032862878,1.7934077032862878,0.9997606518113288,-0.4161468190886286,1.0,0.0,2
S992,2022-09-17,5,0,02:30,20:00,1,1,2,골프,7,1,-1,0,,,,0,,,,1,-1,-1,1,0,1,1,2,2,4,0.5714285714285714,3789.75,99.8266942192724,323.0,70.5,2,376.0,5.0,6.266666666666667,-1.2666666666666666,5.383333333333334,-0.3833333333333337,1.0,1,1.4347680187122756,-0.8828372602028848,0.8828372602028848,0.1886057592840898,0.5835373475964352,0.9523809523809523,-0.38095238095238093,1
S992,2022-09-25,6,46,02:50,08:30,1,1,2,골프,4,1,-1,0,,,,0,,,,2,1,40,0,30,5,2,2,4,2,1.0,5332.142857142857,95.99891912011957,378.57142857142856,82.85714285714286,7,440.7142857142857,6.766666666666667,7.345238095238096,-0.5785714285714292,6.309523809523809,0.4571428571428573,2.0,2,1.040659178758492,-0.5559662955759116,0.5559662955759116,0.1886057592840898,0.3950080734386103,0.9523809523809523,0.04761904761904767,1
S992,2022-10-02,6,2,01:50,08:40,1,1,2,골프,2,1,-1,0,,,,0,,,,2,1,30,0,30,3,1,3,3,1,1.0,6863.285714285715,100.32545549752076,306.42857142857144,78.28571428571429,7,352.2857142857143,6.033333333333333,5.871428571428571,0.1619047619047622,5.107142857142858,0.9261904761904756,3.0,3,1.286670487394574,0.12583234284996234,0.12583234284996234,0.1886057592840898,-0.8033816701920719,0.9523809523809523,0.04761904761904767,1
S992,2022-10-08,7,11,02:00,08:30,1,1,2,골프,2,1,-1,0,,,,0,,,,1,-1,-1,1,30,3,1,4,4,4,1.0,4402.285714285715,95.1706344871832,366.2857142857143,80.57142857142857,7,429.4285714285714,7.183333333333334,7.157142857142857,0.0261904761904769,6.104761904761904,1.0785714285714292,4.0,4,0.8086538980157038,0.0323877449360521,0.0323877449360521,0.1886057592840898,-0.1304831790903107,0.9523809523809523,0.04761904761904767,1
S992,2022-10-15,6,51,02:15,08:23,2,1,2,골프,4,1,-1,0,,,,0,,,,1,-1,-1,0,25,5,1,4,4,4,1.0,5950.428571428572,92.90714165124643,338.7142857142857,82.28571428571429,7,395.2857142857143,6.85,6.588095238095238,0.2619047619047618,5.645238095238096,1.204761904761904,5.0,5,0.8583905664965776,0.3051114167921206,0.3051114167921206,0.1886057592840898,-0.1304831790903107,0.9523809523809523,0.04761904761904767,1
S992,2022-10-22,6,35,01:30,07:30,1,1,2,골프,2,1,-1,0,,,,0,,,,1,-1,-1,0,30,1,1,2,3,1,1.0,5410.428571428572,90.36117314951316,342.7142857142857,79.71428571428571,7,403.8571428571428,6.583333333333333,6.730952380952379,-0.1476190476190462,5.711904761904762,0.871428571428571,6.0,6,1.4117717464589004,-0.10456297060010877,0.10456297060010877,0.1886057592840898,-0.4463714068486989,0.9523809523809523,0.04761904761904767,1
S992,2022-10-30,6,18,02:25,07:57,1,1,2,골프,3,1,-1,0,,,,0,,,,1,-1,-1,0,30,2,1,2,2,2,1.0,6285.857142857143,93.16117070684888,387.1428571428572,81.85714285714286,7,450.8571428571428,6.3,7.514285714285713,-1.2142857142857135,6.452380952380953,-0.1523809523809536,7.0,7+,1.1598032038049981,-1.0469756509569668,1.0469756509569668,0.1886057592840898,-0.1030684887003209,0.9523809523809523,0.04761904761904767,1
S992,2022-11-06,6,23,02:21,19:22,1,1,1,-1,-1,-1,-1,-1,-1.0,-1.0,-1.0,-1,-1.0,-1.0,-1.0,1,-1,-1,0,30,4,2,2,3,1,1.0,6839.142857142857,97.40020053512296,358.5,77.66666666666667,6,423.3333333333333,6.383333333333334,7.055555555555555,-0.6722222222222216,5.975,0.4083333333333341,8.0,7+,1.1598032038049981,-0.579600245987288,0.579600245987288,0.1886057592840898,0.0517051552902323,0.9523809523809523,0.04761904761904767,1
S992,2022-11-13,6,50,01:00,07:01,1,1,1,-1,-1,-1,-1,-1,-1.0,-1.0,-1.0,-1,-1.0,-1.0,-1.0,1,-1,-1,0,50,6,1,2,4,4,1.0,10294.57142857143,102.11689934670704,332.1666666666667,78.16666666666667,6,389.6666666666667,6.833333333333333,6.4944444444444445,0.3388888888888886,5.536111111111111,1.2972222222222216,9.0,7+,1.1598032038049981,0.29219516533243445,0.29219516533243445,0.1886057592840898,0.5835373475964352,0.9523809523809523,0.04761904761904767,1
S993,2022-09-25,7,0,02:00,09:30,1,1,2,달리기,3,2,-1,0,,,,0,,,,1,-1,-1,3,0,3,1,4,2,1,1.0,16499.14285714286,93.05797405503908,343.8333333333333,67.33333333333333,6,404.5,7.0,6.741666666666666,0.2583333333333337,5.730555555555555,1.2694444444444448,2.0,2,1.040659178758492,0.24824009493821575,0.24824009493821575,-0.8430475799457132,-0.1287385943056417,0.9387755102040816,0.061224489795918435,1
S993,2022-10-01,5,0,03:00,10:30,1,1,2,달리기,3,2,-1,요가(또는 필라테스),1.0,1.0,0.0,0,,,,1,-1,-1,4,0,3,1,4,2,1,1.0,12860.42857142857,90.62214426151782,358.6666666666667,72.66666666666667,6,412.0,5.0,6.866666666666666,-1.8666666666666665,5.977777777777778,-0.977777777777778,3.0,3,1.286670487394574,-1.4507728940348572,1.4507728940348572,-0.8430475799457132,-0.1287385943056417,0.9387755102040816,0.061224489795918435,1
S993,2022-10-15,7,0,02:00,10:00,1,1,2,달리기,2,2,-1,0,,,,0,,,,1,-1,-1,2,0,3,1,4,4,4,1.0,12771.714285714286,86.55256714445125,407.1666666666667,78.66666666666667,6,471.8333333333333,7.0,7.863888888888889,-0.8638888888888889,6.786111111111111,0.2138888888888885,4.0,4,0.8086538980157038,-1.0683048594815683,1.0683048594815683,-0.8430475799457132,0.9011701601394924,0.9387755102040816,0.061224489795918435,1
S993,2022-10-26,8,0,02:00,10:00,1,1,1,-1,-1,-1,-1,-1,-1.0,-1.0,-1.0,-1,-1.0,-1.0,-1.0,1,-1,-1,1,0,3,1,4,2,1,1.0,15838.42857142857,90.38096509213229,348.5,73.33333333333333,6,402.3333333333333,8.0,6.705555555555555,1.2944444444444452,5.808333333333334,2.1916666666666664,5.0,5,0.8583905664965776,1.5079900629937852,1.5079900629937852,-0.8430475799457132,-0.1287385943056417,0.9387755102040816,0.061224489795918435,1
S993,2022-11-15,6,0,03:00,09:00,1,2,2,달리기,2,2,-1,0,,,,0,,,,1,-1,-1,3,0,3,1,4,1,1,0.8571428571428571,11534.333333333334,103.17825713738424,275.5,63.0,4,317.0,6.0,5.283333333333333,0.7166666666666668,4.591666666666667,1.4083333333333332,6.0,6,1.4117717464589004,0.5076363572682749,0.5076363572682749,-0.8430475799457132,-0.1287385943056417,0.9387755102040816,-0.08163265306122447,1
S993,2022-11-18,7,0,03:00,10:00,1,1,2,달리기,2,2,-1,0,,,,0,,,,1,-1,-1,3,0,3,1,4,1,1,0.8571428571428571,12791.833333333334,100.15757140843051,247.0,60.333333333333336,3,288.3333333333333,7.0,4.805555555555555,2.1944444444444446,4.116666666666666,2.8833333333333337,7.0,7+,1.1598032038049981,1.8920834476444544,1.8920834476444544,-0.8430475799457132,-0.1287385943056417,0.9387755102040816,-0.08163265306122447,1
S993,2022-11-19,7,0,02:30,09:30,1,1,2,달리기,3,2,-1,0,,,,0,,,,1,-1,-1,2,0,3,1,4,1,1,0.8571428571428571,14074.833333333334,96.39529974184852,297.0,67.0,3,342.6666666666667,7.0,5.711111111111111,1.2888888888888888,4.95,2.05,8.0,7+,1.1598032038049981,1.111299645198768,1.111299645198768,-0.8430475799457132,-0.1287385943056417,0.9387755102040816,-0.08163265306122447,1
S994,2022-09-25,6,30,02:30,09:20,1,1,2,헬스,5,1,-1,0,,,,0,,,,1,-1,-1,2,0,10,1,4,2,2,1.0,8763.714285714286,83.72931141745936,381.1428571428572,74.71428571428571,7,449.4285714285714,6.5,7.49047619047619,-0.9904761904761896,6.352380952380954,0.1476190476190462,2.0,2,1.040659178758492,-0.9517776911916822,0.9517776911916822,-0.6830066068497789,0.0545233507468019,1.0,0.0,1
S994,2022-10-03,6,50,02:40,09:25,1,1,2,헬스,5,1,-1,0,,,,0,,,,1,-1,-1,2,0,6,1,4,2,2,1.0,10513.142857142857,85.39621903472796,355.4,75.0,5,409.4,6.833333333333333,6.823333333333333,0.0099999999999997,5.923333333333333,0.91,3.0,3,1.286670487394574,0.007771997646615074,0.007771997646615074,-0.6830066068497789,0.0545233507468019,1.0,0.0,1
S994,2022-10-09,6,30,02:00,09:00,1,1,2,헬스,5,1,-1,0,,,,0,,,,1,-1,-1,1,30,20,1,4,2,1,1.0,9530.57142857143,83.66805429244326,376.6666666666667,72.5,6,440.0,6.5,7.333333333333333,-0.833333333333333,6.277777777777778,0.2222222222222223,4.0,4,0.8086538980157038,-1.030519157056175,1.030519157056175,-0.6830066068497789,-0.288779567401576,1.0,0.0,1
S994,2022-10-15,6,50,03:00,09:40,1,1,2,헬스,5,1,-1,0,,,,0,,,,1,-1,-1,2,0,38,1,4,2,2,1.0,9419.142857142857,78.42746150125727,380.2857142857143,74.42857142857143,7,447.57142857142856,6.833333333333333,7.45952380952381,-0.6261904761904766,6.338095238095238,0.4952380952380952,5.0,5,0.8583905664965776,-0.7294936601484345,0.7294936601484345,-0.6830066068497789,0.0545233507468019,1.0,0.0,1
S994,2022-10-23,6,50,03:40,09:12,1,1,2,헬스,4,1,-1,0,,,,0,,,,1,-1,-1,2,0,26,1,3,2,1,1.0,9569.57142857143,78.42892737559292,347.57142857142856,70.0,7,410.0,6.833333333333333,6.833333333333333,0.0,5.792857142857143,1.0404761904761903,6.0,6,1.4117717464589004,0.0,0.0,-0.6830066068497789,0.0682306959417968,1.0,0.0,1
S994,2022-10-31,7,26,03:30,10:24,1,1,2,헬스,4,1,-1,0,,,,0,,,,1,-1,-1,3,0,20,1,3,3,1,1.0,8474.857142857143,81.5001813527423,416.8571428571428,75.71428571428571,7,485.1428571428572,7.433333333333334,8.085714285714287,-0.6523809523809536,6.947619047619046,0.4857142857142875,7.0,7+,1.1598032038049981,-0.5624928007102149,0.5624928007102149,-0.6830066068497789,0.0682306959417968,1.0,0.0,1
S994,2022-11-05,8,1,04:04,23:04,1,1,2,헬스,4,1,-1,0,,,,0,,,,1,-1,-1,4,0,18,1,4,2,1,1.0,7322.857142857143,79.5654158085006,418.7142857142857,75.42857142857143,7,494.1428571428572,8.016666666666667,8.235714285714288,-0.21904761904762,6.978571428571429,1.0380952380952388,8.0,7+,1.1598032038049981,-0.18886619585890474,0.18886619585890474,-0.6830066068497789,-0.288779567401576,1.0,0.0,1
S994,2022-11-13,5,32,04:10,09:30,1,1,2,헬스,4,1,-1,0,,,,0,,,,1,-1,-1,3,0,22,2,3,2,1,1.0,9089.57142857143,82.12214348926513,308.2857142857143,68.71428571428571,7,361.7142857142857,5.533333333333333,6.0285714285714285,-0.4952380952380952,5.138095238095238,0.3952380952380956,9.0,7+,1.1598032038049981,-0.42700183411578274,0.42700183411578274,-0.6830066068497789,0.5663072580807282,1.0,0.0,1
