id,week,S,W,match_quality,Zs_t,Zw_t,R_t,absR_t,coverage_ratio,coverage_between,coverage_within,stress_between,stress_within,gender
1,1,3.0,72.5,2,-0.4326311367995593,0.6348324665535072,-1.0674636033530664,1.0674636033530664,0.2857142857142857,0.6071428571428571,-0.3214285714285714,2.25,-0.25,2
1,2,3.0,57.0,4,-0.33891719470228254,-1.0623996003084109,0.7234824056061283,0.7234824056061283,0.5714285714285714,0.6071428571428571,-0.0357142857142857,2.25,0.75,2
1,3,4.0,60.361111111666666,6,0.923741728296408,-0.7032179670790437,1.6269596953754517,1.6269596953754517,0.8571428571428571,0.6071428571428571,0.25,2.25,-0.25,2
1,4,3.0,60.3,5,-0.3286256444262825,-0.4119760866462054,0.08335044221992288,0.08335044221992288,0.7142857142857143,0.6071428571428571,0.1071428571428572,2.25,-0.25,2
2,1,4.0,80.0,4,1.0671568041055803,1.5121046543337604,-0.44494785022818006,0.44494785022818006,0.5714285714285714,0.5714285714285714,0.0,1.75,0.25,2
2,2,4.0,80.625,4,1.0167515841068475,2.022524435518491,-1.0057728514116433,1.0057728514116433,0.5714285714285714,0.5714285714285714,0.0,1.75,0.25,2
2,3,4.0,58.5,3,0.923741728296408,-0.9436212229226234,1.8673629512190315,1.8673629512190315,0.42857142857142855,0.5714285714285714,-0.14285714285714285,1.75,0.25,2
2,4,4.0,67.5,5,0.8919838920141957,0.2921538178949226,0.599830074119273,0.599830074119273,0.7142857142857143,0.5714285714285714,0.1428571428571429,1.75,-0.75,2
3,1,2.0,74.0,1,-1.9324190777046988,0.8102869041095578,-2.7427059818142565,2.7427059818142565,0.14285714285714285,0.42857142857142855,-0.2857142857142857,2.5,0.5,2
3,2,2.0,50.222222223333326,3,-1.6945859735114126,-1.9474336562970858,0.25284768278567316,0.25284768278567316,0.42857142857142855,0.42857142857142855,0.0,2.5,-0.5,2
3,3,1.0,55.8,5,-2.4919544298228677,-1.2923853492065143,-1.1995690806163535,1.1995690806163535,0.7142857142857143,0.42857142857142855,0.28571428571428575,2.5,0.5,2
3,4,3.0,52.0,3,-0.3286256444262825,-1.2236813932700052,0.8950557488437227,0.8950557488437227,0.42857142857142855,0.42857142857142855,0.0,2.5,-0.5,2
4,2,4.0,71.75,2,1.0167515841068475,0.8636376284089139,0.15311395569793362,0.15311395569793362,0.2857142857142857,0.6190476190476191,-0.33333333333333337,1.0,0.0,2
4,3,3.0,77.9,5,-0.21482365774335063,1.5623136103764423,-1.777137268119793,1.777137268119793,0.7142857142857143,0.6190476190476191,0.09523809523809523,1.0,0.0,2
4,4,3.0,72.66666666666667,6,-0.3286256444262825,0.7974322216165657,-1.1260578660428482,1.1260578660428482,0.8571428571428571,0.6190476190476191,0.23809523809523803,1.0,0.0,2
9,1,3.0,68.0,6,-0.4326311367995593,0.10846915388535532,-0.5411002906849146,0.5411002906849146,0.8571428571428571,0.8928571428571428,-0.0357142857142857,2.25,0.75,2
9,2,3.0,60.833333333333336,6,-0.33891719470228254,-0.561847552167185,0.22293035746490242,0.22293035746490242,0.8571428571428571,0.8928571428571428,-0.0357142857142857,2.25,-0.25,2
9,3,3.0,66.41666666666667,6,-0.21482365774335063,0.07898964118137711,-0.29381329892472774,0.29381329892472774,0.8571428571428571,0.8928571428571428,-0.0357142857142857,2.25,-0.25,2
9,4,3.0,57.04761904714286,7,-0.3286256444262825,-0.7300453491276885,0.401419704701406,0.401419704701406,1.0,0.8928571428571428,0.1071428571428572,2.25,-0.25,2
11,1,4.0,73.0,7,1.0671568041055803,0.6933172790721908,0.3738395250333896,0.3738395250333896,1.0,1.0,0.0,2.0,0.0,2
11,2,4.0,61.642857142857146,7,1.0167515841068475,-0.4561409084603422,1.4728924925671898,1.4728924925671898,1.0,1.0,0.0,2.0,0.0,2
11,3,4.0,66.52380952428571,7,0.923741728296408,0.09282948752399313,0.8309122407724149,0.8309122407724149,1.0,1.0,0.0,2.0,0.0,2
11,4,4.0,64.78571428571429,7,0.8919838920141957,0.026708020548069485,0.8652758714661262,0.8652758714661262,1.0,1.0,0.0,2.0,0.0,2
12,1,3.0,66.41666666666667,6,-0.4326311367995593,-0.07673275242380868,-0.3558983843757506,0.3558983843757506,0.8571428571428571,0.8571428571428571,0.0,2.0,0.0,2
12,2,4.0,61.0,5,1.0167515841068475,-0.5400844196393059,1.5568360037461533,1.5568360037461533,0.7142857142857143,0.8571428571428571,-0.1428571428571428,2.0,0.0,2
12,3,3.0,64.04761904714286,7,-0.21482365774335063,-0.22702473776238322,0.012201080019032584,0.012201080019032584,1.0,0.8571428571428571,0.1428571428571429,2.0,0.0,2
12,4,3.0,67.66666666666667,6,-0.3286256444262825,0.3084531212407825,-0.637078765667065,0.637078765667065,0.8571428571428571,0.8571428571428571,0.0,2.0,0.0,2
13,1,3.0,61.97619047571429,7,-0.4326311367995593,-0.5961335874668648,0.16350245066730557,0.16350245066730557,1.0,0.8928571428571428,0.1071428571428572,1.0,0.0,1
13,2,4.0,62.083333333333336,6,1.0167515841068475,-0.39862405820808966,1.4153756423149373,1.4153756423149373,0.8571428571428571,0.8928571428571428,-0.0357142857142857,1.0,0.0,1
13,3,4.0,70.41666666666667,6,0.923741728296408,0.5956772356760297,0.3280644926203783,0.3280644926203783,0.8571428571428571,0.8928571428571428,-0.0357142857142857,1.0,0.0,1
13,4,4.0,63.333333333333336,6,0.8919838920141957,-0.11532876575156313,1.0073126577657587,1.0073126577657587,0.8571428571428571,0.8928571428571428,-0.0357142857142857,1.0,0.0,1
14,1,4.0,68.36111111166666,6,1.0671568041055803,0.15070818521383125,0.9164486188917491,0.9164486188917491,0.8571428571428571,0.8928571428571428,-0.0357142857142857,1.5,-0.5,2
14,2,4.0,76.66666666666667,6,1.0167515841068475,1.5056500379813562,-0.4888984538745087,0.4888984538745087,0.8571428571428571,0.8928571428571428,-0.0357142857142857,1.5,-0.5,2
14,3,4.0,73.66666666666667,6,0.923741728296408,1.0154859062029349,-0.09174417790652689,0.09174417790652689,0.8571428571428571,0.8928571428571428,-0.0357142857142857,1.5,1.5,2
14,4,4.0,72.14285714285714,7,0.8919838920141957,0.7462058396724351,0.14577805234176056,0.14577805234176056,1.0,0.8928571428571428,0.1071428571428572,1.5,-0.5,2
16,1,4.0,78.58333333333333,6,1.0671568041055803,1.346397685530823,-0.2792408814252427,0.2792408814252427,0.8571428571428571,0.9285714285714286,-0.07142857142857151,2.0,0.0,2
16,2,4.0,72.14285714285714,7,1.0167515841068475,0.9149364407960576,0.10181514331078989,0.10181514331078989,1.0,0.9285714285714286,0.0714285714285714,2.0,0.0,2
16,3,4.0,77.71428571428571,7,0.923741728296408,1.538324543489189,-0.614582815192781,0.614582815192781,1.0,0.9285714285714286,0.0714285714285714,2.0,0.0,2
16,4,4.0,79.75,6,0.8919838920141957,1.4901526138155914,-0.5981687218013957,0.5981687218013957,0.8571428571428571,0.9285714285714286,-0.07142857142857151,2.0,0.0,2
18,1,2.0,59.611111111666666,6,-1.9324190777046988,-0.87277603386313,-1.059643043841569,1.059643043841569,0.8571428571428571,0.75,0.1071428571428571,3.25,-0.25,2
18,2,2.0,55.85714285714285,7,-1.6945859735114126,-1.2116325090710138,-0.48295346444039877,0.48295346444039877,1.0,0.75,0.25,3.25,-0.25,2
18,3,1.0,52.5,2,-2.4919544298228677,-1.7186526146646022,-0.7733018151582656,0.7733018151582656,0.2857142857142857,0.75,-0.4642857142857143,3.25,0.75,2
18,4,1.0,50.91666666666666,6,-2.769844717307239,-1.3296268650180925,-1.4402178522891464,1.4402178522891464,0.8571428571428571,0.75,0.1071428571428571,3.25,-0.25,2
19,1,4.0,75.66666666666667,6,1.0671568041055803,1.005236279171837,0.06192052493374334,0.06192052493374334,0.8571428571428571,0.9642857142857143,-0.1071428571428572,1.75,0.25,2
19,2,4.0,71.85714285714286,7,1.0167515841068475,0.8776282136054083,0.1391233705014392,0.1391233705014392,1.0,0.9642857142857143,0.0357142857142857,1.75,0.25,2
19,3,4.0,68.85714285714286,7,0.923741728296408,0.39423058425103114,0.5295111440453768,0.5295111440453768,1.0,0.9642857142857143,0.0357142857142857,1.75,-0.75,2
19,4,4.0,71.35714285714286,7,0.8919838920141957,0.6693662667562414,0.22261762525795425,0.22261762525795425,1.0,0.9642857142857143,0.0357142857142857,1.75,0.25,2
20,1,3.0,54.7,5,-0.4326311367995593,-1.4472268591116266,1.0145957223120674,1.0145957223120674,0.7142857142857143,0.75,-0.0357142857142857,3.25,-0.25,2
20,2,3.0,64.75,4,-0.33891719470228254,-0.05041393776201993,-0.28850325694026263,0.28850325694026263,0.5714285714285714,0.75,-0.1785714285714286,3.25,-0.25,2
20,3,3.0,73.77777777833333,6,-0.21482365774335063,1.0298383394551032,-1.2446619971984538,1.2446619971984538,0.8571428571428571,0.75,0.1071428571428571,3.25,0.75,2
20,4,3.0,67.55555555666666,6,-0.3286256444262825,0.2975869191188706,-0.6262125635451531,0.6262125635451531,0.8571428571428571,0.75,0.1071428571428571,3.25,-0.25,2
21,1,2.0,68.0,3,-1.9324190777046988,0.10846915388535532,-2.040888231590054,2.040888231590054,0.42857142857142855,0.6785714285714286,-0.25000000000000006,3.0,0.0,1
21,2,2.0,75.16666666666667,6,-1.6945859735114126,1.3097818452304417,-3.004367818741854,3.004367818741854,0.8571428571428571,0.6785714285714286,0.1785714285714285,3.0,0.0,1
21,3,2.0,64.3,5,-1.3533890437831093,-0.1944242109053775,-1.1589648328777318,1.1589648328777318,0.7142857142857143,0.6785714285714286,0.0357142857142857,3.0,0.0,1
21,4,2.0,66.2,5,-1.5492351808667606,0.16501925179721927,-1.71425443266398,1.71425443266398,0.7142857142857143,0.6785714285714286,0.0357142857142857,3.0,0.0,1
23,1,3.0,71.77777777833333,6,-0.4326311367995593,0.5503544040915027,-0.9829855408910619,0.9829855408910619,0.8571428571428571,0.9642857142857143,-0.1071428571428572,3.25,-0.25,2
23,2,3.0,62.46190476142857,7,-0.33891719470228254,-0.34919065724265874,0.0102734625403762,0.0102734625403762,1.0,0.9642857142857143,0.0357142857142857,3.25,-0.25,2
23,3,3.0,67.41666666714285,7,-0.21482365774335063,0.20816153986654898,-0.4229851976098996,0.4229851976098996,1.0,0.9642857142857143,0.0357142857142857,3.25,-0.25,2
23,4,3.0,59.14523809571429,7,-0.3286256444262825,-0.5249069740673756,0.19628132964109313,0.19628132964109313,1.0,0.9642857142857143,0.0357142857142857,3.25,0.75,2
24,1,3.0,56.285714285714285,7,-0.4326311367995593,-1.2617464536952308,0.8291153168956715,0.8291153168956715,1.0,0.9285714285714286,0.0714285714285714,3.0,0.0,2
24,2,3.0,56.611111111666666,6,-0.33891719470228254,-1.1131802428009192,0.7742630480986367,0.7742630480986367,0.8571428571428571,0.9285714285714286,-0.07142857142857151,3.0,0.0,2
24,3,3.0,58.75,6,-0.21482365774335063,-0.9113282482667077,0.696504590523357,0.696504590523357,0.8571428571428571,0.9285714285714286,-0.07142857142857151,3.0,0.0,2
24,4,3.0,57.95238095285714,7,-0.3286256444262825,-0.6415634165855989,0.3129377721593164,0.3129377721593164,1.0,0.9285714285714286,0.0714285714285714,3.0,0.0,2
25,1,4.0,89.0,1,1.0671568041055803,2.5648312796700643,-1.497674475564484,1.497674475564484,0.14285714285714285,0.39285714285714285,-0.25,2.25,0.75,1
25,2,4.0,72.0,2,1.0167515841068475,0.896282327200733,0.12046925690611454,0.12046925690611454,0.2857142857142857,0.39285714285714285,-0.10714285714285715,2.25,-0.25,1
25,3,4.0,62.7,5,0.923741728296408,-0.4010992487032378,1.3248409769996459,1.3248409769996459,0.7142857142857143,0.39285714285714285,0.32142857142857145,2.25,-0.25,1
25,4,4.0,72.5,3,0.8919838920141957,0.7811329182707057,0.11085097374348996,0.11085097374348996,0.42857142857142855,0.39285714285714285,0.0357142857142857,2.25,-0.25,1
26,1,3.0,67.16666666666667,6,-0.4326311367995593,0.010994466354216633,-0.4436256031537759,0.4436256031537759,0.8571428571428571,0.9285714285714286,-0.07142857142857151,1.5,0.5,2
26,2,3.0,69.58333333333333,6,-0.33891719470228254,0.5807169055464814,-0.9196341002487639,0.9196341002487639,0.8571428571428571,0.9285714285714286,-0.07142857142857151,1.5,-0.5,2
26,3,3.0,67.19047619,7,-0.21482365774335063,0.1789440864834147,-0.3937677442267653,0.3937677442267653,1.0,0.9285714285714286,0.0714285714285714,1.5,-0.5,2
26,4,3.0,60.85714285714285,7,-0.3286256444262825,-0.35748984403290457,0.028864199606622065,0.028864199606622065,1.0,0.9285714285714286,0.0714285714285714,1.5,0.5,2
29,1,3.0,66.0,6,-0.4326311367995593,-0.12547009618937885,-0.30716104061018046,0.30716104061018046,0.8571428571428571,0.8571428571428571,0.0,1.0,0.0,1
29,2,3.0,70.25,6,-0.33891719470228254,0.6677694356579995,-1.006686630360282,1.006686630360282,0.8571428571428571,0.8571428571428571,0.0,1.0,0.0,1
29,3,3.0,60.0,6,-0.21482365774335063,-0.7498633749871286,0.535039717243778,0.535039717243778,0.8571428571428571,0.8571428571428571,0.0,1.0,0.0,1
29,4,3.0,69.83333333333333,6,-0.3286256444262825,0.5203440647369543,-0.8489697091632368,0.8489697091632368,0.8571428571428571,0.8571428571428571,0.0,1.0,0.0,1
30,1,3.0,64.433333334,5,-0.4326311367995593,-0.3087225086699413,-0.123908628129618,0.123908628129618,0.7142857142857143,0.75,-0.0357142857142857,2.0,0.0,1
30,2,3.0,66.3,5,-0.33891719470228254,0.1519831947472579,-0.49090038944954045,0.49090038944954045,0.7142857142857143,0.75,-0.0357142857142857,2.0,0.0,1
30,3,3.0,60.0416666675,4,-0.21482365774335063,-0.7444812124368324,0.5296575546934817,0.5296575546934817,0.5714285714285714,0.75,-0.1785714285714286,2.0,0.0,1
30,4,3.0,56.0,7,-0.3286256444262825,-0.8324981129693786,0.5038724685430961,0.5038724685430961,1.0,0.75,0.25,2.0,0.0,1
34,1,3.0,67.5,4,-0.4326311367995593,0.04998434136667178,-0.48261547816623107,0.48261547816623107,0.5714285714285714,0.75,-0.1785714285714286,2.5,0.5,2
34,2,3.0,64.85714285714286,7,-0.33891719470228254,-0.03642335256552552,-0.302493842136757,0.302493842136757,1.0,0.75,0.25,2.5,0.5,2
34,3,2.0,61.1,5,-1.3533890437831093,-0.607774286501099,-0.7456147572820103,0.7456147572820103,0.7142857142857143,0.75,-0.0357142857142857,2.5,-0.5,2
34,4,4.0,56.6,5,0.8919838920141957,-0.7738206209242845,1.6658045129384802,1.6658045129384802,0.7142857142857143,0.75,-0.0357142857142857,2.5,-0.5,2
35,1,4.0,65.66666666666667,6,1.0671568041055803,-0.164459971201834,1.2316167753074143,1.2316167753074143,0.8571428571428571,0.9642857142857143,-0.1071428571428572,1.25,-0.25,2
35,2,4.0,57.42857142857143,7,1.0167515841068475,-1.0064372595224351,2.0231888436292826,2.0231888436292826,1.0,0.9642857142857143,0.0357142857142857,1.25,0.75,2
35,3,4.0,61.35714285714285,7,0.923741728296408,-0.5745586554264442,1.4983003837228521,1.4983003837228521,1.0,0.9642857142857143,0.0357142857142857,1.25,-0.25,2
35,4,4.0,62.85714285714285,7,0.8919838920141957,-0.16189820388259132,1.053882095896787,1.053882095896787,1.0,0.9642857142857143,0.0357142857142857,1.25,-0.25,2
36,1,4.0,59.5,5,1.0671568041055803,-0.885772658932265,1.9529294630378453,1.9529294630378453,0.7142857142857143,0.6785714285714286,0.0357142857142857,2.25,-0.25,1
36,2,4.0,64.91666666666667,6,1.0167515841068475,-0.028650805234139938,1.0454023893409874,1.0454023893409874,0.8571428571428571,0.6785714285714286,0.1785714285714285,2.25,0.75,1
36,3,4.0,64.83333333333333,3,0.923741728296408,-0.1255325316394241,1.049274259935832,1.049274259935832,0.42857142857142855,0.6785714285714286,-0.25000000000000006,2.25,-0.25,1
36,4,4.0,59.7,5,0.8919838920141957,-0.4706535786912988,1.3626374707054945,1.3626374707054945,0.7142857142857143,0.6785714285714286,0.0357142857142857,2.25,-0.25,1
40,1,3.0,66.2,5,-0.4326311367995593,-0.10207617118190511,-0.3305549656176542,0.3305549656176542,0.7142857142857143,0.75,-0.0357142857142857,2.75,-0.75,2
40,2,3.0,68.766666666,5,-0.33891719470228254,0.4740775560728213,-0.8129947507751039,0.8129947507751039,0.7142857142857143,0.75,-0.0357142857142857,2.75,0.25,2
40,3,3.0,64.38095238142857,7,-0.21482365774335063,-0.18396743809814164,-0.030856219645208988,0.030856219645208988,1.0,0.75,0.25,2.75,0.25,2
40,4,3.0,65.125,4,-0.3286256444262825,0.0598887452164256,-0.3885143896427081,0.3885143896427081,0.5714285714285714,0.75,-0.1785714285714286,2.75,0.25,2
41,1,4.0,71.92857142857143,7,1.0671568041055803,0.5679926808178691,0.4991641232877112,0.4991641232877112,1.0,0.8928571428571428,0.1071428571428572,1.75,-0.75,2
41,2,4.0,67.28571428571429,7,1.0167515841068475,0.2806965785550028,0.7360550055518447,0.7360550055518447,1.0,0.8928571428571428,0.1071428571428572,1.75,0.25,2
41,3,4.0,63.9,5,0.923741728296408,-0.2460929703548426,1.1698346986512507,1.1698346986512507,0.7142857142857143,0.8928571428571428,-0.1785714285714285,1.75,0.25,2
41,4,4.0,61.5,6,0.8919838920141957,-0.2946211025560172,1.1866049945702128,1.1866049945702128,0.8571428571428571,0.8928571428571428,-0.0357142857142857,1.75,0.25,2
44,1,3.0,74.78571428571429,7,-0.4326311367995593,0.9021916094960613,-1.3348227462956206,1.3348227462956206,1.0,1.0,0.0,3.0,0.0,2
44,2,3.0,71.42857142857143,7,-0.33891719470228254,0.8216658728194325,-1.160583067521715,1.160583067521715,1.0,1.0,0.0,3.0,0.0,2
44,3,3.0,70.26190476142857,7,-0.21482365774335063,0.5756863465418084,-0.790510004285159,0.790510004285159,1.0,1.0,0.0,3.0,0.0,2
44,4,3.0,71.92857142857143,7,-0.3286256444262825,0.7252495925134735,-1.053875236939756,1.053875236939756,1.0,1.0,0.0,3.0,0.0,2
45,1,4.0,63.083333333333336,6,1.0671568041055803,-0.46663150254836594,1.5337883066539462,1.5337883066539462,0.8571428571428571,0.5,0.3571428571428571,2.0,0.0,2
45,2,3.0,61.375,4,-0.33891719470228254,-0.4911173714515773,0.15220017674929476,0.15220017674929476,0.5714285714285714,0.5,0.0714285714285714,2.0,0.0,2
45,3,3.0,67.25,2,-0.21482365774335063,0.18663289003442912,-0.4014565477777797,0.4014565477777797,0.2857142857142857,0.5,-0.2142857142857143,2.0,0.0,2
45,4,3.0,69.5,2,-0.3286256444262825,0.48774545804523584,-0.8163711024715183,0.8163711024715183,0.2857142857142857,0.5,-0.2142857142857143,2.0,0.0,2
49,1,3.0,78.71428571428571,7,-0.4326311367995593,1.3617151364285733,-1.7943462732281326,1.7943462732281326,1.0,0.8214285714285714,0.1785714285714286,3.0,0.0,1
49,2,3.0,70.75,6,-0.33891719470228254,0.7330588332416377,-1.0719760279439203,1.0719760279439203,0.8571428571428571,0.8214285714285714,0.0357142857142857,3.0,0.0,1
49,3,2.0,65.7,5,-1.3533890437831093,-0.013583552832248385,-1.339805490950861,1.339805490950861,0.7142857142857143,0.8214285714285714,-0.1071428571428571,3.0,0.0,1
49,4,3.0,76.5,5,-0.3286256444262825,1.1723161985713322,-1.5009418429976147,1.5009418429976147,0.7142857142857143,0.8214285714285714,-0.1071428571428571,3.0,0.0,1
52,1,4.0,62.41666666666666,6,1.0671568041055803,-0.5446112525732787,1.611768056678859,1.611768056678859,0.8571428571428571,0.7142857142857143,0.1428571428571428,2.25,-0.25,1
52,2,3.0,64.6,5,-0.33891719470228254,-0.07000075703711212,-0.2689164376651704,0.2689164376651704,0.7142857142857143,0.7142857142857143,0.0,2.25,0.75,1
52,3,3.0,63.75,4,-0.21482365774335063,-0.2654687551483919,0.05064509740504128,0.05064509740504128,0.5714285714285714,0.7142857142857143,-0.1428571428571429,2.25,-0.25,1
55,1,4.0,72.1,5,1.0671568041055803,0.5880446165385598,0.47911218756702056,0.47911218756702056,0.7142857142857143,0.9285714285714286,-0.2142857142857143,1.75,0.25,2
55,2,3.0,67.54761904714286,7,-0.33891719470228254,0.3148957867509181,-0.6538129814532007,0.6538129814532007,1.0,0.9285714285714286,0.0714285714285714,1.75,-0.75,2
55,3,3.0,71.14285714285714,7,-0.21482365774335063,0.6894806382479745,-0.9043042959913251,0.9043042959913251,1.0,0.9285714285714286,0.0714285714285714,1.75,0.25,2
55,4,4.0,63.71428571428572,7,0.8919838920141957,-0.07807321524674099,0.9700571072609367,0.9700571072609367,1.0,0.9285714285714286,0.0714285714285714,1.75,0.25,2
56,1,3.0,74.46666666600001,5,-0.4326311367995593,0.8648727290490171,-1.2975038658485765,1.2975038658485765,0.7142857142857143,0.4642857142857143,0.25,2.25,-0.25,1
56,2,3.0,70.9,5,-0.33891719470228254,0.7526456525167298,-1.0915628472190124,1.0915628472190124,0.7142857142857143,0.4642857142857143,0.25,2.25,-0.25,1
56,3,3.0,72.75,2,-0.21482365774335063,0.8970783324645765,-1.111901990207927,1.111901990207927,0.2857142857142857,0.4642857142857143,-0.1785714285714286,2.25,-0.25,1
56,4,4.0,64.0,1,0.8919838920141957,-0.0501315523681256,0.9421154443823213,0.9421154443823213,0.14285714285714285,0.4642857142857143,-0.32142857142857145,2.25,0.75,1
58,1,4.0,70.6,5,1.0671568041055803,0.4125901789825091,0.6545666251230713,0.6545666251230713,0.7142857142857143,0.7857142857142857,-0.0714285714285714,2.25,-0.25,2
58,2,3.0,73.23809523714286,7,-0.33891719470228254,1.0579513115691905,-1.3968685062714732,1.3968685062714732,1.0,0.7857142857142857,0.2142857142857143,2.25,0.75,2
58,3,4.0,71.375,4,0.923741728296408,0.7194669718570396,0.20427475643936843,0.20427475643936843,0.5714285714285714,0.7857142857142857,-0.2142857142857143,2.25,-0.25,2
58,4,3.0,71.41666666666667,6,-0.3286256444262825,0.6751874465226199,-1.0038130909489023,1.0038130909489023,0.8571428571428571,0.7857142857142857,0.0714285714285714,2.25,-0.25,2
59,1,3.0,67.33333333333333,6,-0.4326311367995593,0.03048940386044337,-0.46312054066000263,0.46312054066000263,0.8571428571428571,0.7142857142857143,0.1428571428571428,1.5,-0.5,1
59,2,4.0,68.6,5,1.0167515841068475,0.4523144236319929,0.5644371604748546,0.5644371604748546,0.7142857142857143,0.7142857142857143,0.0,1.5,-0.5,1
59,3,4.0,76.08333333333333,6,0.923741728296408,1.3276513278767863,-0.4039095995803783,0.4039095995803783,0.8571428571428571,0.7142857142857143,0.1428571428571428,1.5,0.5,1
59,4,4.0,83.16666666666667,3,0.8919838920141957,1.8242883324057102,-0.9323044403915145,0.9323044403915145,0.42857142857142855,0.7142857142857143,-0.28571428571428575,1.5,0.5,1
61,1,3.0,66.566666666,5,-0.4326311367995593,-0.059187308746183546,-0.3734438280533757,0.3734438280533757,0.7142857142857143,0.9285714285714286,-0.2142857142857143,1.75,0.25,2
61,2,2.0,68.47619047571429,7,-1.6945859735114126,0.43614752512053206,-2.130733498631945,2.130733498631945,1.0,0.9285714285714286,0.0714285714285714,1.75,0.25,2
61,3,2.0,67.54761904714286,7,-1.3533890437831093,0.2250769074204378,-1.578465951203547,1.578465951203547,1.0,0.9285714285714286,0.0714285714285714,1.75,0.25,2
61,4,3.0,69.28571428571429,7,-0.3286256444262825,0.46678921088627434,-0.7954148553125568,0.7954148553125568,1.0,0.9285714285714286,0.0714285714285714,1.75,-0.75,2
62,1,3.0,65.07142857142857,7,-0.4326311367995593,-0.2340847480097914,-0.19854638878976788,0.19854638878976788,1.0,0.8571428571428571,0.1428571428571429,2.0,0.0,2
62,2,2.0,61.66666666666666,6,-1.6945859735114126,-0.45303188952778967,-1.241554083983623,1.241554083983623,0.8571428571428571,0.8571428571428571,0.0,2.0,0.0,2
62,3,2.0,59.2,5,-1.3533890437831093,-0.8532008938860588,-0.5001881498970505,0.5001881498970505,0.7142857142857143,0.8571428571428571,-0.1428571428571428,2.0,0.0,2
62,4,3.0,62.52777777833333,6,-0.3286256444262825,-0.19410873186888655,-0.13451691255739595,0.13451691255739595,0.8571428571428571,0.8571428571428571,0.0,2.0,0.0,2
66,1,2.0,64.5,4,-1.9324190777046988,-0.3009245337454295,-1.6314945439592692,1.6314945439592692,0.5714285714285714,0.7857142857142857,-0.2142857142857143,2.75,0.25,1
66,2,3.0,69.33333333333333,6,-0.33891719470228254,0.5480722067546623,-0.8869894014569448,0.8869894014569448,0.8571428571428571,0.7857142857142857,0.0714285714285714,2.75,0.25,1
66,3,3.0,66.5,5,-0.21482365774335063,0.08975396606668176,-0.3045776238100324,0.3045776238100324,0.7142857142857143,0.7857142857142857,-0.0714285714285714,2.75,0.25,1
66,4,3.0,75.64285714285714,7,-0.3286256444262825,1.0884912099354833,-1.4171168543617658,1.4171168543617658,1.0,0.7857142857142857,0.2142857142857143,2.75,-0.75,1
67,1,3.0,64.0,4,-0.4326311367995593,-0.359409346264113,-0.07322179053544625,0.07322179053544625,0.5714285714285714,0.7857142857142857,-0.2142857142857143,3.0,0.0,2
67,2,3.0,64.0,4,-0.33891719470228254,-0.14834803413747713,-0.1905691605648054,0.1905691605648054,0.5714285714285714,0.7857142857142857,-0.2142857142857143,3.0,0.0,2
67,3,2.0,58.142857142857146,7,-1.3533890437831093,-0.9897540438596456,-0.3636349999234637,0.3636349999234637,1.0,0.7857142857142857,0.2142857142857143,3.0,0.0,2
67,4,1.0,60.21428571428572,7,-2.769844717307239,-0.4203585855097892,-2.3494861317974496,2.3494861317974496,1.0,0.7857142857142857,0.2142857142857143,3.0,0.0,2
69,1,3.0,73.66666666666667,6,-0.4326311367995593,0.7712970290971027,-1.203928165896662,1.203928165896662,0.8571428571428571,0.9642857142857143,-0.1071428571428572,1.75,0.25,2
69,2,3.0,64.90476190428572,7,-0.33891719470228254,-0.030205314762597198,-0.30871187993968535,0.30871187993968535,1.0,0.9642857142857143,0.0357142857142857,1.75,0.25,2
69,3,3.0,60.57142857142857,7,-0.21482365774335063,-0.6760508614878928,0.4612272037445422,0.4612272037445422,1.0,0.9642857142857143,0.0357142857142857,1.75,-0.75,2
69,4,3.0,64.83333333285715,7,-0.3286256444262825,0.03136496431460297,-0.35999060874088545,0.35999060874088545,1.0,0.9642857142857143,0.0357142857142857,1.75,0.25,2
71,1,3.0,71.66666666666667,6,-0.4326311367995593,0.5373577790223686,-0.9699889158219279,0.9699889158219279,0.8571428571428571,0.8928571428571428,-0.0357142857142857,2.75,-0.75,1
71,2,2.0,77.08333333333333,6,-1.6945859735114126,1.5600578693010534,-3.2546438428124658,3.2546438428124658,0.8571428571428571,0.8928571428571428,-0.0357142857142857,2.75,0.25,1
71,3,3.0,78.58333333333333,6,-0.21482365774335063,1.6505810744359442,-1.8654047321792948,1.8654047321792948,0.8571428571428571,0.8928571428571428,-0.0357142857142857,2.75,0.25,1
71,4,1.0,68.92857142857143,7,-2.769844717307239,0.4318621322880037,-3.2017068495952428,3.2017068495952428,1.0,0.8928571428571428,0.1071428571428572,2.75,0.25,1
72,1,4.0,56.25,4,1.0671568041055803,-1.265923940303708,2.3330807444092883,2.3330807444092883,0.5714285714285714,0.8214285714285714,-0.25,1.5,0.5,1
72,2,4.0,49.35714285714285,7,1.0167515841068475,-2.0603946776583095,3.077146261765157,3.077146261765157,1.0,0.8214285714285714,0.1785714285714286,1.5,-0.5,1
72,3,4.0,61.0,6,0.923741728296408,-0.6206914763634656,1.5444332046598737,1.5444332046598737,0.8571428571428571,0.8214285714285714,0.0357142857142857,1.5,-0.5,1
72,4,4.0,64.25,6,0.8919838920141957,-0.02568259734933645,0.9176664893635321,0.9176664893635321,0.8571428571428571,0.8214285714285714,0.0357142857142857,1.5,0.5,1
73,1,5.0,68.125,4,2.5669447450107197,0.1230903570150262,2.4438543879956933,2.4438543879956933,0.5714285714285714,0.75,-0.1785714285714286,1.5,0.5,1
73,2,5.0,58.805555555000005,6,2.3724203629159777,-0.8266323313289274,3.199052694244905,3.199052694244905,0.8571428571428571,0.75,0.1071428571428571,1.5,-0.5,1
73,3,5.0,67.666666666,5,2.0623071143361664,0.24045451437484053,1.821852599961326,1.821852599961326,0.7142857142857143,0.75,-0.0357142857142857,1.5,-0.5,1
73,4,4.0,64.83333333333333,6,0.8919838920141957,0.03136496436117112,0.8606189276530246,0.8606189276530246,0.8571428571428571,0.75,0.1071428571428571,1.5,0.5,1
74,1,3.0,66.80555555666666,6,-0.4326311367995593,-0.03124456477931198,-0.4013865720202473,0.4013865720202473,0.8571428571428571,0.8214285714285714,0.0357142857142857,2.5,-0.5,1
74,2,3.0,59.4,5,-0.33891719470228254,-0.7490104919069481,0.4100932972046656,0.4100932972046656,0.7142857142857143,0.8214285714285714,-0.1071428571428571,2.5,0.5,1
74,3,3.0,73.08333333333333,6,-0.21482365774335063,0.9401356320057969,-1.1549592897491474,1.1549592897491474,0.8571428571428571,0.8214285714285714,0.0357142857142857,2.5,0.5,1
74,4,3.0,69.83333333333333,6,-0.3286256444262825,0.5203440647369543,-0.8489697091632368,0.8489697091632368,0.8571428571428571,0.8214285714285714,0.0357142857142857,2.5,-0.5,1
78,1,4.0,68.5,2,1.0671568041055803,0.16695396640403887,0.9002028377015414,0.9002028377015414,0.2857142857142857,0.5714285714285714,-0.2857142857142857,1.75,0.25,1
78,2,3.0,55.111111111666666,6,-0.33891719470228254,-1.3090484355518335,0.9701312408495509,0.9701312408495509,0.8571428571428571,0.5714285714285714,0.2857142857142857,1.75,0.25,1
78,3,4.0,67.875,4,0.923741728296408,0.2673653266742186,0.6563764016221894,0.6563764016221894,0.5714285714285714,0.5714285714285714,0.0,1.75,0.25,1
78,4,4.0,66.75,4,0.8919838920141957,0.2188069528385551,0.6731769391756406,0.6731769391756406,0.5714285714285714,0.5714285714285714,0.0,1.75,-0.75,1
79,1,4.0,71.41666666666667,6,1.0671568041055803,0.5081153727630268,0.5590414313425536,0.5590414313425536,0.8571428571428571,0.75,0.1071428571428571,2.0,0.0,2
79,2,4.0,73.07142857142857,7,1.0167515841068475,1.0361881791656715,-0.019436595058824002,0.019436595058824002,1.0,0.75,0.25,2.0,0.0,2
79,3,5.0,77.0,7,2.0623071143361664,1.4460589016151448,0.6162482127210216,0.6162482127210216,1.0,0.75,0.25,2.0,0.0,2
79,4,5.0,29.0,1,2.112593428454674,-3.4729852549986076,5.5855786834532815,5.5855786834532815,0.14285714285714285,0.75,-0.6071428571428572,2.0,0.0,2
82,1,2.0,50.46428571428572,7,-1.9324190777046988,-1.9426767708770452,0.010257693172346372,0.010257693172346372,1.0,0.9285714285714286,0.0714285714285714,3.0,0.0,1
82,2,3.0,63.33333333285714,7,-0.33891719470228254,-0.23540056431117576,-0.10351663039110678,0.10351663039110678,1.0,0.9285714285714286,0.0714285714285714,3.0,0.0,1
82,3,2.0,67.69047619,7,-1.3533890437831093,0.2435300357952463,-1.5969190795783557,1.5969190795783557,1.0,0.9285714285714286,0.0714285714285714,3.0,0.0,1
82,4,3.0,76.0,5,-0.3286256444262825,1.123418288533754,-1.4520439329600365,1.4520439329600365,0.7142857142857143,0.9285714285714286,-0.2142857142857143,3.0,0.0,1
84,1,4.0,72.26190476142857,7,1.0671568041055803,0.6069825557746243,0.460174248330956,0.460174248330956,1.0,1.0,0.0,1.5,0.5,2
84,2,5.0,80.64285714285714,7,2.3724203629159777,2.024856199717906,0.3475641631980717,0.3475641631980717,1.0,1.0,0.0,1.5,-0.5,2
84,3,4.0,76.02380952428572,7,0.923741728296408,1.319962524448795,-0.3962207961523869,0.3962207961523869,1.0,1.0,0.0,1.5,0.5,2
84,4,4.0,69.71428571428571,7,0.8919838920141957,0.5087017052041974,0.38328218680999826,0.38328218680999826,1.0,1.0,0.0,1.5,-0.5,2
89,1,3.0,59.79761904714286,7,-0.4326311367995593,-0.8509602705839862,0.4183291337844269,0.4183291337844269,1.0,0.9642857142857143,0.0357142857142857,2.75,-0.75,1
89,2,2.0,60.0,7,-1.6945859735114126,-0.6706632148065822,-1.0239227587048303,1.0239227587048303,1.0,0.9642857142857143,0.0357142857142857,2.75,0.25,1
89,3,2.0,53.04761904714286,7,-1.3533890437831093,-1.6479156226226779,0.29452657883956856,0.29452657883956856,1.0,0.9642857142857143,0.0357142857142857,2.75,0.25,1
89,4,2.0,51.66666666666666,6,-1.5492351808667606,-1.256279999961725,-0.2929551809050357,0.2929551809050357,0.8571428571428571,0.9642857142857143,-0.1071428571428572,2.75,0.25,1
90,1,3.0,69.07142857142857,7,-0.4326311367995593,0.23379375213967696,-0.6664248889392362,0.6664248889392362,1.0,0.9642857142857143,0.0357142857142857,2.0,0.0,1
90,2,3.0,71.16666666666667,6,-0.33891719470228254,0.7874666645613367,-1.1263838592636193,1.1263838592636193,0.8571428571428571,0.9642857142857143,-0.1071428571428572,2.0,0.0,1
90,3,3.0,67.78571428571429,7,-0.21482365774335063,0.25583212143996376,-0.47065577918331436,0.47065577918331436,1.0,0.9642857142857143,0.0357142857142857,2.0,0.0,1
90,4,3.0,75.0,7,-0.3286256444262825,1.0256224684585973,-1.3542481128848798,1.3542481128848798,1.0,0.9642857142857143,0.0357142857142857,2.0,0.0,1
92,1,3.0,37.0,1,-0.4326311367995593,-3.5175892222730245,3.084958085473465,3.084958085473465,0.14285714285714285,0.14285714285714285,0.0,2.0,0.0,2
92,3,3.0,43.0,1,-0.21482365774335063,-2.9457856515894023,2.730961993846052,2.730961993846052,0.14285714285714285,0.14285714285714285,0.0,2.0,0.0,2
92,4,3.0,31.0,1,-0.3286256444262825,-3.2773936148482945,2.948767970422012,2.948767970422012,0.14285714285714285,0.14285714285714285,0.0,2.0,0.0,2
93,1,3.0,64.5,2,-0.4326311367995593,-0.3009245337454295,-0.1317066030541298,0.1317066030541298,0.2857142857142857,0.25,0.0357142857142857,2.25,-0.25,1
93,2,3.0,55.0,2,-0.33891719470228254,-1.3235571906429635,0.984639995940681,0.984639995940681,0.2857142857142857,0.25,0.0357142857142857,2.25,0.75,1
93,3,3.0,59.0,2,-0.21482365774335063,-0.8790352736107918,0.6642116158674412,0.6642116158674412,0.2857142857142857,0.25,0.0357142857142857,2.25,-0.25,1
93,4,3.0,74.0,1,-0.3286256444262825,0.9278266483834406,-1.256452292809723,1.256452292809723,0.14285714285714285,0.25,-0.10714285714285715,2.25,-0.25,1
94,1,4.0,61.55555555666666,3,1.0671568041055803,-0.6453350962254892,1.7124919003310697,1.7124919003310697,0.42857142857142855,0.6428571428571428,-0.21428571428571425,1.5,0.5,1
94,2,4.0,61.642857142857146,7,1.0167515841068475,-0.4561409084603422,1.4728924925671898,1.4728924925671898,1.0,0.6428571428571428,0.3571428571428572,1.5,-0.5,1
94,3,4.0,78.33333333333333,3,0.923741728296408,1.6182880997800284,-0.6945463714836204,0.6945463714836204,0.42857142857142855,0.6428571428571428,-0.21428571428571425,1.5,-0.5,1
94,4,4.0,60.8,5,0.8919838920141957,-0.3630781766086271,1.2550620686228229,1.2550620686228229,0.7142857142857143,0.6428571428571428,0.07142857142857151,1.5,0.5,1
100,1,3.0,77.78571428571429,7,-0.4326311367995593,1.2531004846081626,-1.6857316214077218,1.6857316214077218,1.0,0.9642857142857143,0.0357142857142857,1.0,0.0,2
100,2,3.0,56.583333333333336,6,-0.33891719470228254,-1.1168074316281091,0.7778902369258266,0.7778902369258266,0.8571428571428571,0.9642857142857143,-0.1071428571428572,1.0,0.0,2
100,3,4.0,75.85714285714286,7,0.923741728296408,1.298433874616673,-0.37469214632026504,0.37469214632026504,1.0,0.9642857142857143,0.0357142857142857,1.0,0.0,2
100,4,4.0,75.85714285714286,7,0.8919838920141957,1.1094474570944461,-0.21746356508025044,0.21746356508025044,1.0,0.9642857142857143,0.0357142857142857,1.0,0.0,2
