id,week,S,W,D,indicator,SD_jt,D_star_t,absD_star_t
1,1,5.0,3.0,2.0,걷기빈도,2.1432978071644824,0.9331414390079272,0.9331414390079272
1,2,5.0,4.0,1.0,걷기빈도,2.0055478608655095,0.4986168714859003,0.4986168714859003
1,3,4.0,1.0,3.0,걷기빈도,1.9800350301291947,1.5151247095887257,1.5151247095887257
1,4,3.0,2.0,1.0,걷기빈도,1.8546510830155196,0.5391849761703301,0.5391849761703301
2,1,4.0,7.0,-3.0,걷기빈도,2.1432978071644824,-1.3997121585118908,1.3997121585118908
2,2,3.0,1.0,2.0,걷기빈도,2.0055478608655095,0.9972337429718006,0.9972337429718006
2,3,4.0,4.0,0.0,걷기빈도,1.9800350301291947,0.0,0.0
2,4,7.0,3.0,4.0,걷기빈도,1.8546510830155196,2.1567399046813205,2.1567399046813205
3,1,5.0,3.0,2.0,걷기빈도,2.1432978071644824,0.9331414390079272,0.9331414390079272
3,2,3.0,4.0,-1.0,걷기빈도,2.0055478608655095,-0.4986168714859003,0.4986168714859003
3,3,3.0,3.0,0.0,걷기빈도,1.9800350301291947,0.0,0.0
3,4,3.0,3.0,0.0,걷기빈도,1.8546510830155196,0.0,0.0
4,2,7.0,5.0,2.0,걷기빈도,2.0055478608655095,0.9972337429718006,0.9972337429718006
4,3,7.0,7.0,0.0,걷기빈도,1.9800350301291947,0.0,0.0
4,4,7.0,5.0,2.0,걷기빈도,1.8546510830155196,1.0783699523406602,1.0783699523406602
6,1,7.0,7.0,0.0,걷기빈도,2.1432978071644824,0.0,0.0
6,2,7.0,5.0,2.0,걷기빈도,2.0055478608655095,0.9972337429718006,0.9972337429718006
6,3,7.0,7.0,0.0,걷기빈도,1.9800350301291947,0.0,0.0
6,4,7.0,5.0,2.0,걷기빈도,1.8546510830155196,1.0783699523406602,1.0783699523406602
9,1,7.0,4.0,3.0,걷기빈도,2.1432978071644824,1.3997121585118908,1.3997121585118908
9,2,7.0,5.0,2.0,걷기빈도,2.0055478608655095,0.9972337429718006,0.9972337429718006
9,3,6.0,5.0,1.0,걷기빈도,1.9800350301291947,0.5050415698629086,0.5050415698629086
9,4,7.0,4.0,3.0,걷기빈도,1.8546510830155196,1.6175549285109905,1.6175549285109905
11,1,7.0,0.0,7.0,걷기빈도,2.1432978071644824,3.2659950365277455,3.2659950365277455
11,2,4.0,3.0,1.0,걷기빈도,2.0055478608655095,0.4986168714859003,0.4986168714859003
11,3,4.0,1.0,3.0,걷기빈도,1.9800350301291947,1.5151247095887257,1.5151247095887257
11,4,5.0,2.0,3.0,걷기빈도,1.8546510830155196,1.6175549285109905,1.6175549285109905
12,1,4.0,3.0,1.0,걷기빈도,2.1432978071644824,0.4665707195039636,0.4665707195039636
12,2,7.0,2.0,5.0,걷기빈도,2.0055478608655095,2.4930843574295016,2.4930843574295016
12,3,5.0,3.0,2.0,걷기빈도,1.9800350301291947,1.0100831397258172,1.0100831397258172
12,4,4.0,5.0,-1.0,걷기빈도,1.8546510830155196,-0.5391849761703301,0.5391849761703301
13,1,5.0,7.0,-2.0,걷기빈도,2.1432978071644824,-0.9331414390079272,0.9331414390079272
13,2,7.0,4.0,3.0,걷기빈도,2.0055478608655095,1.4958506144577008,1.4958506144577008
13,3,7.0,5.0,2.0,걷기빈도,1.9800350301291947,1.0100831397258172,1.0100831397258172
13,4,5.0,7.0,-2.0,걷기빈도,1.8546510830155196,-1.0783699523406602,1.0783699523406602
14,1,7.0,7.0,0.0,걷기빈도,2.1432978071644824,0.0,0.0
14,2,7.0,6.0,1.0,걷기빈도,2.0055478608655095,0.4986168714859003,0.4986168714859003
14,3,7.0,5.0,2.0,걷기빈도,1.9800350301291947,1.0100831397258172,1.0100831397258172
14,4,7.0,7.0,0.0,걷기빈도,1.8546510830155196,0.0,0.0
16,1,5.0,4.0,1.0,걷기빈도,2.1432978071644824,0.4665707195039636,0.4665707195039636
16,2,5.0,3.0,2.0,걷기빈도,2.0055478608655095,0.9972337429718006,0.9972337429718006
16,3,5.0,4.0,1.0,걷기빈도,1.9800350301291947,0.5050415698629086,0.5050415698629086
16,4,6.0,6.0,0.0,걷기빈도,1.8546510830155196,0.0,0.0
19,1,7.0,5.0,2.0,걷기빈도,2.1432978071644824,0.9331414390079272,0.9331414390079272
19,2,7.0,7.0,0.0,걷기빈도,2.0055478608655095,0.0,0.0
19,3,7.0,6.0,1.0,걷기빈도,1.9800350301291947,0.5050415698629086,0.5050415698629086
19,4,7.0,4.0,3.0,걷기빈도,1.8546510830155196,1.6175549285109905,1.6175549285109905
20,1,4.0,1.0,3.0,걷기빈도,2.1432978071644824,1.3997121585118908,1.3997121585118908
20,2,5.0,1.0,4.0,걷기빈도,2.0055478608655095,1.9944674859436011,1.9944674859436011
20,3,4.0,0.0,4.0,걷기빈도,1.9800350301291947,2.0201662794516344,2.0201662794516344
20,4,4.0,1.0,3.0,걷기빈도,1.8546510830155196,1.6175549285109905,1.6175549285109905
21,1,1.0,2.0,-1.0,걷기빈도,2.1432978071644824,-0.4665707195039636,0.4665707195039636
21,2,0.0,1.0,-1.0,걷기빈도,2.0055478608655095,-0.4986168714859003,0.4986168714859003
21,3,1.0,3.0,-2.0,걷기빈도,1.9800350301291947,-1.0100831397258172,1.0100831397258172
21,4,1.0,2.0,-1.0,걷기빈도,1.8546510830155196,-0.5391849761703301,0.5391849761703301
23,1,7.0,6.0,1.0,걷기빈도,2.1432978071644824,0.4665707195039636,0.4665707195039636
23,2,7.0,6.0,1.0,걷기빈도,2.0055478608655095,0.4986168714859003,0.4986168714859003
23,3,7.0,6.0,1.0,걷기빈도,1.9800350301291947,0.5050415698629086,0.5050415698629086
23,4,7.0,6.0,1.0,걷기빈도,1.8546510830155196,0.5391849761703301,0.5391849761703301
24,1,7.0,4.0,3.0,걷기빈도,2.1432978071644824,1.3997121585118908,1.3997121585118908
24,2,6.0,1.0,5.0,걷기빈도,2.0055478608655095,2.4930843574295016,2.4930843574295016
24,3,7.0,1.0,6.0,걷기빈도,1.9800350301291947,3.0302494191774514,3.0302494191774514
24,4,6.0,3.0,3.0,걷기빈도,1.8546510830155196,1.6175549285109905,1.6175549285109905
25,1,7.0,4.0,3.0,걷기빈도,2.1432978071644824,1.3997121585118908,1.3997121585118908
25,2,5.0,5.0,0.0,걷기빈도,2.0055478608655095,0.0,0.0
25,3,6.0,4.0,2.0,걷기빈도,1.9800350301291947,1.0100831397258172,1.0100831397258172
25,4,7.0,3.0,4.0,걷기빈도,1.8546510830155196,2.1567399046813205,2.1567399046813205
26,1,7.0,5.0,2.0,걷기빈도,2.1432978071644824,0.9331414390079272,0.9331414390079272
26,2,7.0,4.0,3.0,걷기빈도,2.0055478608655095,1.4958506144577008,1.4958506144577008
26,3,4.0,6.0,-2.0,걷기빈도,1.9800350301291947,-1.0100831397258172,1.0100831397258172
26,4,6.0,6.0,0.0,걷기빈도,1.8546510830155196,0.0,0.0
28,1,5.0,3.0,2.0,걷기빈도,2.1432978071644824,0.9331414390079272,0.9331414390079272
28,2,6.0,0.0,6.0,걷기빈도,2.0055478608655095,2.9917012289154017,2.9917012289154017
28,3,5.0,1.0,4.0,걷기빈도,1.9800350301291947,2.0201662794516344,2.0201662794516344
28,4,5.0,0.0,5.0,걷기빈도,1.8546510830155196,2.695924880851651,2.695924880851651
29,1,7.0,0.0,7.0,걷기빈도,2.1432978071644824,3.2659950365277455,3.2659950365277455
29,2,7.0,3.0,4.0,걷기빈도,2.0055478608655095,1.9944674859436011,1.9944674859436011
29,3,4.0,3.0,1.0,걷기빈도,1.9800350301291947,0.5050415698629086,0.5050415698629086
29,4,5.0,3.0,2.0,걷기빈도,1.8546510830155196,1.0783699523406602,1.0783699523406602
30,1,6.0,4.0,2.0,걷기빈도,2.1432978071644824,0.9331414390079272,0.9331414390079272
30,2,7.0,5.0,2.0,걷기빈도,2.0055478608655095,0.9972337429718006,0.9972337429718006
30,3,7.0,4.0,3.0,걷기빈도,1.9800350301291947,1.5151247095887257,1.5151247095887257
30,4,7.0,3.0,4.0,걷기빈도,1.8546510830155196,2.1567399046813205,2.1567399046813205
34,1,3.0,3.0,0.0,걷기빈도,2.1432978071644824,0.0,0.0
34,2,4.0,5.0,-1.0,걷기빈도,2.0055478608655095,-0.4986168714859003,0.4986168714859003
34,3,4.0,6.0,-2.0,걷기빈도,1.9800350301291947,-1.0100831397258172,1.0100831397258172
34,4,5.0,5.0,0.0,걷기빈도,1.8546510830155196,0.0,0.0
35,1,3.0,3.0,0.0,걷기빈도,2.1432978071644824,0.0,0.0
35,2,3.0,5.0,-2.0,걷기빈도,2.0055478608655095,-0.9972337429718006,0.9972337429718006
35,3,3.0,2.0,1.0,걷기빈도,1.9800350301291947,0.5050415698629086,0.5050415698629086
35,4,3.0,3.0,0.0,걷기빈도,1.8546510830155196,0.0,0.0
36,1,6.0,1.0,5.0,걷기빈도,2.1432978071644824,2.332853597519818,2.332853597519818
36,2,5.0,4.0,1.0,걷기빈도,2.0055478608655095,0.4986168714859003,0.4986168714859003
36,3,7.0,3.0,4.0,걷기빈도,1.9800350301291947,2.0201662794516344,2.0201662794516344
36,4,6.0,2.0,4.0,걷기빈도,1.8546510830155196,2.1567399046813205,2.1567399046813205
40,1,6.0,3.0,3.0,걷기빈도,2.1432978071644824,1.3997121585118908,1.3997121585118908
40,2,4.0,3.0,1.0,걷기빈도,2.0055478608655095,0.4986168714859003,0.4986168714859003
40,3,5.0,6.0,-1.0,걷기빈도,1.9800350301291947,-0.5050415698629086,0.5050415698629086
40,4,7.0,4.0,3.0,걷기빈도,1.8546510830155196,1.6175549285109905,1.6175549285109905
41,1,7.0,3.0,4.0,걷기빈도,2.1432978071644824,1.8662828780158545,1.8662828780158545
41,2,7.0,2.0,5.0,걷기빈도,2.0055478608655095,2.4930843574295016,2.4930843574295016
41,3,7.0,2.0,5.0,걷기빈도,1.9800350301291947,2.525207849314543,2.525207849314543
41,4,7.0,3.0,4.0,걷기빈도,1.8546510830155196,2.1567399046813205,2.1567399046813205
44,1,0.0,2.0,-2.0,걷기빈도,2.1432978071644824,-0.9331414390079272,0.9331414390079272
44,2,6.0,6.0,0.0,걷기빈도,2.0055478608655095,0.0,0.0
44,3,7.0,7.0,0.0,걷기빈도,1.9800350301291947,0.0,0.0
44,4,7.0,4.0,3.0,걷기빈도,1.8546510830155196,1.6175549285109905,1.6175549285109905
45,1,4.0,2.0,2.0,걷기빈도,2.1432978071644824,0.9331414390079272,0.9331414390079272
45,2,4.0,5.0,-1.0,걷기빈도,2.0055478608655095,-0.4986168714859003,0.4986168714859003
45,3,6.0,6.0,0.0,걷기빈도,1.9800350301291947,0.0,0.0
45,4,7.0,6.0,1.0,걷기빈도,1.8546510830155196,0.5391849761703301,0.5391849761703301
49,1,3.0,1.0,2.0,걷기빈도,2.1432978071644824,0.9331414390079272,0.9331414390079272
49,2,2.0,0.0,2.0,걷기빈도,2.0055478608655095,0.9972337429718006,0.9972337429718006
49,3,5.0,1.0,4.0,걷기빈도,1.9800350301291947,2.0201662794516344,2.0201662794516344
49,4,7.0,0.0,7.0,걷기빈도,1.8546510830155196,3.7742948331923114,3.7742948331923114
52,1,0.0,2.0,-2.0,걷기빈도,2.1432978071644824,-0.9331414390079272,0.9331414390079272
52,2,4.0,4.0,0.0,걷기빈도,2.0055478608655095,0.0,0.0
52,3,7.0,3.0,4.0,걷기빈도,1.9800350301291947,2.0201662794516344,2.0201662794516344
52,4,5.0,3.0,2.0,걷기빈도,1.8546510830155196,1.0783699523406602,1.0783699523406602
55,2,3.0,3.0,0.0,걷기빈도,2.0055478608655095,0.0,0.0
55,3,3.0,0.0,3.0,걷기빈도,1.9800350301291947,1.5151247095887257,1.5151247095887257
55,4,3.0,0.0,3.0,걷기빈도,1.8546510830155196,1.6175549285109905,1.6175549285109905
56,1,5.0,6.0,-1.0,걷기빈도,2.1432978071644824,-0.4665707195039636,0.4665707195039636
56,2,5.0,3.0,2.0,걷기빈도,2.0055478608655095,0.9972337429718006,0.9972337429718006
56,3,2.0,0.0,2.0,걷기빈도,1.9800350301291947,1.0100831397258172,1.0100831397258172
56,4,4.0,1.0,3.0,걷기빈도,1.8546510830155196,1.6175549285109905,1.6175549285109905
58,1,7.0,4.0,3.0,걷기빈도,2.1432978071644824,1.3997121585118908,1.3997121585118908
58,2,5.0,4.0,1.0,걷기빈도,2.0055478608655095,0.4986168714859003,0.4986168714859003
58,3,4.0,4.0,0.0,걷기빈도,1.9800350301291947,0.0,0.0
58,4,7.0,7.0,0.0,걷기빈도,1.8546510830155196,0.0,0.0
59,1,7.0,7.0,0.0,걷기빈도,2.1432978071644824,0.0,0.0
59,2,5.0,7.0,-2.0,걷기빈도,2.0055478608655095,-0.9972337429718006,0.9972337429718006
59,3,7.0,7.0,0.0,걷기빈도,1.9800350301291947,0.0,0.0
59,4,6.0,4.0,2.0,걷기빈도,1.8546510830155196,1.0783699523406602,1.0783699523406602
61,1,7.0,3.0,4.0,걷기빈도,2.1432978071644824,1.8662828780158545,1.8662828780158545
61,2,7.0,3.0,4.0,걷기빈도,2.0055478608655095,1.9944674859436011,1.9944674859436011
61,3,7.0,5.0,2.0,걷기빈도,1.9800350301291947,1.0100831397258172,1.0100831397258172
61,4,7.0,5.0,2.0,걷기빈도,1.8546510830155196,1.0783699523406602,1.0783699523406602
62,1,7.0,4.0,3.0,걷기빈도,2.1432978071644824,1.3997121585118908,1.3997121585118908
62,2,7.0,1.0,6.0,걷기빈도,2.0055478608655095,2.9917012289154017,2.9917012289154017
62,3,7.0,1.0,6.0,걷기빈도,1.9800350301291947,3.0302494191774514,3.0302494191774514
62,4,7.0,5.0,2.0,걷기빈도,1.8546510830155196,1.0783699523406602,1.0783699523406602
66,1,4.0,5.0,-1.0,걷기빈도,2.1432978071644824,-0.4665707195039636,0.4665707195039636
66,2,4.0,2.0,2.0,걷기빈도,2.0055478608655095,0.9972337429718006,0.9972337429718006
66,3,5.0,5.0,0.0,걷기빈도,1.9800350301291947,0.0,0.0
66,4,7.0,4.0,3.0,걷기빈도,1.8546510830155196,1.6175549285109905,1.6175549285109905
67,1,7.0,3.0,4.0,걷기빈도,2.1432978071644824,1.8662828780158545,1.8662828780158545
67,2,4.0,3.0,1.0,걷기빈도,2.0055478608655095,0.4986168714859003,0.4986168714859003
67,3,7.0,2.0,5.0,걷기빈도,1.9800350301291947,2.525207849314543,2.525207849314543
67,4,7.0,2.0,5.0,걷기빈도,1.8546510830155196,2.695924880851651,2.695924880851651
69,1,7.0,5.0,2.0,걷기빈도,2.1432978071644824,0.9331414390079272,0.9331414390079272
69,2,7.0,7.0,0.0,걷기빈도,2.0055478608655095,0.0,0.0
69,3,7.0,5.0,2.0,걷기빈도,1.9800350301291947,1.0100831397258172,1.0100831397258172
69,4,7.0,6.0,1.0,걷기빈도,1.8546510830155196,0.5391849761703301,0.5391849761703301
71,1,7.0,6.0,1.0,걷기빈도,2.1432978071644824,0.4665707195039636,0.4665707195039636
71,2,7.0,6.0,1.0,걷기빈도,2.0055478608655095,0.4986168714859003,0.4986168714859003
71,3,7.0,6.0,1.0,걷기빈도,1.9800350301291947,0.5050415698629086,0.5050415698629086
71,4,7.0,6.0,1.0,걷기빈도,1.8546510830155196,0.5391849761703301,0.5391849761703301
72,1,5.0,3.0,2.0,걷기빈도,2.1432978071644824,0.9331414390079272,0.9331414390079272
72,2,3.0,1.0,2.0,걷기빈도,2.0055478608655095,0.9972337429718006,0.9972337429718006
72,3,3.0,0.0,3.0,걷기빈도,1.9800350301291947,1.5151247095887257,1.5151247095887257
72,4,6.0,6.0,0.0,걷기빈도,1.8546510830155196,0.0,0.0
73,1,7.0,6.0,1.0,걷기빈도,2.1432978071644824,0.4665707195039636,0.4665707195039636
73,2,5.0,2.0,3.0,걷기빈도,2.0055478608655095,1.4958506144577008,1.4958506144577008
73,3,7.0,6.0,1.0,걷기빈도,1.9800350301291947,0.5050415698629086,0.5050415698629086
73,4,7.0,6.0,1.0,걷기빈도,1.8546510830155196,0.5391849761703301,0.5391849761703301
74,1,7.0,6.0,1.0,걷기빈도,2.1432978071644824,0.4665707195039636,0.4665707195039636
74,2,7.0,7.0,0.0,걷기빈도,2.0055478608655095,0.0,0.0
74,3,6.0,5.0,1.0,걷기빈도,1.9800350301291947,0.5050415698629086,0.5050415698629086
74,4,7.0,7.0,0.0,걷기빈도,1.8546510830155196,0.0,0.0
78,2,7.0,5.0,2.0,걷기빈도,2.0055478608655095,0.9972337429718006,0.9972337429718006
78,3,7.0,5.0,2.0,걷기빈도,1.9800350301291947,1.0100831397258172,1.0100831397258172
78,4,7.0,4.0,3.0,걷기빈도,1.8546510830155196,1.6175549285109905,1.6175549285109905
79,1,4.0,0.0,4.0,걷기빈도,2.1432978071644824,1.8662828780158545,1.8662828780158545
79,2,1.0,0.0,1.0,걷기빈도,2.0055478608655095,0.4986168714859003,0.4986168714859003
79,3,2.0,1.0,1.0,걷기빈도,1.9800350301291947,0.5050415698629086,0.5050415698629086
79,4,4.0,4.0,0.0,걷기빈도,1.8546510830155196,0.0,0.0
80,1,3.0,3.0,0.0,걷기빈도,2.1432978071644824,0.0,0.0
80,2,7.0,3.0,4.0,걷기빈도,2.0055478608655095,1.9944674859436011,1.9944674859436011
80,3,4.0,3.0,1.0,걷기빈도,1.9800350301291947,0.5050415698629086,0.5050415698629086
80,4,3.0,3.0,0.0,걷기빈도,1.8546510830155196,0.0,0.0
82,1,7.0,7.0,0.0,걷기빈도,2.1432978071644824,0.0,0.0
82,2,5.0,7.0,-2.0,걷기빈도,2.0055478608655095,-0.9972337429718006,0.9972337429718006
82,3,3.0,7.0,-4.0,걷기빈도,1.9800350301291947,-2.0201662794516344,2.0201662794516344
82,4,4.0,6.0,-2.0,걷기빈도,1.8546510830155196,-1.0783699523406602,1.0783699523406602
84,1,7.0,7.0,0.0,걷기빈도,2.1432978071644824,0.0,0.0
84,2,6.0,6.0,0.0,걷기빈도,2.0055478608655095,0.0,0.0
84,3,7.0,6.0,1.0,걷기빈도,1.9800350301291947,0.5050415698629086,0.5050415698629086
84,4,7.0,5.0,2.0,걷기빈도,1.8546510830155196,1.0783699523406602,1.0783699523406602
89,1,7.0,3.0,4.0,걷기빈도,2.1432978071644824,1.8662828780158545,1.8662828780158545
89,2,5.0,6.0,-1.0,걷기빈도,2.0055478608655095,-0.4986168714859003,0.4986168714859003
89,3,7.0,7.0,0.0,걷기빈도,1.9800350301291947,0.0,0.0
89,4,6.0,7.0,-1.0,걷기빈도,1.8546510830155196,-0.5391849761703301,0.5391849761703301
90,1,4.0,0.0,4.0,걷기빈도,2.1432978071644824,1.8662828780158545,1.8662828780158545
90,2,6.0,3.0,3.0,걷기빈도,2.0055478608655095,1.4958506144577008,1.4958506144577008
90,3,7.0,5.0,2.0,걷기빈도,1.9800350301291947,1.0100831397258172,1.0100831397258172
90,4,7.0,5.0,2.0,걷기빈도,1.8546510830155196,1.0783699523406602,1.0783699523406602
92,1,4.0,1.0,3.0,걷기빈도,2.1432978071644824,1.3997121585118908,1.3997121585118908
92,2,4.0,3.0,1.0,걷기빈도,2.0055478608655095,0.4986168714859003,0.4986168714859003
92,3,6.0,4.0,2.0,걷기빈도,1.9800350301291947,1.0100831397258172,1.0100831397258172
92,4,5.0,2.0,3.0,걷기빈도,1.8546510830155196,1.6175549285109905,1.6175549285109905
93,1,7.0,3.0,4.0,걷기빈도,2.1432978071644824,1.8662828780158545,1.8662828780158545
93,2,5.0,5.0,0.0,걷기빈도,2.0055478608655095,0.0,0.0
93,3,5.0,5.0,0.0,걷기빈도,1.9800350301291947,0.0,0.0
93,4,6.0,5.0,1.0,걷기빈도,1.8546510830155196,0.5391849761703301,0.5391849761703301
94,1,7.0,5.0,2.0,걷기빈도,2.1432978071644824,0.9331414390079272,0.9331414390079272
94,2,7.0,6.0,1.0,걷기빈도,2.0055478608655095,0.4986168714859003,0.4986168714859003
94,3,7.0,6.0,1.0,걷기빈도,1.9800350301291947,0.5050415698629086,0.5050415698629086
94,4,7.0,6.0,1.0,걷기빈도,1.8546510830155196,0.5391849761703301,0.5391849761703301
98,2,0.0,2.0,-2.0,걷기빈도,2.0055478608655095,-0.9972337429718006,0.9972337429718006
98,3,2.0,1.0,1.0,걷기빈도,1.9800350301291947,0.5050415698629086,0.5050415698629086
98,4,5.0,4.0,1.0,걷기빈도,1.8546510830155196,0.5391849761703301,0.5391849761703301
100,1,6.0,4.0,2.0,걷기빈도,2.1432978071644824,0.9331414390079272,0.9331414390079272
100,2,7.0,6.0,1.0,걷기빈도,2.0055478608655095,0.4986168714859003,0.4986168714859003
100,3,5.0,4.0,1.0,걷기빈도,1.9800350301291947,0.5050415698629086,0.5050415698629086
100,4,4.0,4.0,0.0,걷기빈도,1.8546510830155196,0.0,0.0
1,1,30.0,24.666666666666668,5.333333333333332,걷기시간,49.0446663592968,0.10874441053919734,0.10874441053919734
1,2,60.0,18.25,41.75,걷기시간,50.56403720342193,0.8256856514846199,0.8256856514846199
1,3,30.0,26.0,4.0,걷기시간,47.09101007960586,0.08494190278012995,0.08494190278012995
1,4,60.0,20.5,39.5,걷기시간,36.07379996445243,1.094977519388692,1.094977519388692
2,1,40.0,24.714285714285715,15.285714285714285,걷기시간,49.0446663592968,0.3116692480632353,0.3116692480632353
2,2,40.0,27.0,13.0,걷기시간,50.56403720342193,0.2570997238155703,0.2570997238155703
2,3,80.0,64.0,16.0,걷기시간,47.09101007960586,0.3397676111205198,0.3397676111205198
2,4,60.0,50.66666666666666,9.333333333333343,걷기시간,36.07379996445243,0.2587288653407882,0.2587288653407882
3,1,40.0,41.66666666666666,-1.6666666666666572,걷기시간,49.0446663592968,-0.03398262829349898,0.03398262829349898
3,2,30.0,28.75,1.25,걷기시간,50.56403720342193,0.02472112728995868,0.02472112728995868
3,3,39.0,27.0,12.0,걷기시간,47.09101007960586,0.2548257083403898,0.2548257083403898
3,4,20.0,26.0,-6.0,걷기시간,36.07379996445243,-0.16632569914764941,0.16632569914764941
4,2,130.0,64.0,66.0,걷기시간,50.56403720342193,1.3052755209098184,1.3052755209098184
4,3,210.0,113.0,97.0,걷기시간,47.09101007960586,2.059841142418151,2.059841142418151
4,4,150.0,97.8,52.2,걷기시간,36.07379996445243,1.44703358258455,1.44703358258455
6,1,70.0,169.85714285714286,-99.85714285714286,걷기시간,49.0446663592968,-2.0360449008990793,2.0360449008990793
6,2,90.0,38.4,51.6,걷기시간,50.56403720342193,1.0204881345294945,1.0204881345294945
6,3,60.0,31.285714285714285,28.714285714285715,걷기시간,47.09101007960586,0.6097615163859328,0.6097615163859328
6,4,50.0,41.0,9.0,걷기시간,36.07379996445243,0.2494885487214741,0.2494885487214741
9,1,30.0,23.75,6.25,걷기시간,49.0446663592968,0.1274348561006219,0.1274348561006219
9,2,60.0,35.8,24.200000000000003,걷기시간,50.56403720342193,0.47860102433360013,0.47860102433360013
9,3,30.0,22.2,7.800000000000001,걷기시간,47.09101007960586,0.1656367104212534,0.1656367104212534
9,4,60.0,14.5,45.5,걷기시간,36.07379996445243,1.2613032185363413,1.2613032185363413
11,2,60.0,54.333333333333336,5.666666666666664,걷기시간,50.56403720342193,0.11206911038114598,0.11206911038114598
11,3,30.0,15.0,15.0,걷기시간,47.09101007960586,0.3185321354254873,0.3185321354254873
11,4,30.0,12.0,18.0,걷기시간,36.07379996445243,0.4989770974429482,0.4989770974429482
12,1,20.0,29.0,-9.0,걷기시간,49.0446663592968,-0.18350619278489555,0.18350619278489555
12,2,20.0,40.0,-20.0,걷기시간,50.56403720342193,-0.3955380366393389,0.3955380366393389
12,3,20.0,40.333333333333336,-20.333333333333336,걷기시간,47.09101007960586,-0.4317880057989939,0.4317880057989939
12,4,20.0,29.0,-9.0,걷기시간,36.07379996445243,-0.2494885487214741,0.2494885487214741
13,1,20.0,50.57142857142857,-30.57142857142857,걷기시간,49.0446663592968,-0.6233384961264706,0.6233384961264706
13,2,40.0,39.5,0.5,걷기시간,50.56403720342193,0.009888450915983473,0.009888450915983473
13,3,30.0,51.6,-21.6,걷기시간,47.09101007960586,-0.4586862750127017,0.4586862750127017
13,4,40.0,35.285714285714285,4.714285714285715,걷기시간,36.07379996445243,0.13068447790172455,0.13068447790172455
14,1,60.0,50.85714285714285,9.142857142857153,걷기시간,49.0446663592968,0.18641898949576713,0.18641898949576713
14,2,60.0,39.333333333333336,20.666666666666664,걷기시간,50.56403720342193,0.40872263786065016,0.40872263786065016
14,3,60.0,36.0,24.0,걷기시간,47.09101007960586,0.5096514166807796,0.5096514166807796
14,4,60.0,57.71428571428572,2.2857142857142776,걷기시간,36.07379996445243,0.06336217110386622,0.06336217110386622
16,1,60.0,40.25,19.75,걷기시간,49.0446663592968,0.40269414527796527,0.40269414527796527
16,2,40.0,132.0,-92.0,걷기시간,50.56403720342193,-1.819474968540959,1.819474968540959
16,3,60.0,133.25,-73.25,걷기시간,47.09101007960586,-1.5554985946611295,1.5554985946611295
16,4,30.0,98.66666666666669,-68.66666666666669,걷기시간,36.07379996445243,-1.9035052235786547,1.9035052235786547
19,1,17.0,28.4,-11.399999999999999,걷기시간,49.0446663592968,-0.23244117752753435,0.23244117752753435
19,2,35.0,31.714285714285715,3.2857142857142847,걷기시간,50.56403720342193,0.0649812488764628,0.0649812488764628
19,3,45.0,39.333333333333336,5.666666666666664,걷기시간,47.09101007960586,0.1203343622718507,0.1203343622718507
19,4,15.0,24.0,-9.0,걷기시간,36.07379996445243,-0.2494885487214741,0.2494885487214741
20,1,20.0,26.0,-6.0,걷기시간,49.0446663592968,-0.12233746185659704,0.12233746185659704
20,2,20.0,26.0,-6.0,걷기시간,50.56403720342193,-0.11866141099180168,0.11866141099180168
20,4,30.0,20.0,10.0,걷기시간,36.07379996445243,0.2772094985794157,0.2772094985794157
21,1,10.0,11.0,-1.0,걷기시간,49.0446663592968,-0.020389576976099506,0.020389576976099506
21,2,0.0,11.0,-11.0,걷기시간,50.56403720342193,-0.2175459201516364,0.2175459201516364
21,3,10.0,169.0,-159.0,걷기시간,47.09101007960586,-3.376440635510165,3.376440635510165
21,4,10.0,13.0,-3.0,걷기시간,36.07379996445243,-0.08316284957382471,0.08316284957382471
23,1,20.0,27.5,-7.5,걷기시간,49.0446663592968,-0.1529218273207463,0.1529218273207463
23,2,20.0,25.166666666666668,-5.166666666666668,걷기시간,50.56403720342193,-0.10218065946516257,0.10218065946516257
23,3,20.0,25.5,-5.5,걷기시간,47.09101007960586,-0.11679511632267867,0.11679511632267867
23,4,20.0,23.33333333333333,-3.3333333333333286,걷기시간,36.07379996445243,-0.09240316619313843,0.09240316619313843
24,1,300.0,28.0,272.0,걷기시간,49.0446663592968,5.545964937499066,5.545964937499066
24,2,300.0,13.0,287.0,걷기시간,50.56403720342193,5.675970825774513,5.675970825774513
24,3,180.0,14.0,166.0,걷기시간,47.09101007960586,3.5250889653753927,3.5250889653753927
24,4,180.0,18.33333333333333,161.66666666666669,걷기시간,36.07379996445243,4.481553560367221,4.481553560367221
25,1,90.0,66.75,23.25,걷기시간,49.0446663592968,0.47405766469431354,0.47405766469431354
25,2,60.0,27.4,32.6,걷기시간,50.56403720342193,0.6447269997221224,0.6447269997221224
25,3,60.0,44.0,16.0,걷기시간,47.09101007960586,0.3397676111205198,0.3397676111205198
25,4,60.0,39.66666666666666,20.333333333333343,걷기시간,36.07379996445243,0.5636593137781455,0.5636593137781455
26,1,60.0,50.8,9.200000000000003,걷기시간,49.0446663592968,0.1875841081801155,0.1875841081801155
26,2,50.0,49.0,1.0,걷기시간,50.56403720342193,0.019776901831966946,0.019776901831966946
26,3,30.0,47.16666666666666,-17.166666666666657,걷기시간,47.09101007960586,-0.36454233276472414,0.36454233276472414
26,4,60.0,47.66666666666666,12.333333333333343,걷기시간,36.07379996445243,0.3418917149146129,0.3418917149146129
29,2,60.0,23.666666666666668,36.33333333333333,걷기시간,50.56403720342193,0.7185607665614656,0.7185607665614656
29,3,30.0,23.0,7.0,걷기시간,47.09101007960586,0.14864832986522739,0.14864832986522739
29,4,50.0,31.666666666666668,18.333333333333332,걷기시간,36.07379996445243,0.5082174140622621,0.5082174140622621
30,1,50.0,25.25,24.75,걷기시간,49.0446663592968,0.5046420301584628,0.5046420301584628
30,2,40.0,19.0,21.0,걷기시간,50.56403720342193,0.41531493847130585,0.41531493847130585
30,3,20.0,48.0,-28.0,걷기시간,47.09101007960586,-0.5945933194609095,0.5945933194609095
30,4,50.0,39.0,11.0,걷기시간,36.07379996445243,0.3049304484373572,0.3049304484373572
34,1,60.0,43.0,17.0,걷기시간,49.0446663592968,0.3466228085936916,0.3466228085936916
34,2,60.0,29.8,30.2,걷기시간,50.56403720342193,0.5972624353254017,0.5972624353254017
34,3,60.0,30.33333333333333,29.66666666666667,걷기시간,47.09101007960586,0.6299857789526305,0.6299857789526305
34,4,60.0,33.2,26.799999999999997,걷기시간,36.07379996445243,0.7429214561928339,0.7429214561928339
35,1,30.0,43.66666666666666,-13.666666666666657,걷기시간,49.0446663592968,-0.27865755200669307,0.27865755200669307
35,2,35.0,40.0,-5.0,걷기시간,50.56403720342193,-0.09888450915983472,0.09888450915983472
35,3,30.0,35.0,-5.0,걷기시간,47.09101007960586,-0.10617737847516243,0.10617737847516243
35,4,30.0,64.0,-34.0,걷기시간,36.07379996445243,-0.9425122951700132,0.9425122951700132
36,1,30.0,17.0,13.0,걷기시간,49.0446663592968,0.2650645006892936,0.2650645006892936
36,2,15.0,22.5,-7.5,걷기시간,50.56403720342193,-0.1483267637397521,0.1483267637397521
36,3,30.0,22.666666666666668,7.333333333333332,걷기시간,47.09101007960586,0.15572682176357153,0.15572682176357153
36,4,30.0,14.0,16.0,걷기시간,36.07379996445243,0.44353519772706507,0.44353519772706507
40,1,60.0,26.0,34.0,걷기시간,49.0446663592968,0.6932456171873832,0.6932456171873832
40,2,30.0,24.0,6.0,걷기시간,50.56403720342193,0.11866141099180168,0.11866141099180168
40,3,60.0,37.5,22.5,걷기시간,47.09101007960586,0.4777982031382309,0.4777982031382309
40,4,60.0,21.25,38.75,걷기시간,36.07379996445243,1.0741868069952358,1.0741868069952358
41,1,10.0,41.0,-31.0,걷기시간,49.0446663592968,-0.6320768862590846,0.6320768862590846
41,2,30.0,33.5,-3.5,걷기시간,50.56403720342193,-0.06921915641188431,0.06921915641188431
41,3,30.0,12.5,17.5,걷기시간,47.09101007960586,0.3716208246630685,0.3716208246630685
41,4,20.0,23.666666666666668,-3.666666666666668,걷기시간,36.07379996445243,-0.10164348281245245,0.10164348281245245
44,1,60.0,32.5,27.5,걷기시간,49.0446663592968,0.5607133668427364,0.5607133668427364
44,2,180.0,40.5,139.5,걷기시간,50.56403720342193,2.758877805559389,2.758877805559389
44,3,180.0,33.142857142857146,146.85714285714286,걷기시간,47.09101007960586,3.118581287784771,3.118581287784771
44,4,90.0,32.75,57.25,걷기시간,36.07379996445243,1.5870243793671548,1.5870243793671548
45,1,20.0,78.5,-58.5,걷기시간,49.0446663592968,-1.192790253101821,1.192790253101821
45,2,30.0,43.2,-13.200000000000003,걷기시간,50.56403720342193,-0.26105510418196376,0.26105510418196376
45,3,30.0,49.833333333333336,-19.833333333333336,걷기시간,47.09101007960586,-0.42117026795147766,0.42117026795147766
45,4,30.0,79.16666666666667,-49.16666666666667,걷기시간,36.07379996445243,-1.362946701348794,1.362946701348794
52,1,60.0,60.5,-0.5,걷기시간,49.0446663592968,-0.010194788488049753,0.010194788488049753
52,2,30.0,33.5,-3.5,걷기시간,50.56403720342193,-0.06921915641188431,0.06921915641188431
52,3,20.0,36.66666666666666,-16.666666666666657,걷기시간,47.09101007960586,-0.3539245949172079,0.3539245949172079
52,4,15.0,25.666666666666668,-10.666666666666668,걷기시간,36.07379996445243,-0.29569013181804343,0.29569013181804343
56,1,30.0,43.16666666666666,-13.166666666666657,걷기시간,49.0446663592968,-0.2684627635186433,0.2684627635186433
56,2,30.0,64.33333333333333,-34.33333333333333,걷기시간,50.56403720342193,-0.6790069628975317,0.6790069628975317
56,4,30.0,12.0,18.0,걷기시간,36.07379996445243,0.4989770974429482,0.4989770974429482
58,1,70.0,42.75,27.25,걷기시간,49.0446663592968,0.5556159725987115,0.5556159725987115
58,3,40.0,63.75,-23.75,걷기시간,47.09101007960586,-0.5043425477570215,0.5043425477570215
58,4,80.0,35.285714285714285,44.714285714285715,걷기시간,36.07379996445243,1.2395224722193872,1.2395224722193872
59,1,40.0,52.142857142857146,-12.142857142857146,걷기시간,49.0446663592968,-0.2475877204240655,0.2475877204240655
59,2,30.0,32.857142857142854,-2.857142857142854,걷기시간,50.56403720342193,-0.05650543380561979,0.05650543380561979
59,3,30.0,32.57142857142857,-2.5714285714285694,걷기시간,47.09101007960586,-0.05460550893008349,0.05460550893008349
59,4,20.0,28.25,-8.25,걷기시간,36.07379996445243,-0.22869783632801793,0.22869783632801793
61,1,60.0,47.0,13.0,걷기시간,49.0446663592968,0.2650645006892936,0.2650645006892936
61,2,60.0,20.33333333333333,39.66666666666667,걷기시간,50.56403720342193,0.7844837726680223,0.7844837726680223
61,3,40.0,34.0,6.0,걷기시간,47.09101007960586,0.1274128541701949,0.1274128541701949
61,4,30.0,19.6,10.399999999999999,걷기시간,36.07379996445243,0.28829787852259225,0.28829787852259225
62,1,90.0,29.75,60.25,걷기시간,49.0446663592968,1.2284720128099953,1.2284720128099953
62,2,50.0,26.0,24.0,걷기시간,50.56403720342193,0.4746456439672067,0.4746456439672067
62,3,60.0,49.0,11.0,걷기시간,47.09101007960586,0.23359023264535733,0.23359023264535733
62,4,90.0,73.6,16.400000000000006,걷기시간,36.07379996445243,0.45462357767024186,0.45462357767024186
66,1,30.0,36.0,-6.0,걷기시간,49.0446663592968,-0.12233746185659704,0.12233746185659704
66,2,30.0,19.5,10.5,걷기시간,50.56403720342193,0.20765746923565293,0.20765746923565293
66,3,60.0,30.6,29.4,걷기시간,47.09101007960586,0.624322985433955,0.624322985433955
66,4,90.0,88.75,1.25,걷기시간,36.07379996445243,0.03465118732242696,0.03465118732242696
67,1,90.0,18.666666666666668,71.33333333333333,걷기시간,49.0446663592968,1.4544564909617648,1.4544564909617648
67,2,80.0,18.666666666666668,61.33333333333333,걷기시간,50.56403720342193,1.2129833123606393,1.2129833123606393
67,3,90.0,30.0,60.0,걷기시간,47.09101007960586,1.2741285417019492,1.2741285417019492
67,4,90.0,12.0,78.0,걷기시간,36.07379996445243,2.1622340889194422,2.1622340889194422
69,1,40.0,23.6,16.4,걷기시간,49.0446663592968,0.3343890624080319,0.3343890624080319
69,2,60.0,50.0,10.0,걷기시간,50.56403720342193,0.19776901831966945,0.19776901831966945
69,3,40.0,21.8,18.2,걷기시간,47.09101007960586,0.3864856576495912,0.3864856576495912
69,4,40.0,20.5,19.5,걷기시간,36.07379996445243,0.5405585222298606,0.5405585222298606
71,1,50.0,71.16666666666667,-21.16666666666667,걷기시간,49.0446663592968,-0.43157937932743967,0.43157937932743967
71,2,40.0,49.833333333333336,-9.833333333333336,걷기시간,50.56403720342193,-0.1944728680143417,0.1944728680143417
71,3,60.0,39.333333333333336,20.666666666666664,걷기시간,47.09101007960586,0.438866497697338,0.438866497697338
71,4,40.0,56.5,-16.5,걷기시간,36.07379996445243,-0.45739567265603587,0.45739567265603587
72,1,60.0,31.0,29.0,걷기시간,49.0446663592968,0.5912977323068856,0.5912977323068856
72,2,90.0,89.0,1.0,걷기시간,50.56403720342193,0.019776901831966946,0.019776901831966946
72,4,60.0,30.83333333333333,29.16666666666667,걷기시간,36.07379996445243,0.8085277041899624,0.8085277041899624
73,1,60.0,31.666666666666668,28.333333333333332,걷기시간,49.0446663592968,0.577704680989486,0.577704680989486
73,2,60.0,34.5,25.5,걷기시간,50.56403720342193,0.5043109967151571,0.5043109967151571
73,3,60.0,27.666666666666668,32.33333333333333,걷기시간,47.09101007960586,0.6866137141393835,0.6866137141393835
73,4,60.0,54.833333333333336,5.166666666666664,걷기시간,36.07379996445243,0.1432249075993647,0.1432249075993647
74,1,60.0,36.0,24.0,걷기시간,49.0446663592968,0.48934984742638815,0.48934984742638815
74,2,60.0,53.42857142857143,6.571428571428569,걷기시간,50.56403720342193,0.1299624977529256,0.1299624977529256
74,3,40.0,63.8,-23.799999999999997,걷기시간,47.09101007960586,-0.5054043215417731,0.5054043215417731
74,4,120.0,65.71428571428571,54.28571428571429,걷기시간,36.07379996445243,1.504851563716828,1.504851563716828
78,2,40.0,42.8,-2.799999999999997,걷기시간,50.56403720342193,-0.055375325129507394,0.055375325129507394
78,3,60.0,45.4,14.600000000000001,걷기시간,47.09101007960586,0.3100379451474743,0.3100379451474743
78,4,60.0,53.25,6.75,걷기시간,36.07379996445243,0.1871164115411056,0.1871164115411056
80,1,30.0,15.666666666666666,14.333333333333334,걷기시간,49.0446663592968,0.2922506033240929,0.2922506033240929
80,2,40.0,64.66666666666667,-24.66666666666667,걷기시간,50.56403720342193,-0.4878302451885181,0.4878302451885181
80,3,30.0,15.666666666666666,14.333333333333334,걷기시간,47.09101007960586,0.30437515162879897,0.30437515162879897
80,4,30.0,15.666666666666666,14.333333333333334,걷기시간,36.07379996445243,0.3973336146304958,0.3973336146304958
82,1,40.0,40.57142857142857,-0.5714285714285694,걷기시간,49.0446663592968,-0.01165118684348539,0.01165118684348539
82,2,30.0,30.428571428571427,-0.42857142857142705,걷기시간,50.56403720342193,-0.008475815070842947,0.008475815070842947
82,3,10.0,35.142857142857146,-25.142857142857146,걷기시간,47.09101007960586,-0.5339205317608169,0.5339205317608169
82,4,30.0,54.833333333333336,-24.833333333333336,걷기시간,36.07379996445243,-0.6884035881388824,0.6884035881388824
84,1,14.0,23.857142857142858,-9.857142857142858,걷기시간,49.0446663592968,-0.20098297305012372,0.20098297305012372
84,2,27.0,22.33333333333333,4.666666666666671,걷기시간,50.56403720342193,0.09229220854917917,0.09229220854917917
84,3,25.0,17.833333333333332,7.166666666666668,걷기시간,47.09101007960586,0.1521875758143995,0.1521875758143995
84,4,15.0,19.2,-4.199999999999999,걷기시간,36.07379996445243,-0.11642798940335457,0.11642798940335457
89,1,60.0,24.0,36.0,걷기시간,49.0446663592968,0.7340247711395822,0.7340247711395822
89,2,25.0,32.166666666666664,-7.166666666666664,걷기시간,50.56403720342193,-0.1417344631290964,0.1417344631290964
89,3,30.0,51.0,-21.0,걷기시간,47.09101007960586,-0.4459449895956822,0.4459449895956822
89,4,130.0,37.142857142857146,92.85714285714286,걷기시간,36.07379996445243,2.574088201094574,2.574088201094574
90,2,50.0,20.0,30.0,걷기시간,50.56403720342193,0.5933070549590084,0.5933070549590084
90,3,40.0,19.4,20.6,걷기시간,47.09101007960586,0.4374507993176692,0.4374507993176692
90,4,40.0,24.0,16.0,걷기시간,36.07379996445243,0.44353519772706507,0.44353519772706507
92,1,20.0,14.0,6.0,걷기시간,49.0446663592968,0.12233746185659704,0.12233746185659704
92,2,20.0,22.33333333333333,-2.3333333333333286,걷기시간,50.56403720342193,-0.04614610427458945,0.04614610427458945
92,3,30.0,13.25,16.75,걷기시간,47.09101007960586,0.3556942178917941,0.3556942178917941
92,4,20.0,14.5,5.5,걷기시간,36.07379996445243,0.1524652242186786,0.1524652242186786
93,1,60.0,22.33333333333333,37.66666666666667,걷기시간,49.0446663592968,0.7680073994330815,0.7680073994330815
93,2,60.0,34.4,25.6,걷기시간,50.56403720342193,0.5062886868983538,0.5062886868983538
93,3,60.0,38.8,21.200000000000003,걷기시간,47.09101007960586,0.45019208473468875,0.45019208473468875
93,4,60.0,37.8,22.200000000000003,걷기시간,36.07379996445243,0.6154050868463029,0.6154050868463029
94,1,30.0,59.0,-29.0,걷기시간,49.0446663592968,-0.5912977323068856,0.5912977323068856
94,2,15.0,36.333333333333336,-21.333333333333336,걷기시간,50.56403720342193,-0.42190723908196154,0.42190723908196154
94,3,15.0,39.833333333333336,-24.833333333333336,걷기시간,47.09101007960586,-0.5273476464266401,0.5273476464266401
94,4,15.0,60.16666666666666,-45.16666666666666,걷기시간,36.07379996445243,-1.2520629019170273,1.2520629019170273
98,2,60.0,14.0,46.0,걷기시간,50.56403720342193,0.9097374842704795,0.9097374842704795
98,3,30.0,17.0,13.0,걷기시간,47.09101007960586,0.2760611840354223,0.2760611840354223
98,4,30.0,41.25,-11.25,걷기시간,36.07379996445243,-0.3118606859018426,0.3118606859018426
100,1,60.0,56.25,3.75,걷기시간,49.0446663592968,0.07646091366037315,0.07646091366037315
100,2,60.0,26.33333333333333,33.66666666666667,걷기시간,50.56403720342193,0.6658223616762206,0.6658223616762206
100,3,60.0,20.75,39.25,걷기시간,47.09101007960586,0.8334924210300251,0.8334924210300251
100,4,40.0,20.75,19.25,걷기시간,36.07379996445243,0.5336282847653752,0.5336282847653752
1,1,6.0,5.583333333333333,0.41666666666666696,주중_수면시간,1.0326120432939117,0.40350746378819,0.40350746378819
1,2,6.0,2.941666666666667,3.058333333333333,주중_수면시간,1.6465025620735527,1.857472562618892,1.857472562618892
1,3,8.0,7.179166666666666,0.8208333333333337,주중_수면시간,1.522057331135733,0.539291994159538,0.539291994159538
1,4,8.0,6.272222222222222,1.7277777777777779,주중_수면시간,1.355311842236206,1.2748193618134547,1.2748193618134547
2,1,6.0,5.222222222222222,0.7777777777777777,주중_수면시간,1.0326120432939117,0.7532139324046208,0.7532139324046208
2,2,8.0,2.966666666666667,5.033333333333333,주중_수면시간,1.6465025620735527,3.056984816953163,3.056984816953163
2,3,7.0,4.033333333333333,2.966666666666667,주중_수면시간,1.522057331135733,1.9491162428507152,1.9491162428507152
2,4,8.0,5.7250000000000005,2.2749999999999995,주중_수면시간,1.355311842236206,1.6785804780148217,1.6785804780148217
9,1,6.0,7.183333333333333,-1.1833333333333327,주중_수면시간,1.0326120432939117,-1.1459611971584582,1.1459611971584582
9,2,6.0,4.870833333333334,1.1291666666666664,주중_수면시간,1.6465025620735527,0.6857970905582012,0.6857970905582012
9,3,6.0,6.641666666666668,-0.6416666666666684,주중_수면시간,1.522057331135733,-0.42157851320085804,0.42157851320085804
9,4,4.0,4.68,-0.6799999999999997,주중_수면시간,1.355311842236206,-0.501729549472562,0.501729549472562
11,1,8.0,7.823333333333332,0.17666666666666764,주중_수면시간,1.0326120432939117,0.1710871646461934,0.1710871646461934
11,2,8.0,8.733333333333333,-0.7333333333333325,주중_수면시간,1.6465025620735527,-0.4453885163772815,0.4453885163772815
11,3,8.0,8.620000000000001,-0.620000000000001,주중_수면시간,1.522057331135733,-0.40734339457329616,0.40734339457329616
11,4,8.0,8.716666666666665,-0.716666666666665,주중_수면시간,1.355311842236206,-0.5287835938068658,0.5287835938068658
12,1,6.0,4.804166666666667,1.1958333333333329,주중_수면시간,1.0326120432939117,1.1580664210721041,1.1580664210721041
12,2,6.0,4.4375,1.5625,주중_수면시간,1.6465025620735527,0.9489812138720497,0.9489812138720497
12,3,8.0,7.006666666666666,0.9933333333333341,주중_수면시간,1.522057331135733,0.6526254386174309,0.6526254386174309
12,4,6.0,6.5,-0.5,주중_수면시간,1.355311842236206,-0.36891878637688397,0.36891878637688397
13,1,7.0,7.463333333333333,-0.46333333333333293,주중_수면시간,1.0326120432939117,-0.4487002997324666,0.4487002997324666
13,2,7.0,5.879166666666666,1.1208333333333336,주중_수면시간,1.6465025620735527,0.6807358574175505,0.6807358574175505
13,3,7.0,6.545833333333333,0.4541666666666666,주중_수면시간,1.522057331135733,0.29838998661619087,0.29838998661619087
13,4,7.0,5.8375,1.1624999999999996,주중_수면시간,1.355311842236206,0.857736178326255,0.857736178326255
14,1,7.0,7.1875,-0.1875,주중_수면시간,1.0326120432939117,-0.1815783587046854,0.1815783587046854
14,2,6.0,6.909999999999999,-0.9099999999999993,주중_수면시간,1.6465025620735527,-0.5526866589590813,0.5526866589590813
14,3,6.0,6.623333333333332,-0.6233333333333322,주중_수면시간,1.522057331135733,-0.4095334128236888,0.4095334128236888
14,4,6.0,6.460000000000001,-0.46000000000000085,주중_수면시간,1.355311842236206,-0.33940528346673393,0.33940528346673393
16,1,9.0,8.954166666666667,0.045833333333332504,주중_수면시간,1.0326120432939117,0.04438582101670007,0.04438582101670007
16,2,9.0,7.473333333333334,1.5266666666666664,주중_수면시간,1.6465025620735527,0.9272179113672506,0.9272179113672506
16,3,8.0,9.433333333333334,-1.4333333333333336,주중_수면시간,1.522057331135733,-0.9417078476694467,0.9417078476694467
16,4,9.0,8.708333333333334,0.2916666666666661,주중_수면시간,1.355311842236206,0.21520262538651522,0.21520262538651522
18,1,5.0,4.973333333333334,0.026666666666666394,주중_수면시간,1.0326120432939117,0.025824477682443878,0.025824477682443878
18,2,5.0,4.7,0.2999999999999998,주중_수면시간,1.6465025620735527,0.18220439306343345,0.18220439306343345
18,3,5.0,3.616666666666666,1.3833333333333342,주중_수면시간,1.522057331135733,0.9088575739135363,0.9088575739135363
18,4,5.0,4.746666666666667,0.25333333333333297,주중_수면시간,1.355311842236206,0.18691885176428763,0.18691885176428763
19,1,6.0,6.029166666666667,-0.029166666666666785,주중_수면시간,1.0326120432939117,-0.028245522465173395,0.028245522465173395
19,2,6.0,5.776666666666666,0.2233333333333336,주중_수면시간,1.6465025620735527,0.13564104816944514,0.13564104816944514
19,3,6.0,5.776666666666666,0.2233333333333336,주중_수면시간,1.522057331135733,0.14673122277640233,0.14673122277640233
19,4,6.0,6.736666666666667,-0.7366666666666672,주중_수면시간,1.355311842236206,-0.5435403452619428,0.5435403452619428
20,1,5.0,5.016666666666667,-0.016666666666666607,주중_수면시간,1.0326120432939117,-0.016140298551527533,0.016140298551527533
20,2,6.0,8.477777777777778,-2.477777777777778,주중_수면시간,1.6465025620735527,-1.5048733204868772,1.5048733204868772
20,3,6.0,5.796666666666667,0.20333333333333314,주중_수면시간,1.522057331135733,0.13359111327403764,0.13359111327403764
20,4,6.0,9.1125,-3.1125000000000007,주중_수면시간,1.355311842236206,-2.2965194451961035,2.2965194451961035
21,1,6.0,6.455555555555556,-0.4555555555555557,주중_수면시간,1.0326120432939117,-0.44116816040842094,0.44116816040842094
21,2,7.0,6.487500000000001,0.5124999999999993,주중_수면시간,1.6465025620735527,0.3112658381500319,0.3112658381500319
21,3,7.0,6.283333333333333,0.7166666666666668,주중_수면시간,1.522057331135733,0.47085392383472335,0.47085392383472335
21,4,6.0,3.4375,2.5625,주중_수면시간,1.355311842236206,1.8907087801815305,1.8907087801815305
23,1,5.0,5.291666666666667,-0.29166666666666696,주중_수면시간,1.0326120432939117,-0.2824552246517331,0.2824552246517331
23,2,5.0,5.33,-0.33000000000000007,주중_수면시간,1.6465025620735527,-0.20042483236977696,0.20042483236977696
23,3,4.0,7.05,-3.05,주중_수면시간,1.522057331135733,-2.0038666991105667,2.0038666991105667
23,4,6.0,7.126666666666667,-1.126666666666667,주중_수면시간,1.355311842236206,-0.8312969986359121,0.8312969986359121
24,1,6.0,6.886666666666668,-0.8866666666666676,주중_수면시간,1.0326120432939117,-0.8586638829412686,0.8586638829412686
24,2,6.0,7.08,-1.08,주중_수면시간,1.6465025620735527,-0.6559358150283608,0.6559358150283608
24,3,6.0,8.836666666666666,-2.836666666666666,주중_수면시간,1.522057331135733,-1.863705531085346,1.863705531085346
24,4,6.0,5.546666666666667,0.45333333333333314,주중_수면시간,1.355311842236206,0.33448636631504136,0.33448636631504136
26,1,7.0,8.4375,-1.4375,주중_수면시간,1.0326120432939117,-1.3921007500692546,1.3921007500692546
26,2,7.0,7.933333333333334,-0.9333333333333336,주중_수면시간,1.6465025620735527,-0.5668581117529046,0.5668581117529046
26,3,8.0,8.629999999999999,-0.629999999999999,주중_수면시간,1.522057331135733,-0.41391344932447705,0.41391344932447705
26,4,7.0,8.11,-1.1099999999999994,주중_수면시간,1.355311842236206,-0.818999705756682,0.818999705756682
29,1,7.0,6.945833333333333,0.05416666666666714,주중_수면시간,1.0326120432939117,0.052455970292465126,0.052455970292465126
29,2,7.0,5.763333333333334,1.2366666666666664,주중_수면시간,1.6465025620735527,0.7510869980725982,0.7510869980725982
29,3,7.0,6.183333333333334,0.8166666666666664,주중_수면시간,1.522057331135733,0.536554471346545,0.536554471346545
29,4,6.0,6.441666666666667,-0.4416666666666673,주중_수면시간,1.355311842236206,-0.32587826129958136,0.32587826129958136
30,1,6.0,5.76111111111111,0.23888888888888982,주중_수면시간,1.0326120432939117,0.23134427923856302,0.23134427923856302
30,2,4.0,5.629166666666666,-1.6291666666666664,주중_수면시간,1.6465025620735527,-0.9894710789972571,0.9894710789972571
30,3,5.0,4.255555555555556,0.7444444444444436,주중_수면시간,1.522057331135733,0.4891040759213399,0.4891040759213399
30,4,5.0,6.453333333333333,-1.4533333333333331,주중_수면시간,1.355311842236206,-1.0723239390688093,1.0723239390688093
34,1,8.0,7.966666666666668,0.03333333333333233,주중_수면시간,1.0326120432939117,0.032280597103054205,0.032280597103054205
34,2,7.0,5.6,1.4000000000000004,주중_수면시간,1.6465025620735527,0.8502871676293567,0.8502871676293567
34,3,7.0,6.237500000000001,0.7624999999999993,주중_수면시간,1.522057331135733,0.5009666747776412,0.5009666747776412
34,4,7.0,6.804166666666665,0.19583333333333464,주중_수면시간,1.355311842236206,0.14449319133094718,0.14449319133094718
35,1,5.0,7.125,-2.125,주중_수면시간,1.0326120432939117,-2.0578880653197675,2.0578880653197675
35,2,6.0,6.993333333333332,-0.9933333333333323,주중_수면시간,1.6465025620735527,-0.6032989903655904,0.6032989903655904
35,3,4.5,7.890000000000001,-3.3900000000000006,주중_수면시간,1.522057331135733,-2.2272485606507613,2.2272485606507613
35,4,6.0,6.659999999999999,-0.6599999999999993,주중_수면시간,1.355311842236206,-0.48697279801748633,0.48697279801748633
36,1,6.0,6.76111111111111,-0.7611111111111102,주중_수면시간,1.0326120432939117,-0.7370736338530923,0.7370736338530923
36,2,6.0,5.479166666666667,0.520833333333333,주중_수면시간,1.6465025620735527,0.31632707129068305,0.31632707129068305
36,3,5.0,7.883333333333334,-2.8833333333333337,주중_수면시간,1.522057331135733,-1.8943657865908639,1.8943657865908639
36,4,6.0,5.4,0.5999999999999996,주중_수면시간,1.355311842236206,0.4427025436522605,0.4427025436522605
40,1,8.0,6.294444444444444,1.7055555555555557,주중_수면시간,1.0326120432939117,1.65169055177299,1.65169055177299
40,2,7.0,7.572222222222223,-0.5722222222222229,주중_수면시간,1.6465025620735527,-0.3475380089913644,0.3475380089913644
40,3,7.5,8.908333333333333,-1.4083333333333332,주중_수면시간,1.522057331135733,-0.925282710791491,0.925282710791491
40,4,8.0,7.2555555555555555,0.7444444444444445,주중_수면시간,1.355311842236206,0.5492790819389162,0.5492790819389162
41,1,7.0,7.243333333333334,-0.24333333333333407,주중_수면시간,1.0326120432939117,-0.2356483588523035,0.2356483588523035
41,2,7.0,7.196666666666667,-0.1966666666666672,주중_수면시간,1.6465025620735527,-0.11944510211936232,0.11944510211936232
41,3,7.0,8.386666666666667,-1.3866666666666667,주중_수면시간,1.522057331135733,-0.9110475921639297,0.9110475921639297
41,4,7.0,8.120833333333334,-1.1208333333333336,주중_수면시간,1.355311842236206,-0.8269929461281817,0.8269929461281817
44,1,6.0,8.07,-2.0700000000000003,주중_수면시간,1.0326120432939117,-2.0046250800997267,2.0046250800997267
44,2,6.0,6.726666666666667,-0.7266666666666666,주중_수면시간,1.6465025620735527,-0.4413395298647612,0.4413395298647612
44,3,6.0,7.173333333333334,-1.1733333333333338,주중_수면시간,1.522057331135733,-0.7708864241387101,0.7708864241387101
44,4,6.0,7.733333333333332,-1.7333333333333316,주중_수면시간,1.355311842236206,-1.2789184594398633,1.2789184594398633
49,1,7.0,6.716666666666667,0.2833333333333332,주중_수면시간,1.0326120432939117,0.2743850753759689,0.2743850753759689
49,2,6.0,5.253333333333333,0.746666666666667,주중_수면시간,1.6465025620735527,0.4534864894023237,0.4534864894023237
49,3,6.0,4.705555555555556,1.2944444444444443,주중_수면시간,1.522057331135733,0.8504570872363606,0.8504570872363606
49,4,6.0,6.711111111111111,-0.7111111111111112,주중_수면시간,1.355311842236206,-0.5246844961804573,0.5246844961804573
52,1,8.0,5.391666666666667,2.6083333333333334,주중_수면시간,1.0326120432939117,2.5259567233140676,2.5259567233140676
52,2,8.0,3.0444444444444443,4.955555555555556,주중_수면시간,1.6465025620735527,3.0097466409737543,3.0097466409737543
52,3,7.0,6.066666666666666,0.9333333333333336,주중_수면시간,1.522057331135733,0.6132051101103375,0.6132051101103375
55,1,6.0,6.522222222222221,-0.5222222222222213,주중_수면시간,1.0326120432939117,-0.5057293546145302,0.5057293546145302
55,2,6.0,7.426666666666667,-1.4266666666666667,주중_수면시간,1.6465025620735527,-0.8664831136794396,0.8664831136794396
55,3,6.0,7.176666666666667,-1.1766666666666667,주중_수면시간,1.522057331135733,-0.7730764423891039,0.7730764423891039
55,4,8.0,7.073333333333332,0.9266666666666676,주중_수면시간,1.355311842236206,0.6837294840851591,0.6837294840851591
56,1,6.0,7.275,-1.2750000000000004,주중_수면시간,1.0326120432939117,-1.2347328391918608,1.2347328391918608
56,2,6.0,7.466666666666667,-1.4666666666666668,주중_수면시간,1.6465025620735527,-0.8907770327545641,0.8907770327545641
56,3,8.0,9.35,-1.3499999999999996,주중_수면시간,1.522057331135733,-0.8869573914095948,0.8869573914095948
56,4,8.0,8.0,0.0,주중_수면시간,1.355311842236206,0.0,0.0
58,1,4.0,5.027777777777778,-1.0277777777777777,주중_수면시간,1.0326120432939117,-0.9953184106775346,0.9953184106775346
58,2,5.0,6.286666666666667,-1.286666666666667,주중_수면시간,1.6465025620735527,-0.7814543969165041,0.7814543969165041
58,3,6.0,5.6000000000000005,0.39999999999999947,주중_수면시간,1.522057331135733,0.26280219004728705,0.26280219004728705
58,4,7.0,7.433333333333333,-0.4333333333333327,주중_수면시간,1.355311842236206,-0.31972961485996565,0.31972961485996565
59,1,5.5,5.75,-0.25,주중_수면시간,1.0326120432939117,-0.24210447827291384,0.24210447827291384
59,2,5.0,5.404166666666667,-0.4041666666666668,주중_수면시간,1.6465025620735527,-0.24546980732157028,0.24546980732157028
59,3,6.0,6.129166666666666,-0.12916666666666643,주중_수면시간,1.522057331135733,-0.08486320720276974,0.08486320720276974
59,4,6.0,6.341666666666667,-0.3416666666666668,주중_수면시간,1.355311842236206,-0.25209450402420414,0.25209450402420414
61,1,6.0,4.6,1.4000000000000004,주중_수면시간,1.0326120432939117,1.3557850783283178,1.3557850783283178
61,2,6.0,5.839999999999999,0.16000000000000103,주중_수면시간,1.6465025620735527,0.09717567630049852,0.09717567630049852
61,3,6.0,5.446666666666667,0.5533333333333328,주중_수면시간,1.522057331135733,0.3635430295654139,0.3635430295654139
61,4,6.0,4.286666666666666,1.7133333333333338,주중_수면시간,1.355311842236206,1.2641617079847896,1.2641617079847896
62,1,6.0,5.823333333333333,0.17666666666666675,주중_수면시간,1.0326120432939117,0.17108716464619253,0.17108716464619253
62,2,4.0,5.241666666666667,-1.2416666666666671,주중_수면시간,1.6465025620735527,-0.7541237379569892,0.7541237379569892
62,3,6.0,7.275,-1.2750000000000004,주중_수면시간,1.522057331135733,-0.8376819807757289,0.8376819807757289
62,4,8.0,7.6875,0.3125,주중_수면시간,1.355311842236206,0.2305742414855525,0.2305742414855525
66,1,6.0,4.833333333333333,1.166666666666667,주중_수면시간,1.0326120432939117,1.1298208986069316,1.1298208986069316
66,2,5.0,6.416666666666666,-1.416666666666666,주중_수면시간,1.6465025620735527,-0.8604096339106581,0.8604096339106581
66,3,1.0,6.711111111111111,-5.711111111111111,주중_수면시간,1.522057331135733,-3.752231269008493,3.752231269008493
66,4,6.0,5.736666666666666,0.26333333333333364,주중_수면시간,1.355311842236206,0.1942972274918258,0.1942972274918258
67,1,4.0,4.179166666666667,-0.17916666666666714,주중_수면시간,1.0326120432939117,-0.17350820942892203,0.17350820942892203
67,2,3.0,4.179166666666667,-1.1791666666666671,주중_수면시간,1.6465025620735527,-0.7161644894021072,0.7161644894021072
67,3,4.5,6.58,-2.08,주중_수면시간,1.522057331135733,-1.3665713882458947,1.3665713882458947
67,4,4.0,6.82,-2.8200000000000003,주중_수면시간,1.355311842236206,-2.080701955165626,2.080701955165626
69,1,5.0,4.375,0.625,주중_수면시간,1.0326120432939117,0.6052611956822846,0.6052611956822846
69,2,5.0,5.1066666666666665,-0.10666666666666647,주중_수면시간,1.6465025620735527,-0.0647837842003318,0.0647837842003318
69,3,5.0,4.456666666666667,0.543333333333333,주중_수면시간,1.522057331135733,0.35697297481423185,0.35697297481423185
69,4,4.0,4.68,-0.6799999999999997,주중_수면시간,1.355311842236206,-0.501729549472562,0.501729549472562
71,1,5.0,6.0,-1.0,주중_수면시간,1.0326120432939117,-0.9684179130916554,0.9684179130916554
71,2,6.0,5.491666666666666,0.5083333333333337,주중_수면시간,1.6465025620735527,0.3087352215797071,0.3087352215797071
71,3,6.0,6.404166666666667,-0.4041666666666668,주중_수면시간,1.522057331135733,-0.26553971286028005,0.26553971286028005
71,4,5.0,5.363333333333333,-0.3633333333333333,주중_수면시간,1.355311842236206,-0.2680809847672023,0.2680809847672023
72,1,7.0,6.783333333333333,0.21666666666666679,주중_수면시간,1.0326120432939117,0.20982388116985878,0.20982388116985878
72,2,7.0,6.703333333333333,0.29666666666666686,주중_수면시간,1.6465025620735527,0.1801798998071733,0.1801798998071733
72,3,8.0,7.024999999999999,0.9750000000000014,주중_수면시간,1.522057331135733,0.6405803382402641,0.6405803382402641
72,4,7.0,6.3875,0.6124999999999998,주중_수면시간,1.355311842236206,0.45192551331168274,0.45192551331168274
73,1,5.0,3.991666666666667,1.0083333333333329,주중_수면시간,1.0326120432939117,0.9764880623674187,0.9764880623674187
73,2,5.0,6.056666666666667,-1.0566666666666666,주중_수면시간,1.6465025620735527,-0.6417643622345381,0.6417643622345381
73,3,6.0,6.51111111111111,-0.5111111111111102,주중_수면시간,1.522057331135733,-0.33580279839375554,0.33580279839375554
73,4,5.0,4.966666666666667,0.033333333333333215,주중_수면시간,1.355311842236206,0.024594585758458846,0.024594585758458846
74,1,6.0,4.354166666666667,1.645833333333333,주중_수면시간,1.0326120432939117,1.5938544819633491,1.5938544819633491
74,2,7.0,4.525,2.4749999999999996,주중_수면시간,1.6465025620735527,1.5031862427733267,1.5031862427733267
74,3,7.0,6.870833333333334,0.12916666666666643,주중_수면시간,1.522057331135733,0.08486320720276974,0.08486320720276974
74,4,6.0,4.120833333333334,1.8791666666666664,주중_수면시간,1.355311842236206,1.3865197721331222,1.3865197721331222
78,1,7.0,8.375,-1.375,주중_수면시간,1.0326120432939117,-1.331574630501026,1.331574630501026
78,2,6.5,2.470833333333333,4.029166666666667,주중_수면시간,1.6465025620735527,2.4471062235047256,2.4471062235047256
78,3,6.5,7.061111111111111,-0.5611111111111109,주중_수면시간,1.522057331135733,-0.3686530721496669,0.3686530721496669
78,4,6.0,7.65,-1.6500000000000004,주중_수면시간,1.355311842236206,-1.2174319950437174,1.2174319950437174
79,1,6.0,7.591666666666668,-1.5916666666666677,주중_수면시간,1.0326120432939117,-1.5413985116708857,1.5413985116708857
79,2,7.0,7.633333333333333,-0.6333333333333329,주중_수면시간,1.6465025620735527,-0.38465371868947057,0.38465371868947057
79,3,6.0,7.646666666666666,-1.6466666666666656,주중_수면시간,1.522057331135733,-1.0818690156946658,1.0818690156946658
79,4,6.0,1.4166666666666667,4.583333333333333,주중_수면시간,1.355311842236206,3.381755541788103,3.381755541788103
82,1,6.0,8.206666666666667,-2.206666666666667,주중_수면시간,1.0326120432939117,-2.136975528222253,2.136975528222253
82,2,6.0,5.926666666666667,0.07333333333333325,주중_수면시간,1.6465025620735527,0.04453885163772815,0.04453885163772815
82,3,5.0,6.510000000000001,-1.5100000000000007,주중_수면시간,1.522057331135733,-0.9920782674285105,0.9920782674285105
82,4,6.0,6.3500000000000005,-0.35000000000000053,주중_수면시간,1.355311842236206,-0.2582431504638192,0.2582431504638192
84,1,7.0,6.936666666666667,0.06333333333333258,주중_수면시간,1.0326120432939117,0.061333134495804104,0.061333134495804104
84,2,7.0,6.796666666666667,0.20333333333333314,주중_수면시간,1.6465025620735527,0.12349408863188263,0.12349408863188263
84,3,6.0,5.81,0.1900000000000004,주중_수면시간,1.522057331135733,0.12483104027246178,0.12483104027246178
84,4,7.0,6.186666666666666,0.8133333333333344,주중_수면시간,1.355311842236206,0.6001078925063987,0.6001078925063987
89,1,5.0,5.543333333333334,-0.5433333333333339,주중_수면시간,1.0326120432939117,-0.5261737327798,0.5261737327798
89,2,6.0,7.24,-1.2400000000000002,주중_수면시간,1.6465025620735527,-0.7531114913288588,0.7531114913288588
89,3,5.0,5.58,-0.5800000000000001,주중_수면시간,1.522057331135733,-0.3810631755685668,0.3810631755685668
89,4,4.0,4.291666666666667,-0.29166666666666696,주중_수면시간,1.355311842236206,-0.21520262538651588,0.21520262538651588
90,1,5.5,6.5600000000000005,-1.0600000000000005,주중_수면시간,1.0326120432939117,-1.0265229878771551,1.0265229878771551
90,2,6.5,6.253333333333334,0.24666666666666615,주중_수면시간,1.6465025620735527,0.14981250096326726,0.14981250096326726
90,3,6.0,6.163333333333334,-0.163333333333334,주중_수면시간,1.522057331135733,-0.10731089426930947,0.10731089426930947
90,4,6.5,6.36,0.13999999999999968,주중_수면시간,1.355311842236206,0.10329726018552728,0.10329726018552728
94,1,6.0,6.824999999999999,-0.8249999999999993,주중_수면시간,1.0326120432939117,-0.7989447783006149,0.7989447783006149
94,2,6.0,5.946666666666667,0.05333333333333279,주중_수면시간,1.6465025620735527,0.03239189210016563,0.03239189210016563
94,3,6.0,5.9944444444444445,0.005555555555555536,주중_수면시간,1.522057331135733,0.0036500304173234235,0.0036500304173234235
94,4,5.0,5.633333333333333,-0.6333333333333329,주중_수면시간,1.355311842236206,-0.4672971294107194,0.4672971294107194
100,1,8.0,7.773333333333332,0.22666666666666835,주중_수면시간,1.0326120432939117,0.21950806030077685,0.21950806030077685
100,2,7.0,8.079166666666666,-1.0791666666666657,주중_수면시간,1.6465025620735527,-0.6554296917142951,0.6554296917142951
100,3,5.0,6.85,-1.8499999999999996,주중_수면시간,1.522057331135733,-1.2154601289687041,1.2154601289687041
100,4,7.0,6.85,0.15000000000000036,주중_수면시간,1.355311842236206,0.11067563591306546,0.11067563591306546
1,2,9.0,4.516666666666667,4.483333333333333,주말_수면시간,2.874112549674659,1.5599017978056682,1.5599017978056682
1,3,10.0,6.583333333333333,3.416666666666667,주말_수면시간,2.3496346945497675,1.4541267519551,1.4541267519551
1,4,10.0,7.425000000000001,2.5749999999999993,주말_수면시간,2.3294193545029174,1.105425691180233,1.105425691180233
2,1,9.0,6.5,2.5,주말_수면시간,1.8533408678309482,1.3489153794605886,1.3489153794605886
2,2,9.0,5.6,3.4000000000000004,주말_수면시간,2.874112549674659,1.182973854097979,1.182973854097979
2,3,9.0,1.4666666666666666,7.533333333333333,주말_수면시간,2.3496346945497675,3.206172155530269,3.206172155530269
2,4,8.0,6.7,1.2999999999999998,주말_수면시간,2.3294193545029174,0.5580789897220594,0.5580789897220594
3,2,8.0,1.9,6.1,주말_수면시간,2.874112549674659,2.122394267646374,2.122394267646374
3,3,6.0,3.333333333333333,2.666666666666667,주말_수면시간,2.3496346945497675,1.134928196647883,1.134928196647883
3,4,8.0,0.4,7.6,주말_수면시간,2.3294193545029174,3.2626156322212707,3.2626156322212707
9,1,9.0,6.833333333333333,2.166666666666667,주말_수면시간,1.8533408678309482,1.1690599955325103,1.1690599955325103
9,2,9.0,10.8,-1.8000000000000007,주말_수면시간,2.874112549674659,-0.6262802756989302,0.6262802756989302
9,3,10.0,8.675,1.3249999999999993,주말_수면시간,2.3496346945497675,0.5639174477094165,0.5639174477094165
9,4,12.0,11.291666666666666,0.7083333333333339,주말_수면시간,2.3294193545029174,0.30408150081009677,0.30408150081009677
11,1,8.0,8.858333333333334,-0.8583333333333343,주말_수면시간,1.8533408678309482,-0.4631276136148026,0.4631276136148026
11,2,8.0,7.116666666666667,0.8833333333333329,주말_수면시간,2.874112549674659,0.3073412464078081,0.3073412464078081
11,3,8.0,8.183333333333334,-0.18333333333333357,주말_수면시간,2.3496346945497675,-0.07802631351954205,0.07802631351954205
11,4,8.0,9.283333333333331,-1.2833333333333314,주말_수면시간,2.3294193545029174,-0.5509241308794681,0.5509241308794681
12,1,9.0,8.858333333333334,0.14166666666666572,주말_수면시간,1.8533408678309482,0.07643853816943284,0.07643853816943284
12,2,9.0,8.633333333333333,0.36666666666666714,주말_수면시간,2.874112549674659,0.12757561171644888,0.12757561171644888
12,3,8.0,9.275,-1.2750000000000004,주말_수면시간,2.3496346945497675,-0.5426375440222692,0.5426375440222692
12,4,9.0,7.033333333333333,1.9666666666666668,주말_수면시간,2.3294193545029174,0.8442733434256797,0.8442733434256797
13,1,8.0,8.283333333333333,-0.2833333333333332,주말_수면시간,1.8533408678309482,-0.15287707633886663,0.15287707633886663
13,2,8.0,7.483333333333333,0.5166666666666666,주말_수면시간,2.874112549674659,0.1797656346913595,0.1797656346913595
13,3,8.0,8.825,-0.8249999999999993,주말_수면시간,2.3496346945497675,-0.35111841083793843,0.35111841083793843
13,4,8.0,6.275,1.7249999999999996,주말_수면시간,2.3294193545029174,0.7405278902081172,0.7405278902081172
14,1,8.0,7.983333333333333,0.016666666666666607,주말_수면시간,1.8533408678309482,0.008992769196403893,0.008992769196403893
14,2,8.0,7.333333333333333,0.666666666666667,주말_수면시간,2.874112549674659,0.23195565766627047,0.23195565766627047
14,3,8.0,7.883333333333334,0.11666666666666625,주말_수면시간,2.3496346945497675,0.049653108603344695,0.049653108603344695
14,4,8.0,7.258333333333333,0.7416666666666671,주말_수면시간,2.3294193545029174,0.31839121849527774,0.31839121849527774
16,1,9.0,8.875,0.125,주말_수면시간,1.8533408678309482,0.06744576897302942,0.06744576897302942
16,2,9.0,9.566666666666666,-0.5666666666666664,주말_수면시간,2.874112549674659,-0.19716230901632972,0.19716230901632972
16,3,8.0,8.991666666666667,-0.9916666666666671,주말_수면시간,2.3496346945497675,-0.42205142312843164,0.42205142312843164
16,4,9.0,9.108333333333334,-0.10833333333333428,주말_수면시간,2.3294193545029174,-0.0465065824768387,0.0465065824768387
18,1,7.0,7.8,-0.7999999999999998,주말_수면시간,1.8533408678309482,-0.43165292142738826,0.43165292142738826
18,2,6.0,6.416666666666666,-0.4166666666666661,주말_수면시간,2.874112549674659,-0.14497228604141876,0.14497228604141876
18,3,7.0,7.883333333333334,-0.8833333333333337,주말_수면시간,2.3496346945497675,-0.3759449651396114,0.3759449651396114
18,4,7.0,10.6,-3.5999999999999996,주말_수면시간,2.3294193545029174,-1.545449509999549,1.545449509999549
19,1,7.0,6.933333333333334,0.06666666666666643,주말_수면시간,1.8533408678309482,0.03597107678561557,0.03597107678561557
19,2,7.0,5.075,1.9249999999999998,주말_수면시간,2.874112549674659,0.6697719615113557,0.6697719615113557
19,3,7.0,8.058333333333334,-1.0583333333333336,주말_수면시간,2.3496346945497675,-0.4504246280446286,0.4504246280446286
19,4,7.0,5.391666666666667,1.6083333333333334,주말_수면시간,2.3294193545029174,0.6904438783099839,0.6904438783099839
20,1,6.0,7.800000000000001,-1.8000000000000007,주말_수면시간,1.8533408678309482,-0.9712190732116242,0.9712190732116242
20,2,6.0,6.683333333333334,-0.6833333333333336,주말_수면시간,2.874112549674659,-0.2377545491079272,0.2377545491079272
20,3,6.0,8.316666666666666,-2.3166666666666664,주말_수면시간,2.3496346945497675,-0.9859688708378481,0.9859688708378481
20,4,7.0,6.966666666666667,0.033333333333333215,주말_수면시간,2.3294193545029174,0.01430971768518096,0.01430971768518096
21,2,0.0,9.683333333333334,-9.683333333333334,주말_수면시간,2.874112549674659,-3.369155927602577,3.369155927602577
21,3,7.0,5.766666666666667,1.2333333333333334,주말_수면시간,2.3496346945497675,0.5249042909496459,0.5249042909496459
21,4,6.0,4.55,1.4500000000000002,주말_수면시간,2.3294193545029174,0.6224727193053741,0.6224727193053741
23,1,7.0,5.641666666666667,1.3583333333333334,주말_수면시간,1.8533408678309482,0.7329106895069198,0.7329106895069198
23,2,8.0,7.475,0.5250000000000004,주말_수면시간,2.874112549674659,0.18266508041218804,0.18266508041218804
23,3,8.0,5.191666666666666,2.8083333333333336,주말_수면시간,2.3496346945497675,1.1952212570948018,1.1952212570948018
23,4,8.0,7.283333333333333,0.7166666666666668,주말_수면시간,2.3294193545029174,0.3076589302313918,0.3076589302313918
24,1,10.0,7.6,2.4000000000000004,주말_수면시간,1.8533408678309482,1.2949587642821652,1.2949587642821652
24,2,10.0,1.2666666666666666,8.733333333333334,주말_수면시간,2.874112549674659,3.0386191154281423,3.0386191154281423
24,3,8.0,9.216666666666669,-1.2166666666666686,주말_수면시간,2.3496346945497675,-0.5178109897205974,0.5178109897205974
24,4,9.0,6.475,2.5250000000000004,주말_수면시간,2.3294193545029174,1.0839611146524617,1.0839611146524617
26,1,10.0,9.075,0.9250000000000007,주말_수면시간,1.8533408678309482,0.49909869040041815,0.49909869040041815
26,2,10.0,9.008333333333333,0.9916666666666671,주말_수면시간,2.874112549674659,0.34503404077857736,0.34503404077857736
26,3,11.0,8.775,2.2249999999999996,주말_수면시간,2.3496346945497675,0.9469557140780771,0.9469557140780771
26,4,10.0,7.533333333333333,2.466666666666667,주말_수면시간,2.3294193545029174,1.058919108703395,1.058919108703395
29,1,8.0,8.766666666666667,-0.7666666666666675,주말_수면시간,1.8533408678309482,-0.41366738303458095,0.41366738303458095
29,2,8.0,7.783333333333333,0.21666666666666679,주말_수면시간,2.874112549674659,0.0753855887415379,0.0753855887415379
29,3,8.0,4.725,3.2750000000000004,주말_수면시간,2.3496346945497675,1.3938336915081813,1.3938336915081813
29,4,8.0,7.066666666666666,0.9333333333333336,주말_수면시간,2.3294193545029174,0.4006720951850684,0.4006720951850684
30,1,7.0,6.458333333333334,0.5416666666666661,주말_수면시간,1.8533408678309482,0.2922649988831272,0.2922649988831272
30,2,5.0,0.4333333333333333,4.566666666666666,주말_수면시간,2.874112549674659,1.588896255013952,1.588896255013952
30,3,6.0,7.333333333333333,-1.333333333333333,주말_수면시간,2.3496346945497675,-0.5674640983239413,0.5674640983239413
30,4,6.0,3.841666666666667,2.158333333333333,주말_수면시간,2.3294193545029174,0.9265542201154705,0.9265542201154705
34,1,8.0,6.95,1.0499999999999998,주말_수면시간,1.8533408678309482,0.5665444593734471,0.5665444593734471
34,2,9.0,6.658333333333333,2.341666666666667,주말_수면시간,2.874112549674659,0.8147442475527747,0.8147442475527747
34,3,10.0,6.1,3.9000000000000004,주말_수면시간,2.3496346945497675,1.6598324875975288,1.6598324875975288
34,4,9.0,9.6,-0.5999999999999996,주말_수면시간,2.3294193545029174,-0.2575749183332581,0.2575749183332581
35,1,9.0,7.366666666666667,1.6333333333333329,주말_수면시간,1.8533408678309482,0.8812913812475842,0.8812913812475842
35,2,9.0,8.7,0.3000000000000007,주말_수면시간,2.874112549674659,0.1043800459498219,0.1043800459498219
35,3,9.0,7.675000000000001,1.3249999999999993,주말_수면시간,2.3496346945497675,0.5639174477094165,0.5639174477094165
35,4,12.0,7.258333333333333,4.741666666666667,주말_수면시간,2.3294193545029174,2.0355573407169993,2.0355573407169993
36,1,7.0,7.325,-0.3250000000000002,주말_수면시간,1.8533408678309482,-0.1753589993298766,0.1753589993298766
36,2,8.0,7.483333333333333,0.5166666666666666,주말_수면시간,2.874112549674659,0.1797656346913595,0.1797656346913595
36,3,7.0,4.85,2.1500000000000004,주말_수면시간,2.3496346945497675,0.9150358585473557,0.9150358585473557
36,4,7.0,9.9,-2.9000000000000004,주말_수면시간,2.3294193545029174,-1.2449454386107481,1.2449454386107481
40,1,8.0,1.15,6.85,주말_수면시간,1.8533408678309482,3.6960281397220123,3.6960281397220123
40,2,10.0,9.175,0.8249999999999993,주말_수면시간,2.874112549674659,0.28704512636200935,0.28704512636200935
40,3,10.0,4.541666666666667,5.458333333333333,주말_수면시간,2.3496346945497675,2.3230561525136353,2.3230561525136353
40,4,9.0,6.0,3.0,주말_수면시간,2.3294193545029174,1.287874591666291,1.287874591666291
41,1,7.0,8.166666666666668,-1.1666666666666679,주말_수면시간,1.8533408678309482,-0.6294938437482753,0.6294938437482753
41,2,7.0,8.816666666666666,-1.8166666666666664,주말_수면시간,2.874112549674659,-0.6320791671405867,0.6320791671405867
41,4,7.0,7.966666666666667,-0.9666666666666668,주말_수면시간,2.3294193545029174,-0.4149818128702494,0.4149818128702494
44,1,7.0,9.075,-2.0749999999999993,주말_수면시간,1.8533408678309482,-1.1195997649522882,1.1195997649522882
44,2,6.0,9.766666666666666,-3.7666666666666657,주말_수면시간,2.874112549674659,-1.3105494658144272,1.3105494658144272
44,3,8.0,7.858333333333333,0.1416666666666666,주말_수면시간,2.3496346945497675,0.060293060446918754,0.060293060446918754
44,4,8.0,9.683333333333334,-1.6833333333333336,주말_수면시간,2.3294193545029174,-0.7226407431016412,0.7226407431016412
49,1,8.0,5.491666666666667,2.508333333333333,주말_수면시간,1.8533408678309482,1.3534117640587902,1.3534117640587902
49,2,7.0,5.266666666666667,1.7333333333333334,주말_수면시간,2.874112549674659,0.603084709932303,0.603084709932303
49,3,7.0,3.858333333333333,3.141666666666667,주말_수면시간,2.3496346945497675,1.337087281675787,1.337087281675787
49,4,7.0,4.291666666666666,2.708333333333334,주말_수면시간,2.3294193545029174,1.1626645619209575,1.1626645619209575
55,1,8.0,5.991666666666667,2.008333333333333,주말_수면시간,1.8533408678309482,1.0836286881666726,1.0836286881666726
55,2,8.0,7.058333333333334,0.9416666666666664,주말_수면시간,2.874112549674659,0.3276373664536068,0.3276373664536068
55,3,8.0,6.733333333333333,1.2666666666666666,주말_수면시간,2.3496346945497675,0.5390908934077443,0.5390908934077443
55,4,8.0,5.391666666666667,2.6083333333333334,주말_수면시간,2.3294193545029174,1.1197354088654141,1.1197354088654141
58,1,8.0,4.258333333333333,3.741666666666667,주말_수면시간,1.8533408678309482,2.0188766845926813,2.0188766845926813
58,2,7.0,7.283333333333333,-0.2833333333333332,주말_수면시간,2.874112549674659,-0.09858115450816486,0.09858115450816486
58,3,7.0,5.233333333333333,1.7666666666666666,주말_수면시간,2.3496346945497675,0.7518899302792224,0.7518899302792224
58,4,7.0,8.95,-1.9499999999999993,주말_수면시간,2.3294193545029174,-0.8371184845830889,0.8371184845830889
59,1,7.0,6.0,1.0,주말_수면시간,1.8533408678309482,0.5395661517842354,0.5395661517842354
59,2,6.0,0.6833333333333333,5.316666666666666,주말_수면시간,2.874112549674659,1.8498463698885061,1.8498463698885061
59,3,7.5,6.416666666666666,1.083333333333334,주말_수면시간,2.3496346945497675,0.46106457988820265,0.46106457988820265
59,4,6.0,0.8833333333333333,5.116666666666667,주말_수면시간,2.3294193545029174,2.1965416646752853,2.1965416646752853
61,1,7.0,7.15,-0.15000000000000036,주말_수면시간,1.8533408678309482,-0.0809349227676355,0.0809349227676355
61,2,6.0,6.766666666666667,-0.7666666666666666,주말_수면시간,2.874112549674659,-0.2667490063162109,0.2667490063162109
61,3,6.0,7.266666666666667,-1.2666666666666666,주말_수면시간,2.3496346945497675,-0.5390908934077443,0.5390908934077443
61,4,6.0,6.45,-0.4500000000000002,주말_수면시간,2.3294193545029174,-0.19318118874994372,0.19318118874994372
62,1,7.0,7.975,-0.9749999999999996,주말_수면시간,1.8533408678309482,-0.5260769979896294,0.5260769979896294
62,2,8.0,5.408333333333333,2.591666666666667,주말_수면시간,2.874112549674659,0.9017276191776261,0.9017276191776261
62,3,7.0,6.466666666666667,0.5333333333333332,주말_수면시간,2.3496346945497675,0.22698563932957652,0.22698563932957652
62,4,8.0,8.416666666666668,-0.41666666666666785,주말_수면시간,2.3294193545029174,-0.17887147106476314,0.17887147106476314
66,1,7.0,1.45,5.55,주말_수면시간,1.8533408678309482,2.9945921424025066,2.9945921424025066
66,2,5.0,6.991666666666666,-1.9916666666666663,주말_수면시간,2.874112549674659,-0.6929675272779826,0.6929675272779826
66,3,1.0,6.933333333333334,-5.933333333333334,주말_수면시간,2.3496346945497675,-2.5252152375415395,2.5252152375415395
66,4,7.0,7.9,-0.9000000000000004,주말_수면시간,2.3294193545029174,-0.38636237749988744,0.38636237749988744
69,1,7.0,6.25,0.75,주말_수면시간,1.8533408678309482,0.40467461383817654,0.40467461383817654
69,2,7.0,6.45,0.5499999999999998,주말_수면시간,2.874112549674659,0.19136341757467298,0.19136341757467298
69,3,7.0,4.391666666666667,2.6083333333333334,주말_수면시간,2.3496346945497675,1.1101016423462104,1.1101016423462104
69,4,6.0,5.475,0.5250000000000004,주말_수면시간,2.3294193545029174,0.2253780535416011,0.2253780535416011
71,1,5.0,5.008333333333333,-0.00833333333333286,주말_수면시간,1.8533408678309482,-0.004496384598201706,0.004496384598201706
71,2,8.0,7.175000000000001,0.8249999999999993,주말_수면시간,2.874112549674659,0.28704512636200935,0.28704512636200935
71,3,8.0,7.258333333333333,0.7416666666666671,주말_수면시간,2.3496346945497675,0.3156519046926926,0.3156519046926926
71,4,0.0,5.1,-5.1,주말_수면시간,2.3294193545029174,-2.1893868058326946,2.1893868058326946
72,1,9.0,8.15,0.8499999999999996,주말_수면시간,1.8533408678309482,0.4586312290165999,0.4586312290165999
72,2,9.0,7.75,1.25,주말_수면시간,2.874112549674659,0.43491685812425696,0.43491685812425696
72,3,9.0,7.166666666666666,1.833333333333334,주말_수면시간,2.3496346945497675,0.7802631351954197,0.7802631351954197
72,4,9.0,9.566666666666666,-0.5666666666666664,주말_수면시간,2.3294193545029174,-0.2432652006480771,0.2432652006480771
73,1,5.0,5.558333333333334,-0.5583333333333336,주말_수면시간,1.8533408678309482,-0.3012577680795316,0.3012577680795316
73,2,7.0,6.083333333333333,0.916666666666667,주말_수면시간,2.874112549674659,0.31893902929112183,0.31893902929112183
73,3,6.0,7.066666666666666,-1.0666666666666664,주말_수면시간,2.3496346945497675,-0.45397127865915304,0.45397127865915304
73,4,8.0,7.275,0.7249999999999996,주말_수면시간,2.3294193545029174,0.31123635965268687,0.31123635965268687
74,1,8.0,9.75,-1.75,주말_수면시간,1.8533408678309482,-0.944240765622412,0.944240765622412
74,2,9.0,3.7666666666666666,5.233333333333333,주말_수면시간,2.874112549674659,1.8208519126802225,1.8208519126802225
74,3,9.0,7.366666666666667,1.6333333333333329,주말_수면시간,2.3496346945497675,0.695143520446828,0.695143520446828
74,4,8.0,5.916666666666667,2.083333333333333,주말_수면시간,2.3294193545029174,0.8943573553238131,0.8943573553238131
78,2,8.0,5.375,2.625,주말_수면시간,2.874112549674659,0.9133254020609396,0.9133254020609396
78,3,8.0,8.666666666666666,-0.6666666666666661,주말_수면시간,2.3496346945497675,-0.2837320491619705,0.2837320491619705
78,4,8.0,5.541666666666667,2.458333333333333,주말_수면시간,2.3294193545029174,1.0553416792820995,1.0553416792820995
79,1,8.0,7.85,0.15000000000000036,주말_수면시간,1.8533408678309482,0.0809349227676355,0.0809349227676355
79,2,7.0,6.85,0.15000000000000036,주말_수면시간,2.874112549674659,0.05219002297491095,0.05219002297491095
79,3,7.0,6.9833333333333325,0.016666666666667496,주말_수면시간,2.3496346945497675,0.007093301229049621,0.007093301229049621
82,2,8.0,5.8,2.2,주말_수면시간,2.874112549674659,0.7654536702986923,0.7654536702986923
82,3,7.0,6.641666666666667,0.3583333333333334,주말_수면시간,2.3496346945497675,0.1525059764245593,0.1525059764245593
84,1,10.0,8.891666666666667,1.1083333333333325,주말_수면시간,1.8533408678309482,0.5980191515608605,0.5980191515608605
84,2,10.0,8.791666666666668,1.2083333333333321,주말_수면시간,2.874112549674659,0.42041962952011463,0.42041962952011463
84,3,9.5,7.625,1.875,주말_수면시간,2.3496346945497675,0.7979963882680426,0.7979963882680426
84,4,14.0,11.916666666666668,2.083333333333332,주말_수면시간,2.3294193545029174,0.8943573553238128,0.8943573553238128
89,1,7.0,7.4,-0.40000000000000036,주말_수면시간,1.8533408678309482,-0.21582646071369435,0.21582646071369435
89,2,8.0,5.533333333333333,2.466666666666667,주말_수면시간,2.874112549674659,0.8582359333652004,0.8582359333652004
89,3,7.0,7.983333333333333,-0.9833333333333334,주말_수면시간,2.3496346945497675,-0.41850477251390683,0.41850477251390683
89,4,5.0,5.258333333333333,-0.25833333333333286,주말_수면시간,2.3294193545029174,-0.11090031206015263,0.11090031206015263
90,1,7.0,6.975,0.025000000000000355,주말_수면시간,1.8533408678309482,0.013489153794606077,0.013489153794606077
90,2,8.0,8.85,-0.8499999999999996,주말_수면시간,2.874112549674659,-0.2957434635244946,0.2957434635244946
90,3,8.0,3.875,4.125,주말_수면시간,2.3496346945497675,1.7555920541896939,1.7555920541896939
90,4,7.0,7.35,-0.34999999999999964,주말_수면시간,2.3294193545029174,-0.15025203569440046,0.15025203569440046
94,1,7.0,6.583333333333333,0.41666666666666696,주말_수면시간,1.8533408678309482,0.22481922991009826,0.22481922991009826
94,2,7.0,4.7333333333333325,2.2666666666666675,주말_수면시간,2.874112549674659,0.7886492360653196,0.7886492360653196
94,4,6.0,3.8,2.2,주말_수면시간,2.3294193545029174,0.9444413672219468,0.9444413672219468
